# This file uses centimeters as units for non-parametric coordinates.

mtllib Rat.mtl
g default
v -0.534092 8.009014 0.908384
v -0.548554 8.042709 0.898654
v -0.572581 8.069649 0.886983
v -0.603820 8.087195 0.874515
v -0.639214 8.093632 0.862470
v -0.675298 8.088327 0.852026
v -0.708539 8.071802 0.844207
v -0.735684 8.045673 0.839777
v -0.754076 8.012498 0.839171
v -0.761915 7.975524 0.842447
v -0.758433 7.938371 0.849284
v -0.743970 7.904675 0.859015
v -0.719943 7.877736 0.870685
v -0.688704 7.860189 0.883153
v -0.653311 7.853753 0.895199
v -0.617227 7.859057 0.905642
v -0.583986 7.875583 0.913462
v -0.556840 7.901712 0.917891
v -0.538448 7.934887 0.918498
v -0.530609 7.971861 0.915222
v -0.430126 8.046164 0.954639
v -0.458694 8.112725 0.935418
v -0.506156 8.165941 0.912365
v -0.567865 8.200603 0.887735
v -0.637781 8.213317 0.863941
v -0.709060 8.202839 0.843312
v -0.774725 8.170195 0.827866
v -0.828347 8.118580 0.819115
v -0.864678 8.053046 0.817917
v -0.880162 7.980009 0.824388
v -0.873283 7.906618 0.837896
v -0.844715 7.840056 0.857117
v -0.797253 7.786840 0.880170
v -0.735543 7.752179 0.904800
v -0.665628 7.739465 0.928594
v -0.594349 7.749943 0.949223
v -0.528684 7.782587 0.964669
v -0.475062 7.834202 0.973420
v -0.438731 7.899735 0.974618
v -0.423247 7.972773 0.968147
v -0.335095 8.083321 1.010602
v -0.377066 8.181109 0.982364
v -0.446795 8.259291 0.948495
v -0.537454 8.310214 0.912311
v -0.640171 8.328893 0.877354
v -0.744890 8.313499 0.847046
v -0.841360 8.265540 0.824353
v -0.920139 8.189710 0.811498
v -0.973515 8.093432 0.809737
v -0.996263 7.986130 0.819245
v -0.986157 7.878308 0.839089
v -0.944185 7.780519 0.867328
v -0.874457 7.702338 0.901197
v -0.783798 7.651415 0.937380
v -0.681081 7.632736 0.972337
v -0.576362 7.648129 1.002645
v -0.479892 7.696089 1.025338
v -0.401113 7.771919 1.038194
v -0.347737 7.868196 1.039954
v -0.324989 7.975499 1.030447
v -0.251339 8.119570 1.074895
v -0.305680 8.246177 1.038334
v -0.395958 8.347400 0.994484
v -0.513336 8.413330 0.947636
v -0.646324 8.437513 0.902377
v -0.781904 8.417583 0.863137
v -0.906805 8.355491 0.833757
v -1.008801 8.257313 0.817112
v -1.077907 8.132661 0.814833
v -1.107359 7.993736 0.827142
v -1.094275 7.854138 0.852835
v -1.039934 7.727531 0.889396
v -0.949656 7.626308 0.933246
v -0.832278 7.560378 0.980094
v -0.699290 7.536194 1.025353
v -0.563710 7.556125 1.064593
v -0.438809 7.618217 1.093973
v -0.336813 7.716395 1.110618
v -0.267707 7.841047 1.112897
v -0.238255 7.979971 1.100587
v -0.180921 8.154018 1.145934
v -0.246293 8.306327 1.101951
v -0.354897 8.428099 1.049199
v -0.496103 8.507413 0.992841
v -0.656088 8.536506 0.938394
v -0.819191 8.512529 0.891188
v -0.969447 8.437832 0.855844
v -1.092149 8.319724 0.835821
v -1.175284 8.169767 0.833079
v -1.210715 8.002641 0.847887
v -1.194974 7.834703 0.878795
v -1.129602 7.682395 0.922778
v -1.020997 7.560624 0.975530
v -0.879792 7.481309 1.031888
v -0.719807 7.452217 1.086335
v -0.556704 7.476192 1.133541
v -0.406447 7.550890 1.168885
v -0.283746 7.668998 1.188908
v -0.200611 7.818955 1.191650
v -0.165180 7.986082 1.176842
v -0.125574 8.185819 1.221970
v -0.200368 8.360078 1.171649
v -0.324625 8.499399 1.111293
v -0.486181 8.590144 1.046813
v -0.669223 8.623430 0.984519
v -0.855834 8.595999 0.930510
v -1.027745 8.510535 0.890072
v -1.168130 8.375405 0.867163
v -1.263247 8.203836 0.864026
v -1.303785 8.012624 0.880968
v -1.285775 7.820483 0.916331
v -1.210981 7.646223 0.966652
v -1.086725 7.506902 1.027007
v -0.925168 7.416157 1.091488
v -0.742126 7.382871 1.153781
v -0.555516 7.410302 1.207791
v -0.383604 7.495766 1.248229
v -0.243219 7.630896 1.271138
v -0.148102 7.802464 1.274275
v -0.107565 7.993678 1.257333
v -0.086661 8.214187 1.301131
v -0.169035 8.406107 1.245710
v -0.305885 8.559547 1.179238
v -0.483814 8.659489 1.108223
v -0.685407 8.696148 1.039616
v -0.890929 8.665936 0.980133
v -1.080263 8.571812 0.935597
v -1.234875 8.422987 0.910366
v -1.339632 8.234031 0.906911
v -1.384277 8.023439 0.925570
v -1.364443 7.811826 0.964517
v -1.282069 7.619906 1.019938
v -1.145219 7.466465 1.086410
v -0.967290 7.366524 1.157425
v -0.765697 7.329865 1.226032
v -0.560175 7.360076 1.285515
v -0.370841 7.454201 1.330052
v -0.216229 7.603025 1.355282
v -0.111473 7.791982 1.358737
v -0.066827 8.002574 1.340078
v -0.065141 8.238424 1.381468
v -0.153066 8.443279 1.322312
v -0.299139 8.607061 1.251360
v -0.489060 8.713738 1.175559
v -0.704239 8.752869 1.102328
v -0.923613 8.720621 1.038836
v -1.125707 8.620152 0.991298
v -1.290740 8.461297 0.964367
v -1.402556 8.259606 0.960680
v -1.450211 8.034822 0.980596
v -1.429039 7.808947 1.022167
v -1.341114 7.604092 1.081324
v -1.195041 7.440310 1.152276
v -1.005120 7.333633 1.228077
v -0.789941 7.294503 1.301308
v -0.570568 7.326751 1.364799
v -0.368474 7.427219 1.412338
v -0.203441 7.586074 1.439269
v -0.091625 7.787765 1.442956
v -0.043970 8.012549 1.423040
v -0.061543 8.257936 1.461003
v -0.152855 8.470680 1.399568
v -0.304554 8.640771 1.325883
v -0.501791 8.751556 1.247162
v -0.725258 8.792194 1.171111
v -0.953081 8.758704 1.105174
v -1.162959 8.654366 1.055804
v -1.334348 8.489392 1.027836
v -1.450471 8.279933 1.024007
v -1.499962 8.046490 1.044690
v -1.477975 7.811915 1.087863
v -1.386663 7.599170 1.149298
v -1.234964 7.429080 1.222983
v -1.037727 7.318294 1.301703
v -0.814260 7.277657 1.377754
v -0.586437 7.311147 1.443692
v -0.376559 7.415484 1.493061
v -0.205170 7.580458 1.521029
v -0.089047 7.789917 1.524859
v -0.039556 8.023360 1.504175
v -0.075956 8.272239 1.537777
v -0.168406 8.487636 1.475575
v -0.321996 8.659846 1.400972
v -0.521691 8.772013 1.321271
v -0.747944 8.813157 1.244271
v -0.978607 8.779250 1.177512
v -1.191101 8.673611 1.127527
v -1.364627 8.506581 1.099211
v -1.482198 8.294511 1.095333
v -1.532305 8.058158 1.116275
v -1.510044 7.820659 1.159985
v -1.417593 7.605262 1.222186
v -1.264004 7.433051 1.296789
v -1.064309 7.320885 1.376491
v -0.838056 7.279741 1.453490
v -0.607393 7.313648 1.520250
v -0.394899 7.419287 1.570234
v -0.221373 7.586317 1.598551
v -0.103803 7.798387 1.602429
v -0.053695 8.034739 1.581487
v -0.108025 8.280982 1.609899
v -0.199337 8.493728 1.548464
v -0.351036 8.663817 1.474779
v -0.548272 8.774604 1.396059
v -0.771739 8.815241 1.320007
v -0.999563 8.781752 1.254070
v -1.209441 8.677413 1.204701
v -1.380830 8.512440 1.176732
v -1.496953 8.302979 1.172903
v -1.546444 8.069537 1.193586
v -1.524457 7.834962 1.236759
v -1.433145 7.622217 1.298194
v -1.281446 7.452127 1.371879
v -1.084209 7.341341 1.450599
v -0.860742 7.300704 1.526651
v -0.632919 7.334193 1.592588
v -0.423041 7.438531 1.641957
v -0.251652 7.603505 1.669925
v -0.135529 7.812964 1.673755
v -0.086038 8.046408 1.653071
v -0.156960 8.283951 1.675594
v -0.244886 8.488806 1.616438
v -0.390958 8.652588 1.545486
v -0.580880 8.759265 1.469685
v -0.796059 8.798394 1.396454
v -1.015432 8.766147 1.332962
v -1.217526 8.665679 1.285424
v -1.382559 8.506824 1.258493
v -1.494375 8.305133 1.254806
v -1.542030 8.080348 1.274722
v -1.520859 7.854473 1.316293
v -1.432933 7.649618 1.375450
v -1.286861 7.485837 1.446402
v -1.096940 7.379159 1.522203
v -0.881761 7.340030 1.595433
v -0.662387 7.372277 1.658925
v -0.460293 7.472745 1.706464
v -0.295260 7.631600 1.733395
v -0.183444 7.833291 1.737082
v -0.135789 8.058076 1.717165
v -0.221557 8.281072 1.733245
v -0.303931 8.472992 1.677823
v -0.440780 8.626432 1.611352
v -0.618710 8.726374 1.540337
v -0.820303 8.763033 1.471730
v -1.025825 8.732821 1.412247
v -1.215159 8.638697 1.367710
v -1.369771 8.489872 1.342480
v -1.474527 8.300916 1.339025
v -1.519173 8.090324 1.357684
v -1.499339 7.878711 1.396630
v -1.416965 7.686791 1.452052
v -1.280115 7.533350 1.518524
v -1.102186 7.433409 1.589539
v -0.900593 7.396749 1.658145
v -0.695071 7.426961 1.717628
v -0.505737 7.521086 1.762165
v -0.351125 7.669910 1.787396
v -0.246369 7.858867 1.790850
v -0.201723 8.069458 1.772191
v -0.300225 8.272415 1.781431
v -0.375018 8.446674 1.731109
v -0.499275 8.585996 1.670754
v -0.660832 8.676741 1.606274
v -0.843874 8.710027 1.543980
v -1.030484 8.682595 1.489971
v -1.202396 8.597132 1.449533
v -1.342781 8.462002 1.426624
v -1.437898 8.290433 1.423487
v -1.478436 8.099219 1.440429
v -1.460426 7.907079 1.475792
v -1.385632 7.732819 1.526113
v -1.261375 7.593498 1.586468
v -1.099819 7.502753 1.650949
v -0.916777 7.469467 1.713242
v -0.730166 7.496899 1.767252
v -0.558255 7.582362 1.807690
v -0.417870 7.717492 1.830599
v -0.322753 7.889061 1.833736
v -0.282215 8.080274 1.816794
v -0.391026 8.258194 1.818967
v -0.456398 8.410502 1.774984
v -0.565003 8.532274 1.722232
v -0.706208 8.611588 1.665874
v -0.866193 8.640681 1.611427
v -1.029296 8.616705 1.564221
v -1.179553 8.542007 1.528877
v -1.302254 8.423900 1.508853
v -1.385389 8.273943 1.506112
v -1.420820 8.106816 1.520920
v -1.405079 7.938879 1.551828
v -1.339707 7.786570 1.595811
v -1.231102 7.664799 1.648563
v -1.089897 7.585485 1.704921
v -0.929912 7.556392 1.759367
v -0.766809 7.580368 1.806573
v -0.616553 7.655066 1.841918
v -0.493852 7.773174 1.861941
v -0.410717 7.923131 1.864683
v -0.375285 8.090257 1.849875
v -0.491725 8.238759 1.844927
v -0.546066 8.365367 1.808366
v -0.636344 8.466590 1.764516
v -0.753722 8.532519 1.717668
v -0.886710 8.556704 1.672409
v -1.022290 8.536773 1.633169
v -1.147191 8.474680 1.603788
v -1.249187 8.376503 1.587144
v -1.318293 8.251850 1.584865
v -1.347746 8.112926 1.597174
v -1.334661 7.973328 1.622867
v -1.280320 7.846720 1.659428
v -1.190042 7.745498 1.703278
v -1.072664 7.679567 1.750126
v -0.939676 7.655384 1.795385
v -0.804096 7.675314 1.834625
v -0.679195 7.737407 1.864005
v -0.577199 7.835585 1.880649
v -0.508093 7.960237 1.882928
v -0.478641 8.099161 1.870619
v -0.712717 8.186279 1.819301
v -0.741285 8.252841 1.800080
v -0.788747 8.306057 1.777026
v -0.850456 8.340718 1.752397
v -0.920372 8.353433 1.728603
v -0.991651 8.342955 1.707973
v -1.057315 8.310310 1.692527
v -1.110938 8.258696 1.683777
v -1.147269 8.193162 1.682578
v -1.162753 8.120125 1.689050
v -1.155874 8.046734 1.702557
v -1.127306 7.980172 1.721778
v -1.079844 7.926956 1.744832
v -1.018134 7.892295 1.769461
v -0.948219 7.879581 1.793255
v -0.876940 7.890059 1.813885
v -0.811275 7.922703 1.829331
v -0.757653 7.974318 1.838081
v -0.721322 8.039851 1.839280
v -0.705838 8.112888 1.832808
v -0.827567 8.154527 1.772338
v -0.842030 8.188222 1.762608
v -0.866057 8.215161 1.750937
v -0.897296 8.232708 1.738469
v -0.932689 8.239144 1.726424
v -0.968773 8.233840 1.715980
v -1.002015 8.217315 1.708161
v -1.029160 8.191186 1.703731
v -1.047552 8.158010 1.703125
v -1.055390 8.121037 1.706400
v -1.051908 8.083883 1.713238
v -1.037446 8.050188 1.722969
v -1.013419 8.023249 1.734639
v -0.982180 8.005702 1.747107
v -0.946786 7.999266 1.759153
v -0.910702 8.004570 1.769596
v -0.877461 8.021095 1.777415
v -0.850316 8.047224 1.781845
v -0.831923 8.080400 1.782452
v -0.824085 8.117373 1.779176
v -0.644433 7.972785 0.872975
v -0.941567 8.120111 1.736990
v 0.752585 8.013747 0.839171
v 0.735253 8.047488 0.839777
v 0.708948 8.074464 0.844207
v 0.676247 8.092034 0.852026
v 0.640349 8.098478 0.862469
v 0.604769 8.093166 0.874515
v 0.572990 8.076617 0.886983
v 0.548122 8.050452 0.898653
v 0.532600 8.017232 0.908383
v 0.527943 7.980207 0.915221
v 0.534607 7.943004 0.918497
v 0.551939 7.909263 0.917891
v 0.578243 7.882288 0.913461
v 0.610945 7.864717 0.905642
v 0.646842 7.858273 0.895198
v 0.682422 7.863585 0.883153
v 0.714201 7.880134 0.870685
v 0.739069 7.906300 0.859015
v 0.754591 7.939520 0.849284
v 0.759249 7.976544 0.842447
v 0.864416 8.050773 0.817917
v 0.830178 8.117424 0.819115
v 0.778217 8.170712 0.827865
v 0.713619 8.205419 0.843311
v 0.642708 8.218148 0.863941
v 0.572424 8.207655 0.887735
v 0.509648 8.174965 0.912364
v 0.460525 8.123279 0.935418
v 0.429863 8.057655 0.954639
v 0.420663 7.984519 0.968146
v 0.433826 7.911028 0.974617
v 0.468064 7.844377 0.973419
v 0.520025 7.791090 0.964669
v 0.584623 7.756382 0.949223
v 0.655534 7.743653 0.928593
v 0.725817 7.754146 0.904799
v 0.788593 7.786836 0.880170
v 0.837717 7.838522 0.857117
v 0.868379 7.904146 0.837896
v 0.877579 7.977282 0.824388
v 0.974477 8.087692 0.809738
v 0.924176 8.185612 0.811498
v 0.847838 8.263899 0.824353
v 0.752935 8.314889 0.847046
v 0.648756 8.333591 0.877354
v 0.545499 8.318174 0.912310
v 0.453273 8.270147 0.948494
v 0.381103 8.194213 0.982363
v 0.336056 8.097803 1.010602
v 0.322540 7.990355 1.030446
v 0.341879 7.882387 1.039953
v 0.392179 7.784466 1.038193
v 0.468517 7.706180 1.025337
v 0.563421 7.655190 1.002645
v 0.667600 7.636488 0.972337
v 0.770856 7.651905 0.937380
v 0.863083 7.699931 0.901197
v 0.935252 7.775866 0.867328
v 0.980300 7.872275 0.839089
v 0.993815 7.979723 0.819245
v 1.080059 8.123595 0.814834
v 1.014934 8.250373 0.817113
v 0.916099 8.351731 0.833757
v 0.793226 8.417748 0.863137
v 0.658345 8.441962 0.902377
v 0.524658 8.422003 0.947635
v 0.405251 8.359822 0.994483
v 0.311813 8.261509 1.038333
v 0.253490 8.136686 1.074894
v 0.235991 7.997572 1.100586
v 0.261029 7.857785 1.112895
v 0.326153 7.731007 1.110617
v 0.424989 7.629649 1.093972
v 0.547861 7.563632 1.064593
v 0.682742 7.539418 1.025353
v 0.816429 7.559378 0.980094
v 0.935836 7.621558 0.933247
v 1.029274 7.719871 0.889396
v 1.087597 7.844694 0.852836
v 1.105096 7.983808 0.827143
v 1.178561 8.157599 0.833080
v 1.100217 8.310113 0.835822
v 0.981317 8.432048 0.855844
v 0.833502 8.511466 0.891189
v 0.671239 8.540595 0.938394
v 0.510414 8.516583 0.992841
v 0.366767 8.441781 1.049198
v 0.254361 8.323510 1.101950
v 0.184198 8.173347 1.145933
v 0.163147 8.005994 1.176841
v 0.193267 7.837829 1.191649
v 0.271612 7.685315 1.188907
v 0.390511 7.563380 1.168884
v 0.538327 7.483962 1.133540
v 0.700589 7.454833 1.086335
v 0.861415 7.478845 1.031888
v 1.005062 7.553647 0.975531
v 1.117468 7.671918 0.922779
v 1.187631 7.822080 0.878796
v 1.208682 7.989434 0.847888
v 1.267560 8.188866 0.864027
v 1.177924 8.363361 0.867164
v 1.041888 8.502869 0.890072
v 0.872769 8.593734 0.930510
v 0.687121 8.627061 0.984519
v 0.503116 8.599588 1.046813
v 0.338767 8.514005 1.111292
v 0.210160 8.378688 1.171647
v 0.129886 8.206884 1.221969
v 0.105800 8.015410 1.257331
v 0.140262 7.823009 1.274274
v 0.229898 7.648514 1.271137
v 0.365934 7.509007 1.248228
v 0.535053 7.418142 1.207790
v 0.720701 7.384815 1.153781
v 0.904705 7.412288 1.091488
v 1.069055 7.497871 1.027008
v 1.197661 7.633187 0.966653
v 1.277936 7.804991 0.916332
v 1.302021 7.996465 0.880969
v 1.344862 8.216626 0.906912
v 1.246142 8.408805 0.910367
v 1.096320 8.562451 0.935597
v 0.910061 8.662525 0.980133
v 0.705599 8.699229 1.039616
v 0.502946 8.668973 1.108222
v 0.321941 8.574716 1.179237
v 0.180301 8.425686 1.245708
v 0.091891 8.236470 1.301130
v 0.065364 8.025592 1.340076
v 0.103319 7.813692 1.358735
v 0.202039 7.621513 1.355281
v 0.351861 7.467867 1.330051
v 0.538119 7.367793 1.285514
v 0.742582 7.331089 1.226032
v 0.945234 7.361345 1.157426
v 1.126239 7.455602 1.086411
v 1.267879 7.604632 1.019940
v 1.356290 7.793848 0.964518
v 1.382816 8.004726 0.925572
v 1.408565 8.240196 0.960681
v 1.303191 8.445327 0.964368
v 1.143272 8.609328 0.991299
v 0.944461 8.716146 1.038837
v 0.726218 8.755324 1.102328
v 0.509908 8.723029 1.175558
v 0.316703 8.622419 1.251359
v 0.165517 8.463346 1.322310
v 0.071149 8.261377 1.381467
v 0.042835 8.036286 1.423038
v 0.083347 7.810106 1.442955
v 0.188720 7.604975 1.439267
v 0.348640 7.440973 1.412337
v 0.547451 7.334156 1.364799
v 0.765693 7.294977 1.301308
v 0.982004 7.327273 1.228077
v 1.175208 7.427882 1.152277
v 1.326394 7.586956 1.081326
v 1.420763 7.788924 1.022169
v 1.449077 8.014015 0.980598
v 1.457099 8.258995 1.024008
v 1.347668 8.472028 1.027837
v 1.181589 8.642345 1.055805
v 0.975120 8.753278 1.105174
v 0.748471 8.793965 1.171111
v 0.523829 8.760426 1.247162
v 0.323183 8.655941 1.325882
v 0.166174 8.490740 1.399566
v 0.068170 8.280993 1.461001
v 0.038766 8.047232 1.504174
v 0.080839 7.812339 1.524858
v 0.190270 7.599307 1.521028
v 0.356349 7.428989 1.493060
v 0.562818 7.318057 1.443691
v 0.789467 7.277369 1.377755
v 1.014109 7.310909 1.301704
v 1.214755 7.415393 1.222984
v 1.371764 7.580595 1.149300
v 1.469767 7.790341 1.087864
v 1.499172 8.024102 1.044692
v 1.489271 8.272561 1.095335
v 1.378475 8.488248 1.099212
v 1.210326 8.660689 1.127528
v 1.001283 8.773005 1.177512
v 0.771810 8.814199 1.244271
v 0.544367 8.780241 1.321270
v 0.341220 8.674454 1.400971
v 0.182254 8.507194 1.475574
v 0.083029 8.294832 1.537775
v 0.053258 8.058158 1.581486
v 0.095855 7.820337 1.602427
v 0.206651 7.604650 1.598550
v 0.374800 7.432208 1.570233
v 0.583843 7.319893 1.520249
v 0.813316 7.278698 1.453490
v 1.040758 7.312657 1.376492
v 1.243905 7.418444 1.296790
v 1.402872 7.585704 1.222188
v 1.502097 7.798065 1.159987
v 1.531868 8.034739 1.116276
v 1.504288 8.280559 1.172904
v 1.394856 8.493590 1.176734
v 1.228777 8.663909 1.204702
v 1.022308 8.774841 1.254070
v 0.795659 8.815529 1.320007
v 0.571017 8.781988 1.396058
v 0.370371 8.677505 1.474778
v 0.213362 8.512303 1.548462
v 0.115358 8.302556 1.609897
v 0.085954 8.068795 1.653070
v 0.128027 7.833902 1.673754
v 0.237459 7.620870 1.669924
v 0.403537 7.450552 1.641956
v 0.610006 7.339620 1.592588
v 0.836655 7.298933 1.526651
v 1.061297 7.332473 1.450600
v 1.261943 7.436957 1.371880
v 1.418952 7.602158 1.298196
v 1.516956 7.811904 1.236761
v 1.546360 8.045666 1.193588
v 1.501779 8.282792 1.254807
v 1.396406 8.487923 1.258494
v 1.236486 8.651924 1.285425
v 1.037675 8.758742 1.332963
v 0.819432 8.797920 1.396454
v 0.603122 8.765625 1.469684
v 0.409918 8.665015 1.545485
v 0.258732 8.505941 1.616436
v 0.164363 8.303973 1.675593
v 0.136049 8.078882 1.717164
v 0.176562 7.852701 1.737081
v 0.281935 7.647571 1.733393
v 0.441854 7.483569 1.706463
v 0.640665 7.376751 1.658925
v 0.858908 7.337573 1.595434
v 1.075218 7.369869 1.522204
v 1.268422 7.470478 1.446403
v 1.419608 7.629552 1.375452
v 1.513977 7.831520 1.316295
v 1.542291 8.056611 1.274724
v 1.481807 8.279205 1.339026
v 1.383087 8.471385 1.342481
v 1.233265 8.625031 1.367711
v 1.047007 8.725104 1.412247
v 0.842544 8.761809 1.471730
v 0.639892 8.731552 1.540336
v 0.458886 8.637296 1.611351
v 0.317246 8.488265 1.677822
v 0.228836 8.299050 1.733244
v 0.202310 8.088171 1.772190
v 0.240264 7.876271 1.790849
v 0.338984 7.684092 1.787395
v 0.488806 7.530446 1.762164
v 0.675065 7.430373 1.717628
v 0.879527 7.393668 1.658146
v 1.082179 7.423925 1.589539
v 1.263185 7.518182 1.518525
v 1.404825 7.667212 1.452053
v 1.493235 7.856427 1.396632
v 1.519761 8.067306 1.357686
v 1.444864 8.269888 1.423488
v 1.355228 8.444383 1.426625
v 1.219193 8.583891 1.449533
v 1.050073 8.674756 1.489971
v 0.864425 8.708083 1.543980
v 0.680421 8.680610 1.606274
v 0.516071 8.595027 1.670754
v 0.387465 8.459710 1.731108
v 0.307190 8.287907 1.781430
v 0.283105 8.096433 1.816793
v 0.317567 7.904031 1.833735
v 0.407202 7.729537 1.830598
v 0.543238 7.590029 1.807689
v 0.712357 7.499164 1.767251
v 0.898005 7.465837 1.713243
v 1.082009 7.493309 1.650949
v 1.246359 7.578893 1.586469
v 1.374965 7.714209 1.526115
v 1.455240 7.886013 1.475793
v 1.479326 8.077487 1.440430
v 1.391859 8.255069 1.506113
v 1.313514 8.407583 1.508855
v 1.194615 8.529517 1.528877
v 1.046799 8.608936 1.564222
v 0.884537 8.638065 1.611427
v 0.723711 8.614053 1.665874
v 0.580064 8.539250 1.722231
v 0.467658 8.420979 1.774983
v 0.397495 8.270818 1.818966
v 0.376444 8.103463 1.849874
v 0.406565 7.935298 1.864682
v 0.484909 7.782784 1.861940
v 0.603809 7.660850 1.841917
v 0.751624 7.581431 1.806573
v 0.913886 7.552302 1.759368
v 1.074712 7.576314 1.704921
v 1.218359 7.651117 1.648564
v 1.330765 7.769388 1.595812
v 1.400928 7.919550 1.551829
v 1.421979 8.086904 1.520921
v 1.324097 8.235113 1.584866
v 1.258973 8.361891 1.587145
v 1.160137 8.463249 1.603789
v 1.037265 8.529266 1.633169
v 0.902384 8.553480 1.672409
v 0.768696 8.533520 1.717668
v 0.649290 8.471340 1.764515
v 0.555851 8.373027 1.808365
v 0.497528 8.248203 1.844926
v 0.480029 8.109090 1.870619
v 0.505067 7.969302 1.882928
v 0.570192 7.842524 1.880649
v 0.669027 7.741166 1.864005
v 0.791899 7.675149 1.834625
v 0.926781 7.650935 1.795385
v 1.060468 7.670895 1.750126
v 1.179875 7.733075 1.703279
v 1.273313 7.831388 1.659429
v 1.331636 7.956211 1.622868
v 1.349135 8.095325 1.597175
v 1.151300 8.181870 1.682579
v 1.117062 8.248521 1.683777
v 1.065101 8.301807 1.692528
v 1.000503 8.336515 1.707973
v 0.929592 8.349245 1.728603
v 0.859308 8.338751 1.752397
v 0.796533 8.306062 1.777026
v 0.747409 8.254375 1.800080
v 0.716747 8.188752 1.819301
v 0.707547 8.115615 1.832808
v 0.720711 8.042125 1.839279
v 0.754948 7.975473 1.838081
v 0.806909 7.922186 1.829331
v 0.871507 7.887479 1.813885
v 0.942418 7.874749 1.793255
v 1.012702 7.885243 1.769462
v 1.075478 7.917933 1.744832
v 1.124601 7.969619 1.721779
v 1.155263 8.035242 1.702558
v 1.164463 8.108378 1.689051
v 1.050519 8.149894 1.703125
v 1.033187 8.183635 1.703732
v 1.006883 8.210610 1.708161
v 0.974181 8.228180 1.715981
v 0.938284 8.234624 1.726424
v 0.902704 8.229312 1.738469
v 0.870925 8.212764 1.750937
v 0.846057 8.186598 1.762608
v 0.830534 8.153378 1.772338
v 0.825877 8.116353 1.779176
v 0.832541 8.079150 1.782452
v 0.849873 8.045409 1.781845
v 0.876178 8.018434 1.777416
v 0.908879 8.000863 1.769596
v 0.944777 7.994419 1.759153
v 0.980356 7.999731 1.747108
v 1.012136 8.016280 1.734640
v 1.037003 8.042445 1.722969
v 1.052526 8.075665 1.713239
v 1.057183 8.112690 1.706401
v 0.641739 7.977527 0.872975
v 0.943387 8.115370 1.736990
v -0.589032 8.217007 1.857298
v -0.610679 8.211872 1.858788
v -0.632241 8.317677 1.828228
v -0.651364 8.306663 1.831414
v -0.704024 8.398162 1.793361
v -0.718954 8.382448 1.798584
v -0.797355 8.450585 1.756110
v -0.806835 8.431809 1.763509
v -0.903098 8.469814 1.720123
v -0.906402 8.449915 1.729624
v -1.010903 8.453967 1.688922
v -1.007911 8.434994 1.700245
v -1.110216 8.404595 1.665561
v -1.101424 8.388505 1.678248
v -1.191316 8.326530 1.652326
v -1.177788 8.315000 1.665786
v -1.246265 8.227416 1.650514
v -1.229528 8.221673 1.664080
v -1.269684 8.116952 1.660302
v -1.251579 8.117661 1.673296
v -1.259280 8.005952 1.680731
v -1.241782 8.013144 1.692532
v -1.216071 7.905282 1.709802
v -1.201097 7.918353 1.719905
v -1.144288 7.824797 1.744669
v -1.133506 7.842568 1.752735
v -1.050957 7.772373 1.781919
v -1.045626 7.793207 1.787810
v -0.945214 7.753144 1.817906
v -0.946059 7.775101 1.821695
v -0.837409 7.768991 1.849107
v -0.844550 7.790022 1.851074
v -0.738096 7.818363 1.872468
v -0.751037 7.836511 1.873071
v -0.656996 7.896428 1.885703
v -0.674673 7.910016 1.885533
v -0.602047 7.995543 1.887515
v -0.622933 8.003343 1.887239
v -0.578628 8.106007 1.877727
v -0.600882 8.107355 1.878023
v 1.251331 8.212971 1.650515
v 1.234420 8.207762 1.664081
v 1.199549 8.313776 1.652327
v 1.185662 8.302679 1.665787
v 1.120961 8.394370 1.665562
v 1.111664 8.378567 1.678249
v 1.023261 8.446863 1.688923
v 1.019670 8.427994 1.700245
v 0.916012 8.466115 1.720124
v 0.918685 8.446121 1.729624
v 0.809713 8.450245 1.756110
v 0.818593 8.431178 1.763509
v 0.714768 8.400803 1.793360
v 0.729194 8.384624 1.798584
v 0.640472 8.322631 1.828227
v 0.659237 8.311017 1.831414
v 0.594098 8.223380 1.857298
v 0.615571 8.217563 1.858787
v 0.580184 8.112766 1.877727
v 0.602469 8.113409 1.878023
v 0.600092 8.001616 1.887514
v 0.621215 8.008749 1.887239
v 0.651875 7.900810 1.885702
v 0.669974 7.913832 1.885533
v 0.730462 7.820217 1.872468
v 0.743971 7.837945 1.873071
v 0.828162 7.767724 1.849107
v 0.835965 7.788518 1.851075
v 0.935411 7.748471 1.817906
v 0.936951 7.770390 1.821696
v 1.041710 7.764342 1.781919
v 1.037042 7.785333 1.787811
v 1.136655 7.813783 1.744669
v 1.126441 7.831887 1.752736
v 1.210951 7.891955 1.709803
v 1.196398 7.905494 1.719906
v 1.257326 7.991206 1.680732
v 1.240065 7.998949 1.692533
v 1.271240 8.101821 1.660303
v 1.253166 8.103103 1.673297
vt 0.716893 0.450655
vt 0.708720 0.469317
vt 0.759503 0.508096
vt 0.775648 0.471230
vt 0.695142 0.484238
vt 0.732681 0.537570
vt 0.677487 0.493956
vt 0.697807 0.556767
vt 0.657485 0.497521
vt 0.658295 0.563809
vt 0.637093 0.494583
vt 0.618013 0.558005
vt 0.618307 0.485430
vt 0.580903 0.539925
vt 0.602966 0.470959
vt 0.550600 0.511338
vt 0.592572 0.452584
vt 0.530067 0.475042
vt 0.588142 0.432106
vt 0.521317 0.434591
vt 0.590110 0.411529
vt 0.525204 0.393943
vt 0.598284 0.392867
vt 0.541350 0.357078
vt 0.611862 0.377946
vt 0.568172 0.327604
vt 0.629516 0.368228
vt 0.603046 0.308407
vt 0.649519 0.364663
vt 0.642558 0.301365
vt 0.669911 0.367601
vt 0.682840 0.307168
vt 0.688697 0.376754
vt 0.719949 0.325248
vt 0.704037 0.391225
vt 0.750253 0.353835
vt 0.714431 0.409600
vt 0.770785 0.390131
vt 0.718861 0.430077
vt 0.779536 0.430583
vt 0.805634 0.545970
vt 0.829353 0.491810
vt 0.766228 0.589271
vt 0.714993 0.617475
vt 0.656944 0.627820
vt 0.597764 0.619295
vt 0.543245 0.592732
vt 0.498725 0.550734
vt 0.468560 0.497410
vt 0.455704 0.437981
vt 0.461416 0.378263
vt 0.485135 0.324103
vt 0.524541 0.280802
vt 0.575776 0.252598
vt 0.633825 0.242253
vt 0.693005 0.250778
vt 0.747524 0.277340
vt 0.792044 0.319339
vt 0.822209 0.372663
vt 0.835065 0.432092
vt 0.845977 0.582008
vt 0.876687 0.511886
vt 0.794958 0.638071
vt 0.728623 0.674586
vt 0.653467 0.687980
vt 0.576846 0.676942
vt 0.506260 0.642552
vt 0.448619 0.588176
vt 0.409564 0.519137
vt 0.392920 0.442193
vt 0.400315 0.364877
vt 0.431025 0.294755
vt 0.482044 0.238693
vt 0.548378 0.202177
vt 0.623534 0.188783
vt 0.700155 0.199821
vt 0.770741 0.234212
vt 0.828382 0.288587
vt 0.867437 0.357626
vt 0.884081 0.434569
vt 0.879538 0.615322
vt 0.916482 0.530966
vt 0.818162 0.682766
vt 0.738362 0.726694
vt 0.647949 0.742807
vt 0.555774 0.729528
vt 0.470859 0.688157
vt 0.401516 0.622742
vt 0.354534 0.539688
vt 0.334510 0.447125
vt 0.343406 0.354113
vt 0.380350 0.269756
vt 0.441726 0.202313
vt 0.521526 0.158385
vt 0.611939 0.142272
vt 0.704114 0.155551
vt 0.789030 0.196922
vt 0.858372 0.262336
vt 0.905355 0.345390
vt 0.925378 0.437954
vt 0.905492 0.645092
vt 0.947761 0.548579
vt 0.835271 0.722256
vt 0.743969 0.772515
vt 0.640526 0.790951
vt 0.535066 0.775758
vt 0.437913 0.728424
vt 0.358576 0.653581
vt 0.304822 0.558558
vt 0.281913 0.452654
vt 0.292091 0.346237
vt 0.334360 0.249722
vt 0.404581 0.172559
vt 0.495883 0.122300
vt 0.599326 0.103864
vt 0.704786 0.119057
vt 0.801939 0.166391
vt 0.881276 0.241233
vt 0.935029 0.336257
vt 0.957938 0.442161
vt 0.923200 0.670586
vt 0.969752 0.564290
vt 0.845861 0.755569
vt 0.745307 0.810922
vt 0.631380 0.831226
vt 0.515232 0.814493
vt 0.408233 0.762362
vt 0.320856 0.679935
vt 0.261655 0.575281
vt 0.236424 0.458645
vt 0.247633 0.341442
vt 0.294186 0.235147
vt 0.371524 0.150163
vt 0.472078 0.094810
vt 0.586005 0.074506
vt 0.702153 0.091239
vt 0.809152 0.143370
vt 0.896529 0.225797
vt 0.955730 0.330451
vt 0.980961 0.447088
vt 0.932224 0.691173
vt 0.981914 0.577714
vt 0.849673 0.781885
vt 0.742342 0.840968
vt 0.620737 0.862641
vt 0.496761 0.844780
vt 0.382551 0.789135
vt 0.289285 0.701153
vt 0.226094 0.589446
vt 0.199163 0.464948
vt 0.211127 0.339847
vt 0.260817 0.226388
vt 0.343368 0.135677
vt 0.450699 0.076594
vt 0.572304 0.054922
vt 0.696279 0.072782
vt 0.810490 0.128427
vt 0.903756 0.216409
vt 0.966947 0.328116
vt 0.993878 0.452613
vt 0.932343 0.706350
vt 0.983947 0.588521
vt 0.846613 0.800555
vt 0.735148 0.861914
vt 0.608859 0.884421
vt 0.480108 0.865873
vt 0.361499 0.808085
vt 0.264641 0.716713
vt 0.199015 0.600704
vt 0.171047 0.471411
vt 0.183472 0.341491
vt 0.235076 0.223662
vt 0.320806 0.129457
vt 0.432271 0.068098
vt 0.558560 0.045591
vt 0.687311 0.064140
vt 0.805920 0.121927
vt 0.902778 0.213298
vt 0.968404 0.329308
vt 0.996372 0.458601
vt 0.923555 0.715740
vt 0.975802 0.596443
vt 0.836756 0.811120
vt 0.723901 0.873243
vt 0.596038 0.896031
vt 0.465682 0.877252
vt 0.345594 0.818743
vt 0.247529 0.726234
vt 0.181086 0.608778
vt 0.152769 0.477873
vt 0.165349 0.346334
vt 0.217596 0.227036
vt 0.304395 0.131657
vt 0.417249 0.069533
vt 0.545112 0.046745
vt 0.675468 0.065525
vt 0.795556 0.124033
vt 0.893621 0.216543
vt 0.960065 0.333999
vt 0.988382 0.464903
vt 0.906075 0.719114
vt 0.957678 0.601285
vt 0.820344 0.813319
vt 0.708879 0.874678
vt 0.582590 0.897185
vt 0.453840 0.878637
vt 0.335230 0.820849
vt 0.238372 0.729478
vt 0.172747 0.613468
vt 0.144778 0.484176
vt 0.157204 0.354256
vt 0.208807 0.236427
vt 0.294538 0.142222
vt 0.406003 0.080863
vt 0.532292 0.058356
vt 0.661042 0.076904
vt 0.779652 0.134692
vt 0.876510 0.226063
vt 0.942135 0.342072
vt 0.970104 0.471366
vt 0.880334 0.716388
vt 0.930023 0.602929
vt 0.797783 0.807100
vt 0.690452 0.866183
vt 0.568847 0.887855
vt 0.444871 0.869995
vt 0.330661 0.814350
vt 0.237395 0.726368
vt 0.174204 0.614661
vt 0.147272 0.490163
vt 0.159237 0.365062
vt 0.208927 0.251603
vt 0.291478 0.160892
vt 0.398809 0.101809
vt 0.520414 0.080137
vt 0.644389 0.097997
vt 0.758600 0.153642
vt 0.851865 0.241623
vt 0.915057 0.353330
vt 0.941988 0.477828
vt 0.846965 0.707630
vt 0.893517 0.601335
vt 0.769627 0.792614
vt 0.669073 0.847966
vt 0.555146 0.868270
vt 0.438998 0.851537
vt 0.331999 0.799406
vt 0.244622 0.716979
vt 0.185421 0.612325
vt 0.160190 0.495689
vt 0.171399 0.378486
vt 0.217951 0.272191
vt 0.295290 0.187208
vt 0.395844 0.131855
vt 0.509771 0.111551
vt 0.625918 0.128284
vt 0.732917 0.180415
vt 0.820294 0.262842
vt 0.879496 0.367496
vt 0.904727 0.484132
vt 0.806791 0.693054
vt 0.849060 0.596540
vt 0.736569 0.770217
vt 0.645268 0.820477
vt 0.541825 0.838912
vt 0.436365 0.823719
vt 0.339211 0.776385
vt 0.259875 0.701543
vt 0.206121 0.606519
vt 0.183212 0.500615
vt 0.193390 0.394198
vt 0.235658 0.297684
vt 0.305880 0.220520
vt 0.397181 0.170261
vt 0.500625 0.151826
vt 0.606085 0.167019
vt 0.703238 0.214353
vt 0.782574 0.289195
vt 0.836328 0.384219
vt 0.859237 0.490122
vt 0.760801 0.673020
vt 0.797745 0.588664
vt 0.699425 0.740464
vt 0.619624 0.784392
vt 0.529211 0.800505
vt 0.437036 0.787226
vt 0.352121 0.745854
vt 0.282778 0.680440
vt 0.235796 0.597386
vt 0.215772 0.504823
vt 0.224668 0.411810
vt 0.261612 0.327454
vt 0.322988 0.260011
vt 0.402789 0.216082
vt 0.493201 0.199970
vt 0.585377 0.213249
vt 0.670292 0.254620
vt 0.739634 0.320034
vt 0.786617 0.403088
vt 0.806640 0.495651
vt 0.710126 0.648022
vt 0.740836 0.577900
vt 0.659107 0.704084
vt 0.592773 0.740599
vt 0.517617 0.753994
vt 0.440996 0.742955
vt 0.370410 0.708565
vt 0.312768 0.654189
vt 0.273714 0.585150
vt 0.257069 0.508206
vt 0.264464 0.430890
vt 0.295174 0.360768
vt 0.346193 0.304706
vt 0.412527 0.268190
vt 0.487683 0.254796
vt 0.564304 0.265834
vt 0.634890 0.300225
vt 0.692532 0.354601
vt 0.731586 0.423640
vt 0.748231 0.500583
vt 0.615946 0.548834
vt 0.599801 0.585699
vt 0.542867 0.549910
vt 0.551040 0.531247
vt 0.572979 0.615173
vt 0.529289 0.564830
vt 0.538105 0.634370
vt 0.511634 0.574548
vt 0.498593 0.641412
vt 0.491632 0.578113
vt 0.458311 0.635609
vt 0.471240 0.575175
vt 0.421201 0.617529
vt 0.452454 0.566023
vt 0.390898 0.588942
vt 0.437113 0.551551
vt 0.370365 0.552646
vt 0.426719 0.533177
vt 0.361615 0.512194
vt 0.422289 0.512699
vt 0.365503 0.471546
vt 0.424257 0.492122
vt 0.381648 0.434681
vt 0.432431 0.473459
vt 0.408470 0.405207
vt 0.446009 0.458539
vt 0.443344 0.386010
vt 0.463663 0.448821
vt 0.482856 0.378968
vt 0.483665 0.445256
vt 0.523138 0.384771
vt 0.504058 0.448194
vt 0.560247 0.402851
vt 0.522843 0.457346
vt 0.590551 0.431439
vt 0.538184 0.471818
vt 0.611083 0.467734
vt 0.548578 0.490192
vt 0.619834 0.508186
vt 0.553008 0.510670
vt 0.654536 0.430589
vt 0.486615 0.512186
vt 0.412740 0.460335
vt 0.402949 0.479016
vt 0.456569 0.517736
vt 0.475909 0.480834
vt 0.388091 0.493951
vt 0.427218 0.547238
vt 0.369618 0.503679
vt 0.390729 0.566453
vt 0.349341 0.507247
vt 0.350673 0.573501
vt 0.329243 0.504306
vt 0.310972 0.567692
vt 0.311292 0.495143
vt 0.275512 0.549593
vt 0.297245 0.480657
vt 0.247764 0.520977
vt 0.288477 0.462265
vt 0.230444 0.484645
vt 0.285846 0.441767
vt 0.225247 0.444153
vt 0.289610 0.421169
vt 0.232682 0.403466
vt 0.299401 0.402489
vt 0.252022 0.366565
vt 0.314259 0.387554
vt 0.281373 0.337062
vt 0.332731 0.377826
vt 0.317863 0.317847
vt 0.353009 0.374258
vt 0.357918 0.310799
vt 0.373107 0.377199
vt 0.397619 0.316609
vt 0.391058 0.386361
vt 0.433080 0.334707
vt 0.405105 0.400848
vt 0.460828 0.363323
vt 0.413873 0.419240
vt 0.478148 0.399655
vt 0.416504 0.439738
vt 0.483345 0.440147
vt 0.509666 0.555488
vt 0.538080 0.501275
vt 0.466545 0.598831
vt 0.412937 0.627061
vt 0.354090 0.637415
vt 0.295763 0.628880
vt 0.243667 0.602290
vt 0.202901 0.560250
vt 0.177455 0.506873
vt 0.169820 0.447385
vt 0.180744 0.387608
vt 0.209157 0.333395
vt 0.252278 0.290053
vt 0.305886 0.261822
vt 0.364734 0.251468
vt 0.423060 0.260003
vt 0.475157 0.286593
vt 0.515923 0.328633
vt 0.541369 0.382010
vt 0.549003 0.441499
vt 0.560933 0.591342
vt 0.597719 0.521152
vt 0.505103 0.647459
vt 0.435697 0.684009
vt 0.359506 0.697414
vt 0.283991 0.686364
vt 0.216541 0.651938
vt 0.163761 0.597508
vt 0.130816 0.528400
vt 0.120931 0.451380
vt 0.135075 0.373988
vt 0.171861 0.303798
vt 0.227690 0.247681
vt 0.297097 0.211131
vt 0.373288 0.197726
vt 0.448803 0.208776
vt 0.516253 0.243202
vt 0.569033 0.297633
vt 0.601978 0.366740
vt 0.611862 0.443760
vt 0.609106 0.624417
vt 0.653361 0.539979
vt 0.541944 0.691926
vt 0.458447 0.735895
vt 0.366790 0.752022
vt 0.275944 0.738728
vt 0.194803 0.697314
vt 0.131308 0.631834
vt 0.091675 0.548698
vt 0.079784 0.456043
vt 0.096798 0.362939
vt 0.141053 0.278501
vt 0.208215 0.210992
vt 0.291712 0.167023
vt 0.383369 0.150895
vt 0.474214 0.164189
vt 0.555356 0.205603
vt 0.618851 0.271084
vt 0.658484 0.354220
vt 0.670375 0.446875
vt 0.653001 0.653898
vt 0.703633 0.557289
vt 0.576158 0.731135
vt 0.480628 0.781442
vt 0.375761 0.799894
vt 0.271822 0.784683
vt 0.178986 0.737300
vt 0.106340 0.662383
vt 0.060996 0.567265
vt 0.047391 0.461257
vt 0.066857 0.354735
vt 0.117490 0.258126
vt 0.194332 0.180889
vt 0.289862 0.130582
vt 0.394729 0.112130
vt 0.498668 0.127341
vt 0.591504 0.174723
vt 0.664150 0.249641
vt 0.709494 0.344759
vt 0.723099 0.450767
vt 0.691535 0.679057
vt 0.747299 0.572659
vt 0.606905 0.764123
vt 0.501693 0.819528
vt 0.386199 0.839849
vt 0.271726 0.823098
vt 0.169482 0.770913
vt 0.089474 0.688403
vt 0.039533 0.583645
vt 0.024550 0.466893
vt 0.045989 0.349576
vt 0.101753 0.243177
vt 0.186383 0.158112
vt 0.291594 0.102706
vt 0.407089 0.082385
vt 0.521561 0.099137
vt 0.623806 0.151321
vt 0.703814 0.233831
vt 0.753754 0.338589
vt 0.768738 0.455341
vt 0.723760 0.699278
vt 0.783283 0.585708
vt 0.633427 0.790076
vt 0.521124 0.849215
vt 0.397846 0.870906
vt 0.275659 0.853026
vt 0.166523 0.797324
vt 0.081123 0.709253
vt 0.027817 0.597435
vt 0.011823 0.472814
vt 0.034707 0.347591
vt 0.094230 0.234021
vt 0.184563 0.143222
vt 0.296866 0.084083
vt 0.420144 0.062392
vt 0.542331 0.080273
vt 0.651466 0.135974
vt 0.736867 0.224045
vt 0.790173 0.335863
vt 0.806166 0.460484
vt 0.748884 0.714060
vt 0.810698 0.596116
vt 0.655071 0.808356
vt 0.538443 0.869773
vt 0.410416 0.892299
vt 0.283522 0.873730
vt 0.170183 0.815883
vt 0.081494 0.724420
vt 0.026134 0.608295
vt 0.009525 0.478874
vt 0.033290 0.348827
vt 0.095105 0.230883
vt 0.188918 0.136587
vt 0.305546 0.075170
vt 0.433573 0.052644
vt 0.560466 0.071213
vt 0.673805 0.129060
vt 0.762495 0.220523
vt 0.817854 0.336648
vt 0.834464 0.466068
vt 0.766286 0.723040
vt 0.828871 0.603626
vt 0.671304 0.818512
vt 0.553222 0.880695
vt 0.423599 0.903502
vt 0.295124 0.884701
vt 0.180372 0.826132
vt 0.090577 0.733530
vt 0.034528 0.615957
vt 0.017711 0.484923
vt 0.041773 0.353255
vt 0.104358 0.233841
vt 0.199340 0.138369
vt 0.317422 0.076187
vt 0.447045 0.053380
vt 0.575520 0.072180
vt 0.690272 0.130749
vt 0.780067 0.223352
vt 0.836116 0.340924
vt 0.852933 0.471958
vt 0.775539 0.725998
vt 0.837354 0.608054
vt 0.681726 0.820294
vt 0.565098 0.881711
vt 0.437071 0.904238
vt 0.310177 0.885668
vt 0.196839 0.827821
vt 0.108149 0.736359
vt 0.052790 0.620233
vt 0.036180 0.490812
vt 0.059946 0.360766
vt 0.121760 0.242821
vt 0.215573 0.148526
vt 0.332201 0.087108
vt 0.460228 0.064582
vt 0.587121 0.083152
vt 0.700460 0.140999
vt 0.789150 0.232461
vt 0.844509 0.348586
vt 0.861119 0.478007
vt 0.776414 0.722860
vt 0.835936 0.609291
vt 0.686081 0.813659
vt 0.573778 0.872798
vt 0.450500 0.894489
vt 0.328313 0.876609
vt 0.219177 0.820907
vt 0.133777 0.732836
vt 0.080471 0.621018
vt 0.064477 0.496397
vt 0.087361 0.371173
vt 0.146884 0.257604
vt 0.237217 0.166805
vt 0.349520 0.107666
vt 0.472798 0.085975
vt 0.594985 0.103856
vt 0.704120 0.159557
vt 0.789521 0.247628
vt 0.842827 0.359446
vt 0.858820 0.484067
vt 0.768891 0.713704
vt 0.824655 0.607305
vt 0.684261 0.798770
vt 0.579050 0.854175
vt 0.463555 0.874496
vt 0.349083 0.857745
vt 0.246838 0.805560
vt 0.166830 0.723050
vt 0.116890 0.618292
vt 0.101906 0.501540
vt 0.123345 0.384223
vt 0.179109 0.277824
vt 0.263739 0.192759
vt 0.368951 0.137353
vt 0.484445 0.117032
vt 0.598917 0.133784
vt 0.701162 0.185968
vt 0.781170 0.268478
vt 0.831110 0.373236
vt 0.846094 0.489988
vt 0.753154 0.698754
vt 0.803787 0.602147
vt 0.676312 0.775993
vt 0.580782 0.826300
vt 0.475915 0.844751
vt 0.371976 0.829540
vt 0.279140 0.782158
vt 0.206494 0.707241
vt 0.161149 0.612123
vt 0.147544 0.506114
vt 0.167011 0.399592
vt 0.217643 0.302984
vt 0.294486 0.225746
vt 0.390016 0.175439
vt 0.494883 0.156988
vt 0.598821 0.172198
vt 0.691657 0.219581
vt 0.764303 0.294498
vt 0.809648 0.389616
vt 0.823253 0.495625
vt 0.729591 0.678381
vt 0.773846 0.593942
vt 0.662429 0.745889
vt 0.578932 0.789859
vt 0.487275 0.805986
vt 0.396429 0.792691
vt 0.315288 0.751278
vt 0.251793 0.685798
vt 0.212160 0.602661
vt 0.200269 0.510006
vt 0.217283 0.416903
vt 0.261538 0.332464
vt 0.328700 0.264956
vt 0.412197 0.220986
vt 0.503854 0.204859
vt 0.594699 0.218153
vt 0.675841 0.259567
vt 0.739336 0.325047
vt 0.778969 0.408184
vt 0.790860 0.500838
vt 0.698783 0.653084
vt 0.735569 0.582894
vt 0.642953 0.709200
vt 0.573546 0.745750
vt 0.497356 0.759156
vt 0.421840 0.748105
vt 0.354391 0.713680
vt 0.301611 0.659249
vt 0.268666 0.590141
vt 0.258781 0.513122
vt 0.272924 0.435729
vt 0.309711 0.365539
vt 0.365540 0.309422
vt 0.434947 0.272873
vt 0.511137 0.259466
vt 0.586653 0.270517
vt 0.654102 0.304943
vt 0.706883 0.359374
vt 0.739828 0.428481
vt 0.749712 0.505500
vt 0.637961 0.553416
vt 0.618621 0.590317
vt 0.571243 0.554393
vt 0.581034 0.535713
vt 0.589270 0.619819
vt 0.556385 0.569328
vt 0.552781 0.639035
vt 0.537912 0.579055
vt 0.512725 0.646082
vt 0.517635 0.582623
vt 0.473024 0.640272
vt 0.497537 0.579682
vt 0.437564 0.622174
vt 0.479586 0.570520
vt 0.409816 0.593558
vt 0.465539 0.556033
vt 0.392496 0.557226
vt 0.456771 0.537641
vt 0.387299 0.516734
vt 0.454140 0.517143
vt 0.394735 0.476047
vt 0.457904 0.496546
vt 0.414075 0.439145
vt 0.467695 0.477865
vt 0.443426 0.409644
vt 0.482553 0.462930
vt 0.479915 0.390428
vt 0.501025 0.453202
vt 0.519971 0.383380
vt 0.521303 0.449635
vt 0.559672 0.389190
vt 0.541401 0.452576
vt 0.595132 0.407288
vt 0.559352 0.461738
vt 0.622880 0.435904
vt 0.573399 0.476224
vt 0.640200 0.472236
vt 0.582167 0.494617
vt 0.645397 0.512728
vt 0.584798 0.515115
vt 0.350126 0.440282
vt 0.520518 0.516598
vt 0.685845 0.565852
vt 0.673611 0.563008
vt 0.679148 0.505121
vt 0.691724 0.504374
vt 0.661426 0.621608
vt 0.650619 0.615508
vt 0.620859 0.666185
vt 0.612421 0.657482
vt 0.568114 0.695220
vt 0.562757 0.684821
vt 0.508355 0.705870
vt 0.506488 0.694849
vt 0.447431 0.697093
vt 0.449122 0.686584
vt 0.391306 0.669748
vt 0.396274 0.660837
vt 0.345473 0.626512
vt 0.353118 0.620126
vt 0.314419 0.571617
vt 0.323878 0.568437
vt 0.301185 0.510437
vt 0.311417 0.510829
vt 0.307064 0.448959
vt 0.316953 0.452942
vt 0.331483 0.393203
vt 0.339945 0.400442
vt 0.372050 0.348626
vt 0.378143 0.358469
vt 0.424795 0.319591
vt 0.427807 0.331130
vt 0.484554 0.308941
vt 0.484077 0.321102
vt 0.545478 0.317718
vt 0.541443 0.329366
vt 0.601603 0.345063
vt 0.594290 0.355114
vt 0.647436 0.388299
vt 0.637446 0.395825
vt 0.678490 0.443194
vt 0.666686 0.447514
vt 0.694466 0.570635
vt 0.684913 0.567751
vt 0.695502 0.509807
vt 0.705712 0.509097
vt 0.665216 0.626445
vt 0.657371 0.620301
vt 0.620824 0.671066
vt 0.615572 0.662316
vt 0.565636 0.700128
vt 0.563608 0.689681
vt 0.505055 0.710787
vt 0.506564 0.699717
vt 0.445009 0.702000
vt 0.450026 0.691444
vt 0.391378 0.674627
vt 0.399527 0.665669
vt 0.349411 0.631347
vt 0.360010 0.624918
vt 0.323215 0.576398
vt 0.335344 0.573177
vt 0.315355 0.515157
vt 0.327944 0.515513
vt 0.326601 0.453619
vt 0.338533 0.457569
vt 0.355852 0.397809
vt 0.366075 0.405018
vt 0.400243 0.353188
vt 0.407874 0.363004
vt 0.455431 0.324126
vt 0.459839 0.335639
vt 0.516012 0.313467
vt 0.516882 0.325602
vt 0.576058 0.322254
vt 0.573420 0.333875
vt 0.629689 0.349627
vt 0.623920 0.359650
vt 0.671657 0.392906
vt 0.663436 0.400402
vt 0.697852 0.447856
vt 0.688102 0.452142
vn 0.414179 -0.106487 -0.903945
vn 0.398453 -0.069852 -0.914525
vn 0.468052 -0.014750 -0.883578
vn 0.494809 -0.077092 -0.865576
vn 0.372332 -0.040561 -0.927213
vn 0.423602 0.035091 -0.905169
vn 0.338367 -0.021483 -0.940769
vn 0.365804 0.067555 -0.928237
vn 0.299882 -0.014485 -0.953866
vn 0.300321 0.079463 -0.950522
vn 0.260652 -0.020253 -0.965221
vn 0.233561 0.069649 -0.969845
vn 0.224510 -0.038220 -0.973722
vn 0.172059 0.039075 -0.984312
vn 0.194995 -0.066629 -0.978539
vn 0.121837 -0.009267 -0.992507
vn 0.174999 -0.102698 -0.979198
vn 0.087810 -0.070646 -0.993629
vn 0.166476 -0.142899 -0.975636
vn 0.073307 -0.139051 -0.987568
vn 0.170263 -0.183295 -0.968201
vn 0.079750 -0.207789 -0.974917
vn 0.185987 -0.219929 -0.957622
vn 0.106507 -0.270130 -0.956915
vn 0.212110 -0.249218 -0.944934
vn 0.150959 -0.319972 -0.935323
vn 0.246076 -0.268297 -0.931377
vn 0.208757 -0.352436 -0.912255
vn 0.284557 -0.275296 -0.918281
vn 0.274240 -0.364345 -0.889970
vn 0.323789 -0.269528 -0.906926
vn 0.340999 -0.354531 -0.870648
vn 0.359933 -0.251560 -0.898424
vn 0.402501 -0.323956 -0.856181
vn 0.389444 -0.223151 -0.893609
vn 0.452722 -0.275614 -0.847986
vn 0.409440 -0.187081 -0.892950
vn 0.486750 -0.214236 -0.846863
vn 0.417965 -0.146882 -0.896511
vn 0.501253 -0.145830 -0.852924
vn 0.542830 0.048650 -0.838432
vn 0.581957 -0.042515 -0.812107
vn 0.477824 0.121534 -0.870008
vn 0.393305 0.169007 -0.903741
vn 0.297548 0.186422 -0.936329
vn 0.199923 0.172070 -0.964584
vn 0.109987 0.127360 -0.985739
vn 0.036546 0.056667 -0.997724
vn -0.013214 -0.033088 -0.999365
vn -0.034421 -0.133121 -0.990502
vn -0.025000 -0.233639 -0.972002
vn 0.014128 -0.324803 -0.945676
vn 0.079133 -0.397689 -0.914102
vn 0.163651 -0.445162 -0.880369
vn 0.259410 -0.462576 -0.847779
vn 0.357035 -0.448225 -0.819525
vn 0.446970 -0.403514 -0.798370
vn 0.520410 -0.332821 -0.786387
vn 0.570172 -0.243066 -0.784744
vn 0.591380 -0.143033 -0.793607
vn 0.618298 0.118237 -0.776999
vn 0.670600 -0.003624 -0.741810
vn 0.531405 0.215663 -0.819206
vn 0.418427 0.279121 -0.864298
vn 0.290427 0.302398 -0.907859
vn 0.159931 0.283216 -0.945627
vn 0.039713 0.223451 -0.973906
vn -0.058458 0.128955 -0.989926
vn -0.124973 0.008977 -0.992120
vn -0.153321 -0.124738 -0.980272
vn -0.140727 -0.259102 -0.955543
vn -0.088424 -0.380962 -0.920353
vn -0.001532 -0.478390 -0.878146
vn 0.111446 -0.541847 -0.833056
vn 0.239448 -0.565125 -0.789493
vn 0.369944 -0.545942 -0.751724
vn 0.490160 -0.486176 -0.723447
vn 0.588331 -0.391679 -0.707428
vn 0.654847 -0.271702 -0.705233
vn 0.683195 -0.137987 -0.717081
vn 0.692344 0.194201 -0.694943
vn 0.758521 0.040017 -0.650418
vn 0.582406 0.317471 -0.748342
vn 0.439463 0.397763 -0.805393
vn 0.277508 0.427213 -0.860511
vn 0.112398 0.402941 -0.908298
vn -0.039708 0.327324 -0.944078
vn -0.163919 0.207762 -0.964347
vn -0.248077 0.055961 -0.967123
vn -0.283944 -0.113223 -0.952133
vn -0.268009 -0.283226 -0.920844
vn -0.201832 -0.437409 -0.876320
vn -0.091892 -0.560679 -0.822919
vn 0.051051 -0.640969 -0.765867
vn 0.213005 -0.670420 -0.710751
vn 0.378116 -0.646149 -0.662963
vn 0.530221 -0.570532 -0.627184
vn 0.654431 -0.450970 -0.606914
vn 0.738589 -0.299169 -0.604140
vn 0.774456 -0.129986 -0.619130
vn 0.761357 0.276274 -0.586522
vn 0.841853 0.088731 -0.532363
vn 0.627630 0.426215 -0.651476
vn 0.453760 0.523879 -0.720870
vn 0.256764 0.559701 -0.787913
vn 0.055930 0.530179 -0.846039
vn -0.129085 0.438201 -0.889560
vn -0.280171 0.292770 -0.914215
vn -0.382538 0.108124 -0.917591
vn -0.426165 -0.097665 -0.899358
vn -0.406782 -0.304451 -0.861300
vn -0.326287 -0.491993 -0.807143
vn -0.192560 -0.641933 -0.742188
vn -0.018689 -0.739595 -0.672793
vn 0.178305 -0.775419 -0.605750
vn 0.379140 -0.745896 -0.547624
vn 0.564155 -0.653919 -0.504103
vn 0.715240 -0.508489 -0.479449
vn 0.817607 -0.323842 -0.476072
vn 0.861235 -0.118055 -0.494305
vn 0.818589 0.362305 -0.445699
vn 0.913170 0.141943 -0.382064
vn 0.661458 0.538484 -0.522024
vn 0.457160 0.653234 -0.603564
vn 0.225695 0.695327 -0.682336
vn -0.010284 0.660637 -0.750635
vn -0.227676 0.552565 -0.801771
vn -0.405201 0.381686 -0.830739
vn -0.525482 0.164729 -0.834705
vn -0.576744 -0.077071 -0.813281
vn -0.553970 -0.320044 -0.768563
vn -0.459389 -0.540405 -0.704928
vn -0.302260 -0.716584 -0.628606
vn -0.097963 -0.831336 -0.547068
vn 0.133505 -0.873429 -0.468293
vn 0.369484 -0.838741 -0.399995
vn 0.586876 -0.730667 -0.348860
vn 0.764400 -0.559787 -0.319891
vn 0.884682 -0.342829 -0.315922
vn 0.935944 -0.101029 -0.337346
vn 0.853286 0.446686 -0.269025
vn 0.960375 0.197182 -0.196976
vn 0.675377 0.646163 -0.355441
vn 0.444064 0.776089 -0.447765
vn 0.181988 0.823746 -0.536957
vn -0.085197 0.784470 -0.614287
vn -0.331337 0.662105 -0.672185
vn -0.532337 0.468629 -0.704985
vn -0.668523 0.222982 -0.709476
vn -0.726565 -0.050794 -0.685218
vn -0.700779 -0.325897 -0.634586
vn -0.593691 -0.575398 -0.562536
vn -0.415782 -0.774877 -0.476121
vn -0.184469 -0.904803 -0.383800
vn 0.077608 -0.952461 -0.294610
vn 0.344792 -0.913186 -0.217280
vn 0.590932 -0.790821 -0.159381
vn 0.791933 -0.597344 -0.126581
vn 0.928119 -0.351695 -0.122089
vn 0.986160 -0.077921 -0.146345
vn 0.852266 0.519579 -0.060664
vn 0.968267 0.249311 0.017382
vn 0.659550 0.735659 -0.154270
vn 0.408986 0.876398 -0.254277
vn 0.125098 0.928022 -0.350892
vn -0.164325 0.885478 -0.434655
vn -0.430951 0.752930 -0.497371
vn -0.648680 0.543351 -0.532901
vn -0.796199 0.277257 -0.537769
vn -0.859071 -0.019304 -0.511492
vn -0.831140 -0.317303 -0.456646
vn -0.715138 -0.587571 -0.378600
vn -0.522423 -0.803650 -0.284992
vn -0.271858 -0.944391 -0.184985
vn 0.012031 -0.996015 -0.088372
vn 0.301452 -0.953470 -0.004608
vn 0.568077 -0.820921 0.058112
vn 0.785806 -0.611342 0.093643
vn 0.933327 -0.345249 0.098505
vn 0.996199 -0.048688 0.072229
vn 0.805800 0.569184 0.163450
vn 0.925072 0.291295 0.243698
vn 0.607651 0.791356 0.067199
vn 0.350021 0.936064 -0.035622
vn 0.058129 0.989145 -0.134958
vn -0.239455 0.945400 -0.221087
vn -0.513599 0.809113 -0.285572
vn -0.737467 0.593626 -0.322105
vn -0.889147 0.320030 -0.327106
vn -0.953791 0.015106 -0.300090
vn -0.925072 -0.291297 -0.243698
vn -0.805800 -0.569184 -0.163451
vn -0.607651 -0.791356 -0.067202
vn -0.350021 -0.936064 0.035622
vn -0.058128 -0.989145 0.134958
vn 0.239455 -0.945401 0.221084
vn 0.513598 -0.809115 0.285571
vn 0.737466 -0.593625 0.322106
vn 0.889147 -0.320029 0.327108
vn 0.953791 -0.015107 0.300090
vn 0.715138 0.587571 0.378600
vn 0.831140 0.317302 0.456647
vn 0.522424 0.803651 0.284989
vn 0.271859 0.944390 0.184988
vn -0.012030 0.996014 0.088381
vn -0.301452 0.953470 0.004612
vn -0.568078 0.820921 -0.058110
vn -0.785807 0.611342 -0.093641
vn -0.933328 0.345248 -0.098504
vn -0.996199 0.048688 -0.072228
vn -0.968267 -0.249312 -0.017383
vn -0.852267 -0.519578 0.060662
vn -0.659551 -0.735658 0.154269
vn -0.408986 -0.876399 0.254275
vn -0.125098 -0.928023 0.350889
vn 0.164324 -0.885480 0.434652
vn 0.430951 -0.752932 0.497369
vn 0.648679 -0.543351 0.532902
vn 0.796199 -0.277257 0.537769
vn 0.859071 0.019304 0.511493
vn 0.593691 0.575399 0.562536
vn 0.700780 0.325896 0.634586
vn 0.415782 0.774877 0.476121
vn 0.184468 0.904803 0.383801
vn -0.077608 0.952460 0.294614
vn -0.344792 0.913185 0.217282
vn -0.590932 0.790821 0.159380
vn -0.791933 0.597344 0.126581
vn -0.928119 0.351696 0.122088
vn -0.986160 0.077920 0.146346
vn -0.960374 -0.197183 0.196978
vn -0.853286 -0.446685 0.269027
vn -0.675378 -0.646163 0.355441
vn -0.444063 -0.776090 0.447764
vn -0.181988 -0.823746 0.536957
vn 0.085197 -0.784471 0.614285
vn 0.331337 -0.662107 0.672184
vn 0.532338 -0.468631 0.704983
vn 0.668524 -0.222982 0.709475
vn 0.726565 0.050793 0.685218
vn 0.459387 0.540404 0.704930
vn 0.553970 0.320042 0.768564
vn 0.302258 0.716584 0.628608
vn 0.097961 0.831337 0.547067
vn -0.133505 0.873430 0.468292
vn -0.369484 0.838742 0.399992
vn -0.586877 0.730667 0.348857
vn -0.764401 0.559787 0.319889
vn -0.884682 0.342829 0.315921
vn -0.935944 0.101029 0.337346
vn -0.913169 -0.141944 0.382065
vn -0.818588 -0.362305 0.445700
vn -0.661458 -0.538485 0.522022
vn -0.457161 -0.653237 0.603560
vn -0.225694 -0.695329 0.682334
vn 0.010285 -0.660640 0.750632
vn 0.227677 -0.552567 0.801769
vn 0.405203 -0.381687 0.830738
vn 0.525483 -0.164729 0.834704
vn 0.576745 0.077070 0.813280
vn 0.326286 0.491993 0.807144
vn 0.406781 0.304449 0.861301
vn 0.192560 0.641934 0.742187
vn 0.018689 0.739597 0.672790
vn -0.178305 0.775420 0.605748
vn -0.379140 0.745897 0.547623
vn -0.564155 0.653919 0.504102
vn -0.715241 0.508489 0.479448
vn -0.817608 0.323842 0.476071
vn -0.861234 0.118054 0.494306
vn -0.841852 -0.088732 0.532365
vn -0.761357 -0.276274 0.586522
vn -0.627629 -0.426215 0.651478
vn -0.453759 -0.523877 0.720872
vn -0.256765 -0.559700 0.787914
vn -0.055930 -0.530177 0.846040
vn 0.129084 -0.438200 0.889561
vn 0.280171 -0.292770 0.914216
vn 0.382537 -0.108124 0.917592
vn 0.426165 0.097664 0.899358
vn 0.201834 0.437410 0.876320
vn 0.268009 0.283225 0.920844
vn 0.091893 0.560681 0.822917
vn -0.051051 0.640969 0.765868
vn -0.213004 0.670418 0.710752
vn -0.378114 0.646146 0.662967
vn -0.530219 0.570532 0.627186
vn -0.654431 0.450971 0.606915
vn -0.738589 0.299169 0.604140
vn -0.774455 0.129986 0.619130
vn -0.758521 -0.040018 0.650418
vn -0.692344 -0.194201 0.694943
vn -0.582403 -0.317471 0.748344
vn -0.439461 -0.397760 0.805395
vn -0.277508 -0.427211 0.860512
vn -0.112397 -0.402940 0.908298
vn 0.039708 -0.327324 0.944078
vn 0.163919 -0.207763 0.964347
vn 0.248077 -0.055960 0.967123
vn 0.283944 0.113222 0.952133
vn 0.090856 0.382236 0.919587
vn 0.143464 0.259663 0.954983
vn 0.003455 0.480233 0.877134
vn -0.110180 0.544058 0.831782
vn -0.238930 0.567471 0.787965
vn -0.370187 0.548177 0.749976
vn -0.491105 0.488064 0.721533
vn -0.589850 0.393016 0.705418
vn -0.656753 0.272337 0.703212
vn -0.685267 0.137842 0.715128
vn -0.672601 0.002695 0.740001
vn -0.619991 -0.119877 0.775398
vn -0.532591 -0.217873 0.817850
vn -0.418955 -0.281701 0.863204
vn -0.290207 -0.305114 0.907020
vn -0.158949 -0.285819 0.945009
vn -0.038029 -0.225706 0.973453
vn 0.060715 -0.130658 0.989567
vn 0.127618 -0.009980 0.991773
vn 0.156132 0.124516 0.979856
vn -0.390575 0.114518 0.913421
vn -0.380165 0.083531 0.921139
vn -0.376368 0.085836 0.922485
vn -0.387168 0.115322 0.914769
vn -0.360741 0.056548 0.930950
vn -0.357025 0.060868 0.932109
vn -0.333167 0.036436 0.942163
vn -0.330390 0.043056 0.942862
vn -0.299366 0.026007 0.953784
vn -0.298634 0.034703 0.953737
vn -0.262473 0.027494 0.964548
vn -0.264821 0.037359 0.963573
vn -0.226713 0.041857 0.973062
vn -0.232665 0.051378 0.971199
vn -0.196811 0.068163 0.978069
vn -0.206024 0.075614 0.975621
vn -0.177001 0.103385 0.978766
vn -0.188233 0.107413 0.976233
vn -0.169987 0.142864 0.975036
vn -0.181460 0.142987 0.972948
vn -0.176309 0.181339 0.967487
vn -0.186306 0.178065 0.966221
vn -0.194392 0.214115 0.957271
vn -0.201782 0.208654 0.956947
vn -0.221190 0.237896 0.945770
vn -0.225641 0.231661 0.946266
vn -0.253057 0.251051 0.934310
vn -0.254912 0.245198 0.935360
vn -0.286457 0.253392 0.923978
vn -0.286424 0.248592 0.925291
vn -0.318385 0.245744 0.915555
vn -0.317198 0.242183 0.916915
vn -0.346475 0.229511 0.909549
vn -0.344680 0.227051 0.910848
vn -0.368930 0.206381 0.906255
vn -0.366794 0.204768 0.907487
vn -0.384398 0.178181 0.905809
vn -0.381941 0.177249 0.907030
vn -0.391858 0.146857 0.908229
vn -0.388968 0.146647 0.909505
vn 0.294794 -0.146166 -0.944316
vn -0.294259 0.145901 0.944524
vn -0.178161 -0.097106 -0.979198
vn -0.197007 -0.060421 -0.978538
vn -0.122068 -0.005405 -0.992507
vn -0.090000 -0.067830 -0.993629
vn -0.225607 -0.031092 -0.973722
vn -0.170734 0.044504 -0.984312
vn -0.261160 -0.011988 -0.965221
vn -0.231236 0.077010 -0.969845
vn -0.300191 -0.004982 -0.953866
vn -0.297652 0.088933 -0.950523
vn -0.338873 -0.010757 -0.940771
vn -0.363479 0.079105 -0.928238
vn -0.373422 -0.028750 -0.927216
vn -0.422273 0.048488 -0.905171
vn -0.400460 -0.057198 -0.914527
vn -0.468281 0.000079 -0.883580
vn -0.417340 -0.093317 -0.903946
vn -0.497000 -0.061383 -0.865577
vn -0.422406 -0.133572 -0.896511
vn -0.505618 -0.129883 -0.852925
vn -0.415159 -0.174022 -0.892950
vn -0.493288 -0.198714 -0.846865
vn -0.396313 -0.210706 -0.893610
vn -0.461221 -0.261138 -0.847987
vn -0.367714 -0.240035 -0.898426
vn -0.412555 -0.311048 -0.856182
vn -0.332161 -0.259139 -0.906927
vn -0.352052 -0.343554 -0.870649
vn -0.293132 -0.266147 -0.918281
vn -0.285639 -0.355477 -0.889970
vn -0.254447 -0.260371 -0.931377
vn -0.219811 -0.345648 -0.912256
vn -0.219894 -0.242377 -0.944934
vn -0.161015 -0.315030 -0.935324
vn -0.192855 -0.213928 -0.957623
vn -0.115006 -0.266621 -0.956915
vn -0.175979 -0.177810 -0.968202
vn -0.086288 -0.205159 -0.974918
vn -0.170916 -0.137555 -0.975636
vn -0.077671 -0.136660 -0.987568
vn -0.034730 0.057796 -0.997724
vn 0.012162 -0.033490 -0.999365
vn -0.105897 0.130780 -0.985740
vn -0.194372 0.178316 -0.964584
vn -0.291493 0.195751 -0.936330
vn -0.387756 0.181379 -0.903741
vn -0.473736 0.136605 -0.870008
vn -0.541015 0.065815 -0.838434
vn -0.583010 -0.024064 -0.812109
vn -0.595611 -0.124233 -0.793608
vn -0.577581 -0.224887 -0.784746
vn -0.530689 -0.316174 -0.786387
vn -0.459523 -0.389159 -0.798370
vn -0.371049 -0.436695 -0.819525
vn -0.273926 -0.454128 -0.847781
vn -0.177664 -0.439754 -0.880370
vn -0.091685 -0.394982 -0.914102
vn -0.024405 -0.324193 -0.945676
vn 0.017591 -0.234313 -0.972002
vn 0.030191 -0.134144 -0.990502
vn 0.062514 0.127039 -0.989926
vn 0.125197 0.005015 -0.992119
vn -0.032614 0.224597 -0.973906
vn -0.150879 0.288139 -0.945627
vn -0.280703 0.311445 -0.907859
vn -0.409378 0.292233 -0.864297
vn -0.524308 0.232384 -0.819206
vn -0.614241 0.137757 -0.777001
vn -0.670378 0.017615 -0.741811
vn -0.687221 -0.116283 -0.717081
vn -0.663121 -0.250828 -0.705235
vn -0.600439 -0.372853 -0.707427
vn -0.505311 -0.470412 -0.723446
vn -0.387046 -0.533953 -0.751724
vn -0.257222 -0.557258 -0.789494
vn -0.128546 -0.538046 -0.833056
vn -0.013617 -0.478198 -0.878147
vn 0.076318 -0.383572 -0.920352
vn 0.132453 -0.263429 -0.955543
vn 0.149296 -0.129531 -0.980272
vn 0.170418 0.202467 -0.964347
vn 0.249727 0.048076 -0.967122
vn 0.050055 0.325901 -0.944078
vn -0.099579 0.406297 -0.908299
vn -0.263837 0.435784 -0.860513
vn -0.426642 0.411477 -0.805396
vn -0.572057 0.335754 -0.748345
vn -0.685845 0.216028 -0.694945
vn -0.756872 0.064018 -0.650421
vn -0.778182 -0.105395 -0.619132
vn -0.747690 -0.275629 -0.604142
vn -0.668382 -0.430019 -0.606918
vn -0.548020 -0.553454 -0.627187
vn -0.398385 -0.633849 -0.662966
vn -0.234126 -0.663338 -0.710752
vn -0.071321 -0.639031 -0.765867
vn 0.074093 -0.563309 -0.822918
vn 0.187882 -0.443582 -0.876319
vn 0.258908 -0.291571 -0.920844
vn 0.280218 -0.122158 -0.952132
vn 0.289303 0.283751 -0.914215
vn 0.385771 0.095954 -0.917591
vn 0.142899 0.433892 -0.889560
vn -0.039112 0.531682 -0.846041
vn -0.238909 0.567549 -0.787916
vn -0.436939 0.537984 -0.720873
vn -0.613818 0.445877 -0.651476
vn -0.752226 0.300246 -0.586522
vn -0.838618 0.115347 -0.532367
vn -0.864539 -0.090722 -0.494309
vn -0.827451 -0.297788 -0.476076
vn -0.730983 -0.485584 -0.479450
vn -0.584579 -0.635725 -0.504105
vn -0.402569 -0.733514 -0.547627
vn -0.202770 -0.769382 -0.605752
vn -0.004740 -0.739818 -0.672791
vn 0.172137 -0.647711 -0.742185
vn 0.310546 -0.502080 -0.807141
vn 0.396939 -0.317180 -0.861299
vn 0.422860 -0.111112 -0.899357
vn 0.417088 0.368664 -0.830738
vn 0.530436 0.148004 -0.834705
vn 0.245065 0.545081 -0.801767
vn 0.031203 0.659986 -0.750630
vn -0.203560 0.702129 -0.682333
vn -0.436244 0.667387 -0.603561
vn -0.644074 0.559161 -0.522022
vn -0.806703 0.388046 -0.445702
vn -0.908215 0.170790 -0.382068
vn -0.938673 -0.071339 -0.337349
vn -0.895094 -0.314642 -0.315923
vn -0.781745 -0.535300 -0.319889
vn -0.609721 -0.711716 -0.348857
vn -0.395860 -0.826620 -0.399993
vn -0.161097 -0.868764 -0.468292
vn 0.071587 -0.834023 -0.547066
vn 0.279417 -0.725798 -0.628604
vn 0.442047 -0.554682 -0.704927
vn 0.543559 -0.337426 -0.768562
vn 0.574017 -0.095297 -0.813279
vn 0.546912 0.451538 -0.704983
vn 0.675251 0.201699 -0.709474
vn 0.352140 0.651282 -0.672183
vn 0.109999 0.781381 -0.614283
vn -0.155809 0.829098 -0.536955
vn -0.419263 0.789761 -0.447768
vn -0.654575 0.667225 -0.355448
vn -0.838712 0.473482 -0.269031
vn -0.953648 0.227497 -0.196979
vn -0.988133 -0.046652 -0.146347
vn -0.938791 -0.322127 -0.122091
vn -0.810452 -0.571966 -0.126583
vn -0.615679 -0.771711 -0.159382
vn -0.373538 -0.901809 -0.217279
vn -0.107730 -0.949526 -0.294609
vn 0.155724 -0.910191 -0.383799
vn 0.391037 -0.787655 -0.476119
vn 0.575173 -0.593912 -0.562535
vn 0.690109 -0.347926 -0.634584
vn 0.724594 -0.073778 -0.685215
vn 0.665560 0.522537 -0.532902
vn 0.804582 0.251903 -0.537766
vn 0.454578 0.738904 -0.497372
vn 0.192284 0.879830 -0.434656
vn -0.095646 0.931518 -0.350894
vn -0.381026 0.888910 -0.254280
vn -0.635923 0.756176 -0.154273
vn -0.835385 0.546308 -0.060663
vn -0.959886 0.279850 0.017383
vn -0.997241 -0.017116 0.072227
vn -0.943793 -0.315520 0.098501
vn -0.804773 -0.586151 0.093637
vn -0.593789 -0.802519 0.058109
vn -0.331495 -0.943446 -0.004609
vn -0.043565 -0.995134 -0.088372
vn 0.241816 -0.952526 -0.184984
vn 0.496712 -0.819791 -0.284990
vn 0.696175 -0.609922 -0.378597
vn 0.820676 -0.343465 -0.456643
vn 0.858030 -0.046500 -0.511490
vn 0.755896 0.569974 -0.322104
vn 0.898836 0.291711 -0.327106
vn 0.538964 0.792443 -0.285574
vn 0.269274 0.937343 -0.221089
vn -0.026774 0.990489 -0.134960
vn -0.320202 0.946680 -0.035619
vn -0.582286 0.810201 0.067205
vn -0.787372 0.594415 0.163449
vn -0.915384 0.320445 0.243697
vn -0.953792 0.015106 0.300088
vn -0.898836 -0.291711 0.327106
vn -0.755896 -0.569974 0.322105
vn -0.538964 -0.792443 0.285573
vn -0.269274 -0.937343 0.221086
vn 0.026775 -0.990489 0.134961
vn 0.320203 -0.946679 0.035624
vn 0.582286 -0.810202 -0.067202
vn 0.787372 -0.594416 -0.163448
vn 0.915384 -0.320444 -0.243695
vn 0.953792 -0.015108 -0.300088
vn 0.804773 0.586151 -0.093637
vn 0.943793 0.315518 -0.098503
vn 0.593790 0.802519 -0.058111
vn 0.331496 0.943446 0.004604
vn 0.043565 0.995134 0.088374
vn -0.241816 0.952526 0.184986
vn -0.496712 0.819791 0.284990
vn -0.696174 0.609922 0.378599
vn -0.820675 0.343464 0.456645
vn -0.858030 0.046499 0.511490
vn -0.804581 -0.251904 0.537768
vn -0.665560 -0.522536 0.532903
vn -0.454578 -0.738905 0.497372
vn -0.192284 -0.879831 0.434655
vn 0.095646 -0.931520 0.350889
vn 0.381027 -0.888911 0.254275
vn 0.635923 -0.756177 0.154271
vn 0.835384 -0.546308 0.060664
vn 0.959886 -0.279850 -0.017381
vn 0.997241 0.017115 -0.072227
vn 0.810452 0.571966 0.126580
vn 0.938791 0.322127 0.122090
vn 0.615679 0.771710 0.159382
vn 0.373538 0.901808 0.217282
vn 0.107730 0.949527 0.294607
vn -0.155724 0.910193 0.383795
vn -0.391036 0.787655 0.476121
vn -0.575172 0.593911 0.562536
vn -0.690110 0.347925 0.634583
vn -0.724594 0.073777 0.685215
vn -0.675252 -0.201700 0.709473
vn -0.546913 -0.451537 0.704983
vn -0.352139 -0.651282 0.672183
vn -0.109998 -0.781381 0.614284
vn 0.155809 -0.829098 0.536955
vn 0.419263 -0.789764 0.447764
vn 0.654576 -0.667227 0.355441
vn 0.838712 -0.473484 0.269027
vn 0.953648 -0.227497 0.196978
vn 0.988133 0.046651 0.146348
vn 0.781744 0.535301 0.319888
vn 0.895094 0.314641 0.315925
vn 0.609721 0.711716 0.348857
vn 0.395860 0.826618 0.399996
vn 0.161096 0.868762 0.468295
vn -0.071587 0.834021 0.547068
vn -0.279417 0.725797 0.628606
vn -0.442047 0.554682 0.704927
vn -0.543561 0.337427 0.768560
vn -0.574018 0.095297 0.813278
vn -0.530437 -0.148005 0.834704
vn -0.417087 -0.368665 0.830738
vn -0.245063 -0.545080 0.801768
vn -0.031202 -0.659985 0.750631
vn 0.203560 -0.702128 0.682334
vn 0.436244 -0.667386 0.603562
vn 0.644074 -0.559162 0.522022
vn 0.806704 -0.388046 0.445701
vn 0.908216 -0.170790 0.382067
vn 0.938673 0.071338 0.337349
vn 0.730982 0.485582 0.479454
vn 0.827450 0.297787 0.476077
vn 0.584578 0.635724 0.504107
vn 0.402570 0.733516 0.547624
vn 0.202769 0.769382 0.605752
vn 0.004741 0.739814 0.672795
vn -0.172135 0.647709 0.742188
vn -0.310545 0.502079 0.807142
vn -0.396940 0.317180 0.861299
vn -0.422860 0.111111 0.899357
vn -0.385770 -0.095955 0.917591
vn -0.289303 -0.283751 0.914215
vn -0.142899 -0.433892 0.889560
vn 0.039112 -0.531683 0.846040
vn 0.238910 -0.567550 0.787914
vn 0.436939 -0.537983 0.720873
vn 0.613816 -0.445877 0.651478
vn 0.752225 -0.300246 0.586524
vn 0.838618 -0.115347 0.532367
vn 0.864540 0.090721 0.494309
vn 0.668380 0.430019 0.606920
vn 0.747690 0.275628 0.604143
vn 0.548019 0.553452 0.627189
vn 0.398385 0.633849 0.662967
vn 0.234126 0.663338 0.710751
vn 0.071321 0.639030 0.765868
vn -0.074092 0.563308 0.822919
vn -0.187881 0.443582 0.876320
vn -0.258907 0.291572 0.920844
vn -0.280218 0.122158 0.952132
vn -0.249726 -0.048076 0.967122
vn -0.170418 -0.202467 0.964347
vn -0.050056 -0.325902 0.944078
vn 0.099579 -0.406298 0.908299
vn 0.263837 -0.435785 0.860512
vn 0.426643 -0.411478 0.805396
vn 0.572057 -0.335755 0.748345
vn 0.685846 -0.216028 0.694944
vn 0.756872 -0.064018 0.650420
vn 0.778183 0.105395 0.619132
vn 0.601998 0.374140 0.705420
vn 0.665047 0.251403 0.703214
vn 0.506314 0.472267 0.721533
vn 0.387359 0.536180 0.749976
vn 0.256778 0.559621 0.787965
vn 0.127352 0.540298 0.831781
vn 0.011752 0.480101 0.877135
vn -0.078708 0.384921 0.919587
vn -0.135171 0.264077 0.954983
vn -0.152112 0.129398 0.979856
vn -0.127872 -0.005933 0.991773
vn -0.064824 -0.128669 0.989567
vn 0.030860 -0.226796 0.973453
vn 0.149815 -0.290708 0.945010
vn 0.280396 -0.314150 0.907021
vn 0.409822 -0.294827 0.863205
vn 0.525423 -0.234630 0.817851
vn 0.615883 -0.139451 0.775398
vn 0.672347 -0.018607 0.740003
vn 0.689288 0.116072 0.715129
vn 0.180183 0.097728 0.978766
vn 0.198867 0.061896 0.978070
vn 0.208313 0.069051 0.975622
vn 0.191541 0.101400 0.976233
vn 0.227921 0.034656 0.973063
vn 0.234172 0.043983 0.971200
vn 0.263209 0.019168 0.964548
vn 0.265870 0.028954 0.963574
vn 0.300038 0.016514 0.953784
vn 0.299582 0.025229 0.953737
vn 0.334153 0.025867 0.942164
vn 0.331583 0.032572 0.942863
vn 0.362349 0.045096 0.930951
vn 0.358770 0.049530 0.932111
vn 0.382619 0.071450 0.921139
vn 0.378897 0.073874 0.922485
vn 0.394004 0.102092 0.913421
vn 0.390627 0.103003 0.914768
vn 0.396308 0.134373 0.908231
vn 0.393413 0.134255 0.909506
vn 0.389845 0.165920 0.905810
vn 0.387360 0.165068 0.907031
vn 0.375279 0.194595 0.906255
vn 0.373096 0.193052 0.907486
vn 0.353569 0.218423 0.909549
vn 0.351698 0.216019 0.910848
vn 0.326007 0.235539 0.915555
vn 0.324706 0.232014 0.916916
vn 0.294335 0.244194 0.923978
vn 0.294148 0.239397 0.925292
vn 0.260878 0.242911 0.934311
vn 0.262547 0.237003 0.935360
vn 0.228611 0.230772 0.945770
vn 0.232861 0.224399 0.946267
vn 0.201072 0.207852 0.957271
vn 0.208284 0.202157 0.956949
vn 0.181961 0.175665 0.967488
vn 0.191849 0.172072 0.966222
vn 0.174424 0.137409 0.975036
vn 0.185898 0.137169 0.972947
vn -0.299273 -0.136758 -0.944316
vn 0.298731 0.136510 0.944524
vn 0.060870 0.241880 0.968395
vn -0.298739 0.145622 0.943159
vn -0.298609 0.146627 0.943045
vn 0.071287 0.130730 0.988852
vn 0.017602 0.342687 0.939285
vn -0.298644 0.144534 0.943357
vn -0.054281 0.423284 0.904369
vn -0.298237 0.143418 0.943656
vn -0.147740 0.475780 0.867068
vn -0.297434 0.142389 0.944065
vn -0.253628 0.495034 0.831032
vn -0.296204 0.141634 0.944565
vn -0.361579 0.479166 0.799788
vn -0.294622 0.141385 0.945097
vn -0.461027 0.429726 0.776396
vn -0.292900 0.141828 0.945566
vn -0.542238 0.351554 0.763143
vn -0.291362 0.143004 0.945863
vn -0.597262 0.252304 0.761329
vn -0.290361 0.144746 0.945907
vn -0.620714 0.141690 0.771128
vn -0.290112 0.146700 0.945682
vn -0.610295 0.030539 0.791585
vn -0.290606 0.148466 0.945255
vn -0.567028 -0.070269 0.820696
vn -0.291650 0.149753 0.944730
vn -0.495146 -0.150865 0.855611
vn -0.292965 0.150454 0.944212
vn -0.401686 -0.203359 0.892913
vn -0.294299 0.150611 0.943772
vn -0.295800 -0.222615 0.928948
vn -0.295496 0.150357 0.943438
vn -0.187848 -0.206746 0.960192
vn -0.296486 0.149835 0.943210
vn -0.088399 -0.157306 0.983585
vn -0.297266 0.149155 0.943073
vn -0.007189 -0.079136 0.996838
vn -0.297863 0.148383 0.943006
vn 0.047836 0.020115 0.998653
vn -0.298309 0.147543 0.942997
vn 0.604951 0.233263 0.761330
vn 0.294796 0.135479 0.945908
vn 0.294607 0.137440 0.945683
vn 0.624887 0.121962 0.771130
vn 0.553096 0.334206 0.763145
vn 0.295741 0.133705 0.945865
vn 0.474403 0.414910 0.776396
vn 0.297241 0.132480 0.945567
vn 0.376570 0.467477 0.799788
vn 0.298950 0.131984 0.945098
vn 0.269174 0.486753 0.831034
vn 0.300541 0.132183 0.944565
vn 0.162731 0.470860 0.867069
vn 0.301794 0.132900 0.944065
vn 0.067655 0.421351 0.904370
vn 0.302626 0.133900 0.943657
vn -0.006743 0.343072 0.939285
vn 0.303069 0.135005 0.943357
vn -0.053180 0.243687 0.968395
vn 0.303200 0.136088 0.943160
vn -0.067113 0.132922 0.988852
vn 0.303101 0.137096 0.943046
vn -0.047177 0.021620 0.998653
vn 0.302830 0.138023 0.942997
vn 0.004676 -0.079323 0.996838
vn 0.302413 0.138877 0.943006
vn 0.083371 -0.160026 0.983586
vn 0.301840 0.139667 0.943073
vn 0.181204 -0.212590 0.960193
vn 0.301081 0.140371 0.943210
vn 0.288599 -0.231870 0.928949
vn 0.300108 0.140925 0.943438
vn 0.395044 -0.215978 0.892913
vn 0.298922 0.141214 0.943771
vn 0.490119 -0.166470 0.855611
vn 0.297581 0.141100 0.944212
vn 0.564516 -0.088190 0.820697
vn 0.296244 0.140444 0.944730
vn 0.610953 0.011197 0.791588
vn 0.295161 0.139190 0.945255
s 1
g Rat:Rat_Model_mesh:pSphere3
usemtl aiStandardSurface2SG
f 1/1/1 2/2/2 22/3/3 21/4/4
f 2/2/2 3/5/5 23/6/6 22/3/3
f 3/5/5 4/7/7 24/8/8 23/6/6
f 4/7/7 5/9/9 25/10/10 24/8/8
f 5/9/9 6/11/11 26/12/12 25/10/10
f 6/11/11 7/13/13 27/14/14 26/12/12
f 7/13/13 8/15/15 28/16/16 27/14/14
f 8/15/15 9/17/17 29/18/18 28/16/16
f 9/17/17 10/19/19 30/20/20 29/18/18
f 10/19/19 11/21/21 31/22/22 30/20/20
f 11/21/21 12/23/23 32/24/24 31/22/22
f 12/23/23 13/25/25 33/26/26 32/24/24
f 13/25/25 14/27/27 34/28/28 33/26/26
f 14/27/27 15/29/29 35/30/30 34/28/28
f 15/29/29 16/31/31 36/32/32 35/30/30
f 16/31/31 17/33/33 37/34/34 36/32/32
f 17/33/33 18/35/35 38/36/36 37/34/34
f 18/35/35 19/37/37 39/38/38 38/36/36
f 19/37/37 20/39/39 40/40/40 39/38/38
f 20/39/39 1/1/1 21/4/4 40/40/40
f 21/4/4 22/3/3 42/41/41 41/42/42
f 22/3/3 23/6/6 43/43/43 42/41/41
f 23/6/6 24/8/8 44/44/44 43/43/43
f 24/8/8 25/10/10 45/45/45 44/44/44
f 25/10/10 26/12/12 46/46/46 45/45/45
f 26/12/12 27/14/14 47/47/47 46/46/46
f 27/14/14 28/16/16 48/48/48 47/47/47
f 28/16/16 29/18/18 49/49/49 48/48/48
f 29/18/18 30/20/20 50/50/50 49/49/49
f 30/20/20 31/22/22 51/51/51 50/50/50
f 31/22/22 32/24/24 52/52/52 51/51/51
f 32/24/24 33/26/26 53/53/53 52/52/52
f 33/26/26 34/28/28 54/54/54 53/53/53
f 34/28/28 35/30/30 55/55/55 54/54/54
f 35/30/30 36/32/32 56/56/56 55/55/55
f 36/32/32 37/34/34 57/57/57 56/56/56
f 37/34/34 38/36/36 58/58/58 57/57/57
f 38/36/36 39/38/38 59/59/59 58/58/58
f 39/38/38 40/40/40 60/60/60 59/59/59
f 40/40/40 21/4/4 41/42/42 60/60/60
f 41/42/42 42/41/41 62/61/61 61/62/62
f 42/41/41 43/43/43 63/63/63 62/61/61
f 43/43/43 44/44/44 64/64/64 63/63/63
f 44/44/44 45/45/45 65/65/65 64/64/64
f 45/45/45 46/46/46 66/66/66 65/65/65
f 46/46/46 47/47/47 67/67/67 66/66/66
f 47/47/47 48/48/48 68/68/68 67/67/67
f 48/48/48 49/49/49 69/69/69 68/68/68
f 49/49/49 50/50/50 70/70/70 69/69/69
f 50/50/50 51/51/51 71/71/71 70/70/70
f 51/51/51 52/52/52 72/72/72 71/71/71
f 52/52/52 53/53/53 73/73/73 72/72/72
f 53/53/53 54/54/54 74/74/74 73/73/73
f 54/54/54 55/55/55 75/75/75 74/74/74
f 55/55/55 56/56/56 76/76/76 75/75/75
f 56/56/56 57/57/57 77/77/77 76/76/76
f 57/57/57 58/58/58 78/78/78 77/77/77
f 58/58/58 59/59/59 79/79/79 78/78/78
f 59/59/59 60/60/60 80/80/80 79/79/79
f 60/60/60 41/42/42 61/62/62 80/80/80
f 61/62/62 62/61/61 82/81/81 81/82/82
f 62/61/61 63/63/63 83/83/83 82/81/81
f 63/63/63 64/64/64 84/84/84 83/83/83
f 64/64/64 65/65/65 85/85/85 84/84/84
f 65/65/65 66/66/66 86/86/86 85/85/85
f 66/66/66 67/67/67 87/87/87 86/86/86
f 67/67/67 68/68/68 88/88/88 87/87/87
f 68/68/68 69/69/69 89/89/89 88/88/88
f 69/69/69 70/70/70 90/90/90 89/89/89
f 70/70/70 71/71/71 91/91/91 90/90/90
f 71/71/71 72/72/72 92/92/92 91/91/91
f 72/72/72 73/73/73 93/93/93 92/92/92
f 73/73/73 74/74/74 94/94/94 93/93/93
f 74/74/74 75/75/75 95/95/95 94/94/94
f 75/75/75 76/76/76 96/96/96 95/95/95
f 76/76/76 77/77/77 97/97/97 96/96/96
f 77/77/77 78/78/78 98/98/98 97/97/97
f 78/78/78 79/79/79 99/99/99 98/98/98
f 79/79/79 80/80/80 100/100/100 99/99/99
f 80/80/80 61/62/62 81/82/82 100/100/100
f 81/82/82 82/81/81 102/101/101 101/102/102
f 82/81/81 83/83/83 103/103/103 102/101/101
f 83/83/83 84/84/84 104/104/104 103/103/103
f 84/84/84 85/85/85 105/105/105 104/104/104
f 85/85/85 86/86/86 106/106/106 105/105/105
f 86/86/86 87/87/87 107/107/107 106/106/106
f 87/87/87 88/88/88 108/108/108 107/107/107
f 88/88/88 89/89/89 109/109/109 108/108/108
f 89/89/89 90/90/90 110/110/110 109/109/109
f 90/90/90 91/91/91 111/111/111 110/110/110
f 91/91/91 92/92/92 112/112/112 111/111/111
f 92/92/92 93/93/93 113/113/113 112/112/112
f 93/93/93 94/94/94 114/114/114 113/113/113
f 94/94/94 95/95/95 115/115/115 114/114/114
f 95/95/95 96/96/96 116/116/116 115/115/115
f 96/96/96 97/97/97 117/117/117 116/116/116
f 97/97/97 98/98/98 118/118/118 117/117/117
f 98/98/98 99/99/99 119/119/119 118/118/118
f 99/99/99 100/100/100 120/120/120 119/119/119
f 100/100/100 81/82/82 101/102/102 120/120/120
f 101/102/102 102/101/101 122/121/121 121/122/122
f 102/101/101 103/103/103 123/123/123 122/121/121
f 103/103/103 104/104/104 124/124/124 123/123/123
f 104/104/104 105/105/105 125/125/125 124/124/124
f 105/105/105 106/106/106 126/126/126 125/125/125
f 106/106/106 107/107/107 127/127/127 126/126/126
f 107/107/107 108/108/108 128/128/128 127/127/127
f 108/108/108 109/109/109 129/129/129 128/128/128
f 109/109/109 110/110/110 130/130/130 129/129/129
f 110/110/110 111/111/111 131/131/131 130/130/130
f 111/111/111 112/112/112 132/132/132 131/131/131
f 112/112/112 113/113/113 133/133/133 132/132/132
f 113/113/113 114/114/114 134/134/134 133/133/133
f 114/114/114 115/115/115 135/135/135 134/134/134
f 115/115/115 116/116/116 136/136/136 135/135/135
f 116/116/116 117/117/117 137/137/137 136/136/136
f 117/117/117 118/118/118 138/138/138 137/137/137
f 118/118/118 119/119/119 139/139/139 138/138/138
f 119/119/119 120/120/120 140/140/140 139/139/139
f 120/120/120 101/102/102 121/122/122 140/140/140
f 121/122/122 122/121/121 142/141/141 141/142/142
f 122/121/121 123/123/123 143/143/143 142/141/141
f 123/123/123 124/124/124 144/144/144 143/143/143
f 124/124/124 125/125/125 145/145/145 144/144/144
f 125/125/125 126/126/126 146/146/146 145/145/145
f 126/126/126 127/127/127 147/147/147 146/146/146
f 127/127/127 128/128/128 148/148/148 147/147/147
f 128/128/128 129/129/129 149/149/149 148/148/148
f 129/129/129 130/130/130 150/150/150 149/149/149
f 130/130/130 131/131/131 151/151/151 150/150/150
f 131/131/131 132/132/132 152/152/152 151/151/151
f 132/132/132 133/133/133 153/153/153 152/152/152
f 133/133/133 134/134/134 154/154/154 153/153/153
f 134/134/134 135/135/135 155/155/155 154/154/154
f 135/135/135 136/136/136 156/156/156 155/155/155
f 136/136/136 137/137/137 157/157/157 156/156/156
f 137/137/137 138/138/138 158/158/158 157/157/157
f 138/138/138 139/139/139 159/159/159 158/158/158
f 139/139/139 140/140/140 160/160/160 159/159/159
f 140/140/140 121/122/122 141/142/142 160/160/160
f 141/142/142 142/141/141 162/161/161 161/162/162
f 142/141/141 143/143/143 163/163/163 162/161/161
f 143/143/143 144/144/144 164/164/164 163/163/163
f 144/144/144 145/145/145 165/165/165 164/164/164
f 145/145/145 146/146/146 166/166/166 165/165/165
f 146/146/146 147/147/147 167/167/167 166/166/166
f 147/147/147 148/148/148 168/168/168 167/167/167
f 148/148/148 149/149/149 169/169/169 168/168/168
f 149/149/149 150/150/150 170/170/170 169/169/169
f 150/150/150 151/151/151 171/171/171 170/170/170
f 151/151/151 152/152/152 172/172/172 171/171/171
f 152/152/152 153/153/153 173/173/173 172/172/172
f 153/153/153 154/154/154 174/174/174 173/173/173
f 154/154/154 155/155/155 175/175/175 174/174/174
f 155/155/155 156/156/156 176/176/176 175/175/175
f 156/156/156 157/157/157 177/177/177 176/176/176
f 157/157/157 158/158/158 178/178/178 177/177/177
f 158/158/158 159/159/159 179/179/179 178/178/178
f 159/159/159 160/160/160 180/180/180 179/179/179
f 160/160/160 141/142/142 161/162/162 180/180/180
f 161/162/162 162/161/161 182/181/181 181/182/182
f 162/161/161 163/163/163 183/183/183 182/181/181
f 163/163/163 164/164/164 184/184/184 183/183/183
f 164/164/164 165/165/165 185/185/185 184/184/184
f 165/165/165 166/166/166 186/186/186 185/185/185
f 166/166/166 167/167/167 187/187/187 186/186/186
f 167/167/167 168/168/168 188/188/188 187/187/187
f 168/168/168 169/169/169 189/189/189 188/188/188
f 169/169/169 170/170/170 190/190/190 189/189/189
f 170/170/170 171/171/171 191/191/191 190/190/190
f 171/171/171 172/172/172 192/192/192 191/191/191
f 172/172/172 173/173/173 193/193/193 192/192/192
f 173/173/173 174/174/174 194/194/194 193/193/193
f 174/174/174 175/175/175 195/195/195 194/194/194
f 175/175/175 176/176/176 196/196/196 195/195/195
f 176/176/176 177/177/177 197/197/197 196/196/196
f 177/177/177 178/178/178 198/198/198 197/197/197
f 178/178/178 179/179/179 199/199/199 198/198/198
f 179/179/179 180/180/180 200/200/200 199/199/199
f 180/180/180 161/162/162 181/182/182 200/200/200
f 181/182/182 182/181/181 202/201/201 201/202/202
f 182/181/181 183/183/183 203/203/203 202/201/201
f 183/183/183 184/184/184 204/204/204 203/203/203
f 184/184/184 185/185/185 205/205/205 204/204/204
f 185/185/185 186/186/186 206/206/206 205/205/205
f 186/186/186 187/187/187 207/207/207 206/206/206
f 187/187/187 188/188/188 208/208/208 207/207/207
f 188/188/188 189/189/189 209/209/209 208/208/208
f 189/189/189 190/190/190 210/210/210 209/209/209
f 190/190/190 191/191/191 211/211/211 210/210/210
f 191/191/191 192/192/192 212/212/212 211/211/211
f 192/192/192 193/193/193 213/213/213 212/212/212
f 193/193/193 194/194/194 214/214/214 213/213/213
f 194/194/194 195/195/195 215/215/215 214/214/214
f 195/195/195 196/196/196 216/216/216 215/215/215
f 196/196/196 197/197/197 217/217/217 216/216/216
f 197/197/197 198/198/198 218/218/218 217/217/217
f 198/198/198 199/199/199 219/219/219 218/218/218
f 199/199/199 200/200/200 220/220/220 219/219/219
f 200/200/200 181/182/182 201/202/202 220/220/220
f 201/202/202 202/201/201 222/221/221 221/222/222
f 202/201/201 203/203/203 223/223/223 222/221/221
f 203/203/203 204/204/204 224/224/224 223/223/223
f 204/204/204 205/205/205 225/225/225 224/224/224
f 205/205/205 206/206/206 226/226/226 225/225/225
f 206/206/206 207/207/207 227/227/227 226/226/226
f 207/207/207 208/208/208 228/228/228 227/227/227
f 208/208/208 209/209/209 229/229/229 228/228/228
f 209/209/209 210/210/210 230/230/230 229/229/229
f 210/210/210 211/211/211 231/231/231 230/230/230
f 211/211/211 212/212/212 232/232/232 231/231/231
f 212/212/212 213/213/213 233/233/233 232/232/232
f 213/213/213 214/214/214 234/234/234 233/233/233
f 214/214/214 215/215/215 235/235/235 234/234/234
f 215/215/215 216/216/216 236/236/236 235/235/235
f 216/216/216 217/217/217 237/237/237 236/236/236
f 217/217/217 218/218/218 238/238/238 237/237/237
f 218/218/218 219/219/219 239/239/239 238/238/238
f 219/219/219 220/220/220 240/240/240 239/239/239
f 220/220/220 201/202/202 221/222/222 240/240/240
f 221/222/222 222/221/221 242/241/241 241/242/242
f 222/221/221 223/223/223 243/243/243 242/241/241
f 223/223/223 224/224/224 244/244/244 243/243/243
f 224/224/224 225/225/225 245/245/245 244/244/244
f 225/225/225 226/226/226 246/246/246 245/245/245
f 226/226/226 227/227/227 247/247/247 246/246/246
f 227/227/227 228/228/228 248/248/248 247/247/247
f 228/228/228 229/229/229 249/249/249 248/248/248
f 229/229/229 230/230/230 250/250/250 249/249/249
f 230/230/230 231/231/231 251/251/251 250/250/250
f 231/231/231 232/232/232 252/252/252 251/251/251
f 232/232/232 233/233/233 253/253/253 252/252/252
f 233/233/233 234/234/234 254/254/254 253/253/253
f 234/234/234 235/235/235 255/255/255 254/254/254
f 235/235/235 236/236/236 256/256/256 255/255/255
f 236/236/236 237/237/237 257/257/257 256/256/256
f 237/237/237 238/238/238 258/258/258 257/257/257
f 238/238/238 239/239/239 259/259/259 258/258/258
f 239/239/239 240/240/240 260/260/260 259/259/259
f 240/240/240 221/222/222 241/242/242 260/260/260
f 241/242/242 242/241/241 262/261/261 261/262/262
f 242/241/241 243/243/243 263/263/263 262/261/261
f 243/243/243 244/244/244 264/264/264 263/263/263
f 244/244/244 245/245/245 265/265/265 264/264/264
f 245/245/245 246/246/246 266/266/266 265/265/265
f 246/246/246 247/247/247 267/267/267 266/266/266
f 247/247/247 248/248/248 268/268/268 267/267/267
f 248/248/248 249/249/249 269/269/269 268/268/268
f 249/249/249 250/250/250 270/270/270 269/269/269
f 250/250/250 251/251/251 271/271/271 270/270/270
f 251/251/251 252/252/252 272/272/272 271/271/271
f 252/252/252 253/253/253 273/273/273 272/272/272
f 253/253/253 254/254/254 274/274/274 273/273/273
f 254/254/254 255/255/255 275/275/275 274/274/274
f 255/255/255 256/256/256 276/276/276 275/275/275
f 256/256/256 257/257/257 277/277/277 276/276/276
f 257/257/257 258/258/258 278/278/278 277/277/277
f 258/258/258 259/259/259 279/279/279 278/278/278
f 259/259/259 260/260/260 280/280/280 279/279/279
f 260/260/260 241/242/242 261/262/262 280/280/280
f 261/262/262 262/261/261 282/281/281 281/282/282
f 262/261/261 263/263/263 283/283/283 282/281/281
f 263/263/263 264/264/264 284/284/284 283/283/283
f 264/264/264 265/265/265 285/285/285 284/284/284
f 265/265/265 266/266/266 286/286/286 285/285/285
f 266/266/266 267/267/267 287/287/287 286/286/286
f 267/267/267 268/268/268 288/288/288 287/287/287
f 268/268/268 269/269/269 289/289/289 288/288/288
f 269/269/269 270/270/270 290/290/290 289/289/289
f 270/270/270 271/271/271 291/291/291 290/290/290
f 271/271/271 272/272/272 292/292/292 291/291/291
f 272/272/272 273/273/273 293/293/293 292/292/292
f 273/273/273 274/274/274 294/294/294 293/293/293
f 274/274/274 275/275/275 295/295/295 294/294/294
f 275/275/275 276/276/276 296/296/296 295/295/295
f 276/276/276 277/277/277 297/297/297 296/296/296
f 277/277/277 278/278/278 298/298/298 297/297/297
f 278/278/278 279/279/279 299/299/299 298/298/298
f 279/279/279 280/280/280 300/300/300 299/299/299
f 280/280/280 261/262/262 281/282/282 300/300/300
f 281/282/282 282/281/281 302/301/301 301/302/302
f 282/281/281 283/283/283 303/303/303 302/301/301
f 283/283/283 284/284/284 304/304/304 303/303/303
f 284/284/284 285/285/285 305/305/305 304/304/304
f 285/285/285 286/286/286 306/306/306 305/305/305
f 286/286/286 287/287/287 307/307/307 306/306/306
f 287/287/287 288/288/288 308/308/308 307/307/307
f 288/288/288 289/289/289 309/309/309 308/308/308
f 289/289/289 290/290/290 310/310/310 309/309/309
f 290/290/290 291/291/291 311/311/311 310/310/310
f 291/291/291 292/292/292 312/312/312 311/311/311
f 292/292/292 293/293/293 313/313/313 312/312/312
f 293/293/293 294/294/294 314/314/314 313/313/313
f 294/294/294 295/295/295 315/315/315 314/314/314
f 295/295/295 296/296/296 316/316/316 315/315/315
f 296/296/296 297/297/297 317/317/317 316/316/316
f 297/297/297 298/298/298 318/318/318 317/317/317
f 298/298/298 299/299/299 319/319/319 318/318/318
f 299/299/299 300/300/300 320/320/320 319/319/319
f 300/300/300 281/282/282 301/302/302 320/320/320
f 321/321/321 322/322/322 342/323/323 341/324/324
f 322/322/322 323/325/325 343/326/326 342/323/323
f 323/325/325 324/327/327 344/328/328 343/326/326
f 324/327/327 325/329/329 345/330/330 344/328/328
f 325/329/329 326/331/331 346/332/332 345/330/330
f 326/331/331 327/333/333 347/334/334 346/332/332
f 327/333/333 328/335/335 348/336/336 347/334/334
f 328/335/335 329/337/337 349/338/338 348/336/336
f 329/337/337 330/339/339 350/340/340 349/338/338
f 330/339/339 331/341/341 351/342/342 350/340/340
f 331/341/341 332/343/343 352/344/344 351/342/342
f 332/343/343 333/345/345 353/346/346 352/344/344
f 333/345/345 334/347/347 354/348/348 353/346/346
f 334/347/347 335/349/349 355/350/350 354/348/348
f 335/349/349 336/351/351 356/352/352 355/350/350
f 336/351/351 337/353/353 357/354/354 356/352/352
f 337/353/353 338/355/355 358/356/356 357/354/354
f 338/355/355 339/357/357 359/358/358 358/356/356
f 339/357/357 340/359/359 360/360/360 359/358/358
f 340/359/359 321/321/321 341/324/324 360/360/360
f 2/2/2 1/1/1 361/361/361
f 3/5/5 2/2/2 361/361/361
f 4/7/7 3/5/5 361/361/361
f 5/9/9 4/7/7 361/361/361
f 6/11/11 5/9/9 361/361/361
f 7/13/13 6/11/11 361/361/361
f 8/15/15 7/13/13 361/361/361
f 9/17/17 8/15/15 361/361/361
f 10/19/19 9/17/17 361/361/361
f 11/21/21 10/19/19 361/361/361
f 12/23/23 11/21/21 361/361/361
f 13/25/25 12/23/23 361/361/361
f 14/27/27 13/25/25 361/361/361
f 15/29/29 14/27/27 361/361/361
f 16/31/31 15/29/29 361/361/361
f 17/33/33 16/31/31 361/361/361
f 18/35/35 17/33/33 361/361/361
f 19/37/37 18/35/35 361/361/361
f 20/39/39 19/37/37 361/361/361
f 1/1/1 20/39/39 361/361/361
f 341/324/324 342/323/323 362/362/362
f 342/323/323 343/326/326 362/362/362
f 343/326/326 344/328/328 362/362/362
f 344/328/328 345/330/330 362/362/362
f 345/330/330 346/332/332 362/362/362
f 346/332/332 347/334/334 362/362/362
f 347/334/334 348/336/336 362/362/362
f 348/336/336 349/338/338 362/362/362
f 349/338/338 350/340/340 362/362/362
f 350/340/340 351/342/342 362/362/362
f 351/342/342 352/344/344 362/362/362
f 352/344/344 353/346/346 362/362/362
f 353/346/346 354/348/348 362/362/362
f 354/348/348 355/350/350 362/362/362
f 355/350/350 356/352/352 362/362/362
f 356/352/352 357/354/354 362/362/362
f 357/354/354 358/356/356 362/362/362
f 358/356/356 359/358/358 362/362/362
f 359/358/358 360/360/360 362/362/362
f 360/360/360 341/324/324 362/362/362
s 3
f 363/363/363 364/364/364 384/365/365 383/366/366
f 364/364/364 365/367/367 385/368/368 384/365/365
f 365/367/367 366/369/369 386/370/370 385/368/368
f 366/369/369 367/371/371 387/372/372 386/370/370
f 367/371/371 368/373/373 388/374/374 387/372/372
f 368/373/373 369/375/375 389/376/376 388/374/374
f 369/375/375 370/377/377 390/378/378 389/376/376
f 370/377/377 371/379/379 391/380/380 390/378/378
f 371/379/379 372/381/381 392/382/382 391/380/380
f 372/381/381 373/383/383 393/384/384 392/382/382
f 373/383/383 374/385/385 394/386/386 393/384/384
f 374/385/385 375/387/387 395/388/388 394/386/386
f 375/387/387 376/389/389 396/390/390 395/388/388
f 376/389/389 377/391/391 397/392/392 396/390/390
f 377/391/391 378/393/393 398/394/394 397/392/392
f 378/393/393 379/395/395 399/396/396 398/394/394
f 379/395/395 380/397/397 400/398/398 399/396/396
f 380/397/397 381/399/399 401/400/400 400/398/398
f 381/399/399 382/401/401 402/402/402 401/400/400
f 382/401/401 363/363/363 383/366/366 402/402/402
f 383/366/366 384/365/365 404/403/403 403/404/404
f 384/365/365 385/368/368 405/405/405 404/403/403
f 385/368/368 386/370/370 406/406/406 405/405/405
f 386/370/370 387/372/372 407/407/407 406/406/406
f 387/372/372 388/374/374 408/408/408 407/407/407
f 388/374/374 389/376/376 409/409/409 408/408/408
f 389/376/376 390/378/378 410/410/410 409/409/409
f 390/378/378 391/380/380 411/411/411 410/410/410
f 391/380/380 392/382/382 412/412/412 411/411/411
f 392/382/382 393/384/384 413/413/413 412/412/412
f 393/384/384 394/386/386 414/414/414 413/413/413
f 394/386/386 395/388/388 415/415/415 414/414/414
f 395/388/388 396/390/390 416/416/416 415/415/415
f 396/390/390 397/392/392 417/417/417 416/416/416
f 397/392/392 398/394/394 418/418/418 417/417/417
f 398/394/394 399/396/396 419/419/419 418/418/418
f 399/396/396 400/398/398 420/420/420 419/419/419
f 400/398/398 401/400/400 421/421/421 420/420/420
f 401/400/400 402/402/402 422/422/422 421/421/421
f 402/402/402 383/366/366 403/404/404 422/422/422
f 403/404/404 404/403/403 424/423/423 423/424/424
f 404/403/403 405/405/405 425/425/425 424/423/423
f 405/405/405 406/406/406 426/426/426 425/425/425
f 406/406/406 407/407/407 427/427/427 426/426/426
f 407/407/407 408/408/408 428/428/428 427/427/427
f 408/408/408 409/409/409 429/429/429 428/428/428
f 409/409/409 410/410/410 430/430/430 429/429/429
f 410/410/410 411/411/411 431/431/431 430/430/430
f 411/411/411 412/412/412 432/432/432 431/431/431
f 412/412/412 413/413/413 433/433/433 432/432/432
f 413/413/413 414/414/414 434/434/434 433/433/433
f 414/414/414 415/415/415 435/435/435 434/434/434
f 415/415/415 416/416/416 436/436/436 435/435/435
f 416/416/416 417/417/417 437/437/437 436/436/436
f 417/417/417 418/418/418 438/438/438 437/437/437
f 418/418/418 419/419/419 439/439/439 438/438/438
f 419/419/419 420/420/420 440/440/440 439/439/439
f 420/420/420 421/421/421 441/441/441 440/440/440
f 421/421/421 422/422/422 442/442/442 441/441/441
f 422/422/422 403/404/404 423/424/424 442/442/442
f 423/424/424 424/423/423 444/443/443 443/444/444
f 424/423/423 425/425/425 445/445/445 444/443/443
f 425/425/425 426/426/426 446/446/446 445/445/445
f 426/426/426 427/427/427 447/447/447 446/446/446
f 427/427/427 428/428/428 448/448/448 447/447/447
f 428/428/428 429/429/429 449/449/449 448/448/448
f 429/429/429 430/430/430 450/450/450 449/449/449
f 430/430/430 431/431/431 451/451/451 450/450/450
f 431/431/431 432/432/432 452/452/452 451/451/451
f 432/432/432 433/433/433 453/453/453 452/452/452
f 433/433/433 434/434/434 454/454/454 453/453/453
f 434/434/434 435/435/435 455/455/455 454/454/454
f 435/435/435 436/436/436 456/456/456 455/455/455
f 436/436/436 437/437/437 457/457/457 456/456/456
f 437/437/437 438/438/438 458/458/458 457/457/457
f 438/438/438 439/439/439 459/459/459 458/458/458
f 439/439/439 440/440/440 460/460/460 459/459/459
f 440/440/440 441/441/441 461/461/461 460/460/460
f 441/441/441 442/442/442 462/462/462 461/461/461
f 442/442/442 423/424/424 443/444/444 462/462/462
f 443/444/444 444/443/443 464/463/463 463/464/464
f 444/443/443 445/445/445 465/465/465 464/463/463
f 445/445/445 446/446/446 466/466/466 465/465/465
f 446/446/446 447/447/447 467/467/467 466/466/466
f 447/447/447 448/448/448 468/468/468 467/467/467
f 448/448/448 449/449/449 469/469/469 468/468/468
f 449/449/449 450/450/450 470/470/470 469/469/469
f 450/450/450 451/451/451 471/471/471 470/470/470
f 451/451/451 452/452/452 472/472/472 471/471/471
f 452/452/452 453/453/453 473/473/473 472/472/472
f 453/453/453 454/454/454 474/474/474 473/473/473
f 454/454/454 455/455/455 475/475/475 474/474/474
f 455/455/455 456/456/456 476/476/476 475/475/475
f 456/456/456 457/457/457 477/477/477 476/476/476
f 457/457/457 458/458/458 478/478/478 477/477/477
f 458/458/458 459/459/459 479/479/479 478/478/478
f 459/459/459 460/460/460 480/480/480 479/479/479
f 460/460/460 461/461/461 481/481/481 480/480/480
f 461/461/461 462/462/462 482/482/482 481/481/481
f 462/462/462 443/444/444 463/464/464 482/482/482
f 463/464/464 464/463/463 484/483/483 483/484/484
f 464/463/463 465/465/465 485/485/485 484/483/483
f 465/465/465 466/466/466 486/486/486 485/485/485
f 466/466/466 467/467/467 487/487/487 486/486/486
f 467/467/467 468/468/468 488/488/488 487/487/487
f 468/468/468 469/469/469 489/489/489 488/488/488
f 469/469/469 470/470/470 490/490/490 489/489/489
f 470/470/470 471/471/471 491/491/491 490/490/490
f 471/471/471 472/472/472 492/492/492 491/491/491
f 472/472/472 473/473/473 493/493/493 492/492/492
f 473/473/473 474/474/474 494/494/494 493/493/493
f 474/474/474 475/475/475 495/495/495 494/494/494
f 475/475/475 476/476/476 496/496/496 495/495/495
f 476/476/476 477/477/477 497/497/497 496/496/496
f 477/477/477 478/478/478 498/498/498 497/497/497
f 478/478/478 479/479/479 499/499/499 498/498/498
f 479/479/479 480/480/480 500/500/500 499/499/499
f 480/480/480 481/481/481 501/501/501 500/500/500
f 481/481/481 482/482/482 502/502/502 501/501/501
f 482/482/482 463/464/464 483/484/484 502/502/502
f 483/484/484 484/483/483 504/503/503 503/504/504
f 484/483/483 485/485/485 505/505/505 504/503/503
f 485/485/485 486/486/486 506/506/506 505/505/505
f 486/486/486 487/487/487 507/507/507 506/506/506
f 487/487/487 488/488/488 508/508/508 507/507/507
f 488/488/488 489/489/489 509/509/509 508/508/508
f 489/489/489 490/490/490 510/510/510 509/509/509
f 490/490/490 491/491/491 511/511/511 510/510/510
f 491/491/491 492/492/492 512/512/512 511/511/511
f 492/492/492 493/493/493 513/513/513 512/512/512
f 493/493/493 494/494/494 514/514/514 513/513/513
f 494/494/494 495/495/495 515/515/515 514/514/514
f 495/495/495 496/496/496 516/516/516 515/515/515
f 496/496/496 497/497/497 517/517/517 516/516/516
f 497/497/497 498/498/498 518/518/518 517/517/517
f 498/498/498 499/499/499 519/519/519 518/518/518
f 499/499/499 500/500/500 520/520/520 519/519/519
f 500/500/500 501/501/501 521/521/521 520/520/520
f 501/501/501 502/502/502 522/522/522 521/521/521
f 502/502/502 483/484/484 503/504/504 522/522/522
f 503/504/504 504/503/503 524/523/523 523/524/524
f 504/503/503 505/505/505 525/525/525 524/523/523
f 505/505/505 506/506/506 526/526/526 525/525/525
f 506/506/506 507/507/507 527/527/527 526/526/526
f 507/507/507 508/508/508 528/528/528 527/527/527
f 508/508/508 509/509/509 529/529/529 528/528/528
f 509/509/509 510/510/510 530/530/530 529/529/529
f 510/510/510 511/511/511 531/531/531 530/530/530
f 511/511/511 512/512/512 532/532/532 531/531/531
f 512/512/512 513/513/513 533/533/533 532/532/532
f 513/513/513 514/514/514 534/534/534 533/533/533
f 514/514/514 515/515/515 535/535/535 534/534/534
f 515/515/515 516/516/516 536/536/536 535/535/535
f 516/516/516 517/517/517 537/537/537 536/536/536
f 517/517/517 518/518/518 538/538/538 537/537/537
f 518/518/518 519/519/519 539/539/539 538/538/538
f 519/519/519 520/520/520 540/540/540 539/539/539
f 520/520/520 521/521/521 541/541/541 540/540/540
f 521/521/521 522/522/522 542/542/542 541/541/541
f 522/522/522 503/504/504 523/524/524 542/542/542
f 523/524/524 524/523/523 544/543/543 543/544/544
f 524/523/523 525/525/525 545/545/545 544/543/543
f 525/525/525 526/526/526 546/546/546 545/545/545
f 526/526/526 527/527/527 547/547/547 546/546/546
f 527/527/527 528/528/528 548/548/548 547/547/547
f 528/528/528 529/529/529 549/549/549 548/548/548
f 529/529/529 530/530/530 550/550/550 549/549/549
f 530/530/530 531/531/531 551/551/551 550/550/550
f 531/531/531 532/532/532 552/552/552 551/551/551
f 532/532/532 533/533/533 553/553/553 552/552/552
f 533/533/533 534/534/534 554/554/554 553/553/553
f 534/534/534 535/535/535 555/555/555 554/554/554
f 535/535/535 536/536/536 556/556/556 555/555/555
f 536/536/536 537/537/537 557/557/557 556/556/556
f 537/537/537 538/538/538 558/558/558 557/557/557
f 538/538/538 539/539/539 559/559/559 558/558/558
f 539/539/539 540/540/540 560/560/560 559/559/559
f 540/540/540 541/541/541 561/561/561 560/560/560
f 541/541/541 542/542/542 562/562/562 561/561/561
f 542/542/542 523/524/524 543/544/544 562/562/562
f 543/544/544 544/543/543 564/563/563 563/564/564
f 544/543/543 545/545/545 565/565/565 564/563/563
f 545/545/545 546/546/546 566/566/566 565/565/565
f 546/546/546 547/547/547 567/567/567 566/566/566
f 547/547/547 548/548/548 568/568/568 567/567/567
f 548/548/548 549/549/549 569/569/569 568/568/568
f 549/549/549 550/550/550 570/570/570 569/569/569
f 550/550/550 551/551/551 571/571/571 570/570/570
f 551/551/551 552/552/552 572/572/572 571/571/571
f 552/552/552 553/553/553 573/573/573 572/572/572
f 553/553/553 554/554/554 574/574/574 573/573/573
f 554/554/554 555/555/555 575/575/575 574/574/574
f 555/555/555 556/556/556 576/576/576 575/575/575
f 556/556/556 557/557/557 577/577/577 576/576/576
f 557/557/557 558/558/558 578/578/578 577/577/577
f 558/558/558 559/559/559 579/579/579 578/578/578
f 559/559/559 560/560/560 580/580/580 579/579/579
f 560/560/560 561/561/561 581/581/581 580/580/580
f 561/561/561 562/562/562 582/582/582 581/581/581
f 562/562/562 543/544/544 563/564/564 582/582/582
f 563/564/564 564/563/563 584/583/583 583/584/584
f 564/563/563 565/565/565 585/585/585 584/583/583
f 565/565/565 566/566/566 586/586/586 585/585/585
f 566/566/566 567/567/567 587/587/587 586/586/586
f 567/567/567 568/568/568 588/588/588 587/587/587
f 568/568/568 569/569/569 589/589/589 588/588/588
f 569/569/569 570/570/570 590/590/590 589/589/589
f 570/570/570 571/571/571 591/591/591 590/590/590
f 571/571/571 572/572/572 592/592/592 591/591/591
f 572/572/572 573/573/573 593/593/593 592/592/592
f 573/573/573 574/574/574 594/594/594 593/593/593
f 574/574/574 575/575/575 595/595/595 594/594/594
f 575/575/575 576/576/576 596/596/596 595/595/595
f 576/576/576 577/577/577 597/597/597 596/596/596
f 577/577/577 578/578/578 598/598/598 597/597/597
f 578/578/578 579/579/579 599/599/599 598/598/598
f 579/579/579 580/580/580 600/600/600 599/599/599
f 580/580/580 581/581/581 601/601/601 600/600/600
f 581/581/581 582/582/582 602/602/602 601/601/601
f 582/582/582 563/564/564 583/584/584 602/602/602
f 583/584/584 584/583/583 604/603/603 603/604/604
f 584/583/583 585/585/585 605/605/605 604/603/603
f 585/585/585 586/586/586 606/606/606 605/605/605
f 586/586/586 587/587/587 607/607/607 606/606/606
f 587/587/587 588/588/588 608/608/608 607/607/607
f 588/588/588 589/589/589 609/609/609 608/608/608
f 589/589/589 590/590/590 610/610/610 609/609/609
f 590/590/590 591/591/591 611/611/611 610/610/610
f 591/591/591 592/592/592 612/612/612 611/611/611
f 592/592/592 593/593/593 613/613/613 612/612/612
f 593/593/593 594/594/594 614/614/614 613/613/613
f 594/594/594 595/595/595 615/615/615 614/614/614
f 595/595/595 596/596/596 616/616/616 615/615/615
f 596/596/596 597/597/597 617/617/617 616/616/616
f 597/597/597 598/598/598 618/618/618 617/617/617
f 598/598/598 599/599/599 619/619/619 618/618/618
f 599/599/599 600/600/600 620/620/620 619/619/619
f 600/600/600 601/601/601 621/621/621 620/620/620
f 601/601/601 602/602/602 622/622/622 621/621/621
f 602/602/602 583/584/584 603/604/604 622/622/622
f 603/604/604 604/603/603 624/623/623 623/624/624
f 604/603/603 605/605/605 625/625/625 624/623/623
f 605/605/605 606/606/606 626/626/626 625/625/625
f 606/606/606 607/607/607 627/627/627 626/626/626
f 607/607/607 608/608/608 628/628/628 627/627/627
f 608/608/608 609/609/609 629/629/629 628/628/628
f 609/609/609 610/610/610 630/630/630 629/629/629
f 610/610/610 611/611/611 631/631/631 630/630/630
f 611/611/611 612/612/612 632/632/632 631/631/631
f 612/612/612 613/613/613 633/633/633 632/632/632
f 613/613/613 614/614/614 634/634/634 633/633/633
f 614/614/614 615/615/615 635/635/635 634/634/634
f 615/615/615 616/616/616 636/636/636 635/635/635
f 616/616/616 617/617/617 637/637/637 636/636/636
f 617/617/617 618/618/618 638/638/638 637/637/637
f 618/618/618 619/619/619 639/639/639 638/638/638
f 619/619/619 620/620/620 640/640/640 639/639/639
f 620/620/620 621/621/621 641/641/641 640/640/640
f 621/621/621 622/622/622 642/642/642 641/641/641
f 622/622/622 603/604/604 623/624/624 642/642/642
f 623/624/624 624/623/623 644/643/643 643/644/644
f 624/623/623 625/625/625 645/645/645 644/643/643
f 625/625/625 626/626/626 646/646/646 645/645/645
f 626/626/626 627/627/627 647/647/647 646/646/646
f 627/627/627 628/628/628 648/648/648 647/647/647
f 628/628/628 629/629/629 649/649/649 648/648/648
f 629/629/629 630/630/630 650/650/650 649/649/649
f 630/630/630 631/631/631 651/651/651 650/650/650
f 631/631/631 632/632/632 652/652/652 651/651/651
f 632/632/632 633/633/633 653/653/653 652/652/652
f 633/633/633 634/634/634 654/654/654 653/653/653
f 634/634/634 635/635/635 655/655/655 654/654/654
f 635/635/635 636/636/636 656/656/656 655/655/655
f 636/636/636 637/637/637 657/657/657 656/656/656
f 637/637/637 638/638/638 658/658/658 657/657/657
f 638/638/638 639/639/639 659/659/659 658/658/658
f 639/639/639 640/640/640 660/660/660 659/659/659
f 640/640/640 641/641/641 661/661/661 660/660/660
f 641/641/641 642/642/642 662/662/662 661/661/661
f 642/642/642 623/624/624 643/644/644 662/662/662
f 643/644/644 644/643/643 664/663/663 663/664/664
f 644/643/643 645/645/645 665/665/665 664/663/663
f 645/645/645 646/646/646 666/666/666 665/665/665
f 646/646/646 647/647/647 667/667/667 666/666/666
f 647/647/647 648/648/648 668/668/668 667/667/667
f 648/648/648 649/649/649 669/669/669 668/668/668
f 649/649/649 650/650/650 670/670/670 669/669/669
f 650/650/650 651/651/651 671/671/671 670/670/670
f 651/651/651 652/652/652 672/672/672 671/671/671
f 652/652/652 653/653/653 673/673/673 672/672/672
f 653/653/653 654/654/654 674/674/674 673/673/673
f 654/654/654 655/655/655 675/675/675 674/674/674
f 655/655/655 656/656/656 676/676/676 675/675/675
f 656/656/656 657/657/657 677/677/677 676/676/676
f 657/657/657 658/658/658 678/678/678 677/677/677
f 658/658/658 659/659/659 679/679/679 678/678/678
f 659/659/659 660/660/660 680/680/680 679/679/679
f 660/660/660 661/661/661 681/681/681 680/680/680
f 661/661/661 662/662/662 682/682/682 681/681/681
f 662/662/662 643/644/644 663/664/664 682/682/682
f 683/683/683 684/684/684 704/685/685 703/686/686
f 684/684/684 685/687/687 705/688/688 704/685/685
f 685/687/687 686/689/689 706/690/690 705/688/688
f 686/689/689 687/691/691 707/692/692 706/690/690
f 687/691/691 688/693/693 708/694/694 707/692/692
f 688/693/693 689/695/695 709/696/696 708/694/694
f 689/695/695 690/697/697 710/698/698 709/696/696
f 690/697/697 691/699/699 711/700/700 710/698/698
f 691/699/699 692/701/701 712/702/702 711/700/700
f 692/701/701 693/703/703 713/704/704 712/702/702
f 693/703/703 694/705/705 714/706/706 713/704/704
f 694/705/705 695/707/707 715/708/708 714/706/706
f 695/707/707 696/709/709 716/710/710 715/708/708
f 696/709/709 697/711/711 717/712/712 716/710/710
f 697/711/711 698/713/713 718/714/714 717/712/712
f 698/713/713 699/715/715 719/716/716 718/714/714
f 699/715/715 700/717/717 720/718/718 719/716/716
f 700/717/717 701/719/719 721/720/720 720/718/718
f 701/719/719 702/721/721 722/722/722 721/720/720
f 702/721/721 683/683/683 703/686/686 722/722/722
f 364/364/364 363/363/363 723/723/723
f 365/367/367 364/364/364 723/723/723
f 366/369/369 365/367/367 723/723/723
f 367/371/371 366/369/369 723/723/723
f 368/373/373 367/371/371 723/723/723
f 369/375/375 368/373/373 723/723/723
f 370/377/377 369/375/375 723/723/723
f 371/379/379 370/377/377 723/723/723
f 372/381/381 371/379/379 723/723/723
f 373/383/383 372/381/381 723/723/723
f 374/385/385 373/383/383 723/723/723
f 375/387/387 374/385/385 723/723/723
f 376/389/389 375/387/387 723/723/723
f 377/391/391 376/389/389 723/723/723
f 378/393/393 377/391/391 723/723/723
f 379/395/395 378/393/393 723/723/723
f 380/397/397 379/395/395 723/723/723
f 381/399/399 380/397/397 723/723/723
f 382/401/401 381/399/399 723/723/723
f 363/363/363 382/401/401 723/723/723
f 703/686/686 704/685/685 724/724/724
f 704/685/685 705/688/688 724/724/724
f 705/688/688 706/690/690 724/724/724
f 706/690/690 707/692/692 724/724/724
f 707/692/692 708/694/694 724/724/724
f 708/694/694 709/696/696 724/724/724
f 709/696/696 710/698/698 724/724/724
f 710/698/698 711/700/700 724/724/724
f 711/700/700 712/702/702 724/724/724
f 712/702/702 713/704/704 724/724/724
f 713/704/704 714/706/706 724/724/724
f 714/706/706 715/708/708 724/724/724
f 715/708/708 716/710/710 724/724/724
f 716/710/710 717/712/712 724/724/724
f 717/712/712 718/714/714 724/724/724
f 718/714/714 719/716/716 724/724/724
f 719/716/716 720/718/718 724/724/724
f 720/718/718 721/720/720 724/724/724
f 721/720/720 722/722/722 724/724/724
f 722/722/722 703/686/686 724/724/724
s 1
f 725/725/725 726/726/726 764/727/727 763/728/728
f 726/726/726 725/725/725 727/729/729 728/730/730
f 728/730/730 727/729/729 729/731/731 730/732/732
f 730/732/732 729/731/731 731/733/733 732/734/734
f 732/734/734 731/733/733 733/735/735 734/736/736
f 734/736/736 733/735/735 735/737/737 736/738/738
f 736/738/738 735/737/737 737/739/739 738/740/740
f 738/740/740 737/739/739 739/741/741 740/742/742
f 740/742/742 739/741/741 741/743/743 742/744/744
f 742/744/744 741/743/743 743/745/745 744/746/746
f 744/746/746 743/745/745 745/747/747 746/748/748
f 746/748/748 745/747/747 747/749/749 748/750/750
f 748/750/750 747/749/749 749/751/751 750/752/752
f 750/752/752 749/751/751 751/753/753 752/754/754
f 752/754/754 751/753/753 753/755/755 754/756/756
f 754/756/756 753/755/755 755/757/757 756/758/758
f 756/758/758 755/757/757 757/759/759 758/760/760
f 758/760/760 757/759/759 759/761/761 760/762/762
f 760/762/762 759/761/761 761/763/763 762/764/764
f 762/764/764 761/763/763 763/728/728 764/727/727
s 3
f 765/765/765 766/766/766 804/767/767 803/768/768
f 766/766/766 765/765/765 767/769/769 768/770/770
f 768/770/770 767/769/769 769/771/771 770/772/772
f 770/772/772 769/771/771 771/773/773 772/774/774
f 772/774/774 771/773/773 773/775/775 774/776/776
f 774/776/776 773/775/775 775/777/777 776/778/778
f 776/778/778 775/777/777 777/779/779 778/780/780
f 778/780/780 777/779/779 779/781/781 780/782/782
f 780/782/782 779/781/781 781/783/783 782/784/784
f 782/784/784 781/783/783 783/785/785 784/786/786
f 784/786/786 783/785/785 785/787/787 786/788/788
f 786/788/788 785/787/787 787/789/789 788/790/790
f 788/790/790 787/789/789 789/791/791 790/792/792
f 790/792/792 789/791/791 791/793/793 792/794/794
f 792/794/794 791/793/793 793/795/795 794/796/796
f 794/796/796 793/795/795 795/797/797 796/798/798
f 796/798/798 795/797/797 797/799/799 798/800/800
f 798/800/800 797/799/799 799/801/801 800/802/802
f 800/802/802 799/801/801 801/803/803 802/804/804
f 802/804/804 801/803/803 803/768/768 804/767/767
s 1
f 301/302/302 302/301/301 727/729/729 725/725/725
f 302/301/301 303/303/303 729/731/731 727/729/729
f 303/303/303 304/304/304 731/733/733 729/731/731
f 304/304/304 305/305/305 733/735/735 731/733/733
f 305/305/305 306/306/306 735/737/737 733/735/735
f 306/306/306 307/307/307 737/739/739 735/737/737
f 307/307/307 308/308/308 739/741/741 737/739/739
f 308/308/308 309/309/309 741/743/743 739/741/741
f 309/309/309 310/310/310 743/745/745 741/743/743
f 310/310/310 311/311/311 745/747/747 743/745/745
f 311/311/311 312/312/312 747/749/749 745/747/747
f 312/312/312 313/313/313 749/751/751 747/749/749
f 313/313/313 314/314/314 751/753/753 749/751/751
f 314/314/314 315/315/315 753/755/755 751/753/753
f 315/315/315 316/316/316 755/757/757 753/755/755
f 316/316/316 317/317/317 757/759/759 755/757/757
f 317/317/317 318/318/318 759/761/761 757/759/759
f 318/318/318 319/319/319 761/763/763 759/761/761
f 319/319/319 320/320/320 763/728/728 761/763/763
f 320/320/320 301/302/302 725/725/725 763/728/728
f 726/726/726 728/730/730 322/322/322 321/321/321
f 728/730/730 730/732/732 323/325/325 322/322/322
f 730/732/732 732/734/734 324/327/327 323/325/325
f 732/734/734 734/736/736 325/329/329 324/327/327
f 734/736/736 736/738/738 326/331/331 325/329/329
f 736/738/738 738/740/740 327/333/333 326/331/331
f 738/740/740 740/742/742 328/335/335 327/333/333
f 740/742/742 742/744/744 329/337/337 328/335/335
f 742/744/744 744/746/746 330/339/339 329/337/337
f 744/746/746 746/748/748 331/341/341 330/339/339
f 746/748/748 748/750/750 332/343/343 331/341/341
f 748/750/750 750/752/752 333/345/345 332/343/343
f 750/752/752 752/754/754 334/347/347 333/345/345
f 752/754/754 754/756/756 335/349/349 334/347/347
f 754/756/756 756/758/758 336/351/351 335/349/349
f 756/758/758 758/760/760 337/353/353 336/351/351
f 758/760/760 760/762/762 338/355/355 337/353/353
f 760/762/762 762/764/764 339/357/357 338/355/355
f 762/764/764 764/727/727 340/359/359 339/357/357
f 764/727/727 726/726/726 321/321/321 340/359/359
s 3
f 663/664/664 664/663/663 767/769/769 765/765/765
f 664/663/663 665/665/665 769/771/771 767/769/769
f 665/665/665 666/666/666 771/773/773 769/771/771
f 666/666/666 667/667/667 773/775/775 771/773/773
f 667/667/667 668/668/668 775/777/777 773/775/775
f 668/668/668 669/669/669 777/779/779 775/777/777
f 669/669/669 670/670/670 779/781/781 777/779/779
f 670/670/670 671/671/671 781/783/783 779/781/781
f 671/671/671 672/672/672 783/785/785 781/783/783
f 672/672/672 673/673/673 785/787/787 783/785/785
f 673/673/673 674/674/674 787/789/789 785/787/787
f 674/674/674 675/675/675 789/791/791 787/789/789
f 675/675/675 676/676/676 791/793/793 789/791/791
f 676/676/676 677/677/677 793/795/795 791/793/793
f 677/677/677 678/678/678 795/797/797 793/795/795
f 678/678/678 679/679/679 797/799/799 795/797/797
f 679/679/679 680/680/680 799/801/801 797/799/799
f 680/680/680 681/681/681 801/803/803 799/801/801
f 681/681/681 682/682/682 803/768/768 801/803/803
f 682/682/682 663/664/664 765/765/765 803/768/768
f 766/766/766 768/770/770 684/684/684 683/683/683
f 768/770/770 770/772/772 685/687/687 684/684/684
f 770/772/772 772/774/774 686/689/689 685/687/687
f 772/774/774 774/776/776 687/691/691 686/689/689
f 774/776/776 776/778/778 688/693/693 687/691/691
f 776/778/778 778/780/780 689/695/695 688/693/693
f 778/780/780 780/782/782 690/697/697 689/695/695
f 780/782/782 782/784/784 691/699/699 690/697/697
f 782/784/784 784/786/786 692/701/701 691/699/699
f 784/786/786 786/788/788 693/703/703 692/701/701
f 786/788/788 788/790/790 694/705/705 693/703/703
f 788/790/790 790/792/792 695/707/707 694/705/705
f 790/792/792 792/794/794 696/709/709 695/707/707
f 792/794/794 794/796/796 697/711/711 696/709/709
f 794/796/796 796/798/798 698/713/713 697/711/711
f 796/798/798 798/800/800 699/715/715 698/713/713
f 798/800/800 800/802/802 700/717/717 699/715/715
f 800/802/802 802/804/804 701/719/719 700/717/717
f 802/804/804 804/767/767 702/721/721 701/719/719
f 804/767/767 766/766/766 683/683/683 702/721/721
g default
v 1.919372 9.148755 -0.551460
v 2.071296 8.847597 -0.698083
v 2.248920 8.397959 -0.728952
v 2.506675 8.041055 -0.542101
v 1.919862 9.070062 -0.308919
v 2.046421 8.575932 -0.187306
v 2.213661 8.233835 -0.215946
v 2.516650 8.055340 -0.370901
v 2.223744 9.987290 -0.662857
v 3.352777 7.899453 -0.685677
v 2.978558 10.666448 -1.139091
v 4.235949 8.055077 -1.105955
v 3.781051 10.658671 -1.489317
v 4.399740 10.187702 -1.658284
v 4.779731 9.458154 -1.661566
v 4.727218 8.697085 -1.464680
v 3.725869 10.612241 -1.563301
v 4.250176 10.136474 -1.731335
v 4.624815 9.371628 -1.728721
v 4.634584 8.670360 -1.545310
v 3.001748 10.546510 -1.256680
v 3.378864 9.741983 -1.374619
v 3.781301 8.891841 -1.365298
v 4.141790 8.109041 -1.223232
v 2.255569 9.893032 -0.825572
v 2.534094 9.256421 -0.963095
v 2.885071 8.543159 -0.969057
v 3.276518 7.931157 -0.799489
v 1.021338 6.113702 -0.956916
v 1.150087 6.058694 1.282600
v 1.520242 8.877241 1.215374
v 1.162047 8.713411 -1.149467
v 1.481315 9.330480 -0.098562
v -0.000000 9.056226 -1.377578
v 1.393257 7.438447 -1.400186
v -0.000000 5.954301 -1.163535
v 1.331793 5.880815 0.034713
v 0.000338 5.579296 1.569410
v 1.759044 7.373461 1.447346
v 0.003319 9.226203 1.676598
v 0.000000 7.349366 2.156210
v 0.000018 9.983880 -0.000936
v -0.000000 7.451816 -1.915775
v 2.051735 7.321583 -0.043327
v 1.291748 6.705451 -1.205040
v 0.000000 6.636904 -1.656085
v 1.857453 7.468280 -0.770709
v 1.821167 6.596171 0.018431
v 1.773099 8.183932 1.147511
v 2.033634 7.485933 0.715534
v 1.428916 7.636234 1.566322
v 0.295246 7.593149 1.942464
v 1.362902 8.662502 1.463405
v 0.351372 8.797592 1.751208
v 0.000001 8.331469 1.975479
v -0.000000 5.419503 -0.715572
v 0.573273 5.986686 -1.079629
v 1.164779 5.912473 -0.532324
v 0.710663 5.373654 0.039403
v 1.329264 5.989589 0.670377
v 0.618279 5.819968 1.523112
v 0.000000 5.365130 0.779764
v 1.532891 6.653685 1.558194
v 0.739315 7.234209 1.984278
v 0.000676 9.836340 0.813399
v 0.843596 9.324757 1.373742
v 1.606362 9.100731 0.585214
v 0.847881 9.776194 -0.013717
v 1.500228 9.022049 -0.725218
v 0.700899 8.952662 -1.286413
v 0.000002 9.800554 -0.811883
v 0.000001 8.299541 -1.809114
v 1.312335 8.176930 -1.347454
v 0.729594 7.445436 -1.786572
v 0.547339 5.415138 -0.489993
v 0.505824 5.391645 0.604289
v 0.846442 9.639200 0.735571
v 0.843084 9.571706 -0.756009
v 0.724737 8.247869 -1.685143
v 0.648664 6.671050 -1.539013
v 1.669946 6.659551 -0.656583
v 1.672626 8.230025 -0.911449
v 1.885031 8.278172 0.713141
v 1.821583 6.624837 0.742399
v 0.800671 7.463365 1.834043
v 1.646780 8.147329 1.346113
v 0.802725 8.919263 1.627315
v 0.182544 8.317636 1.921847
v 0.000000 6.594368 1.949983
v 0.000107 6.421240 1.931772
v 0.658044 6.796395 1.935159
v 0.552316 6.556424 1.835992
v 0.725378 6.745099 1.817049
v 1.737258 8.972189 -0.283553
v 1.801573 8.763889 -0.569295
v 1.940699 8.318254 -0.659979
v 2.172482 7.951327 -0.504803
v 2.235730 7.899011 -0.220170
v 2.189121 8.011567 -0.013864
v 1.988813 8.447624 0.032111
v 1.772034 8.855694 -0.041794
v 1.999416 9.145690 -0.447368
v 2.060594 8.668921 -0.315243
v 2.263075 9.931382 -0.688211
v 2.190287 8.360448 -0.317039
v 2.563548 8.189508 -0.412607
v 3.334083 8.033054 -0.693532
v 2.994307 10.547789 -1.117993
v 4.209947 8.171027 -1.089078
v 4.365305 10.109303 -1.587974
v 3.769880 10.537916 -1.436955
v 4.733980 9.445626 -1.591962
v 4.683902 8.754749 -1.414913
v 2.044488 9.214212 -0.551935
v 2.112403 8.756689 -0.444071
v 2.629676 9.246448 -0.770167
v 2.305692 9.834290 -0.769520
v 2.314492 8.437286 -0.471119
v 2.955182 8.628888 -0.766077
v 2.588565 8.234286 -0.508558
v 3.260630 8.114972 -0.758595
v 3.437623 9.713063 -1.202652
v 3.032911 10.412814 -1.181424
v 3.825033 8.965672 -1.193740
v 4.136733 8.275849 -1.152547
v 4.221350 10.038337 -1.584060
v 3.722153 10.455720 -1.462470
v 4.591917 9.369557 -1.585191
v 4.602406 8.761886 -1.438909
v 1.157498 7.650115 1.275223
v 0.735565 7.465203 1.626914
v 0.298543 7.620544 1.638064
v 1.352489 8.055470 1.092040
v 1.114978 8.465405 1.154479
v 0.345255 8.575123 1.381896
v 0.684523 8.630423 1.273758
v 0.149273 8.222605 1.586259
v 0.386965 6.801643 2.080133
v -0.000002 6.653501 2.069625
v 0.353604 7.092136 2.157471
v 0.000000 7.165456 2.206904
v 0.090791 6.936484 2.381243
v -0.000459 6.908957 2.393019
v 0.090757 7.023154 2.367702
v -0.000735 7.060380 2.369061
v 0.593821 6.817121 1.750497
v 0.520095 6.829667 1.779501
v 0.522821 6.781431 1.744030
v 0.000000 6.643538 1.743432
v 0.000000 6.714587 1.801193
v -0.000000 6.661255 1.842246
v 0.536705 6.788377 1.829154
v 0.600761 6.780123 1.799651
v 0.525467 6.746674 1.808947
v -0.000000 6.612840 1.811506
v 0.068714 6.972211 2.444084
v -0.000107 6.967570 2.449217
v 0.069934 7.021393 2.439229
v -0.000545 7.032545 2.444974
v -0.000126 7.069157 2.341241
v 0.121526 7.026814 2.326684
v 0.115988 6.909682 2.341344
v -0.000017 6.879363 2.349987
v -0.001019 7.065376 2.407403
v 0.090348 7.030815 2.405311
v 0.089182 6.950415 2.415967
v -0.000408 6.924059 2.425782
v 0.000000 7.122403 2.259607
v 0.248334 7.065802 2.232152
v 0.234232 6.854103 2.202963
v -0.000011 6.750489 2.212018
v 2.701273 4.374866 0.152400
v 2.822214 4.356100 0.163143
v 2.695646 4.412937 0.169243
v 2.847863 4.390659 0.180021
v 2.617357 4.451694 0.116373
v 2.712103 4.448729 0.152447
v 2.834218 4.431460 0.163143
v 2.711508 4.463266 0.063026
v 2.838025 4.454162 0.064123
v 2.710434 4.447240 -0.013989
v 2.834508 4.430862 -0.022387
v 2.705573 4.410972 -0.032321
v 2.828496 4.392942 -0.042002
v 2.700539 4.375675 -0.013996
v 2.822778 4.357131 -0.022387
v 2.698600 4.362157 0.062859
v 2.820741 4.344376 0.064123
v 2.954899 4.333678 -0.038634
v 2.957116 4.326575 0.063693
v 2.960751 4.368021 -0.061347
v 2.955018 4.332977 0.170548
v 2.961462 4.367788 0.196165
v 2.968441 4.406314 -0.038634
v 2.975425 4.427322 0.063693
v 2.968560 4.405613 0.170548
v 2.759936 4.369615 0.240367
v 2.809654 4.361094 0.205785
v 2.828325 4.393961 0.200905
v 2.753023 4.405274 0.253143
v 2.820586 4.429570 0.205785
v 2.770868 4.438089 0.240367
v 2.822102 4.362557 0.289886
v 2.847042 4.358693 0.261873
v 2.866352 4.387722 0.265422
v 2.832868 4.392230 0.306794
v 2.856759 4.419559 0.261873
v 2.831819 4.423424 0.289886
v 3.036740 4.304375 -0.021253
v 3.064449 4.290174 0.062516
v 3.054275 4.330041 -0.037355
v 3.101491 4.317420 0.062713
v 3.036740 4.301260 0.146482
v 3.054275 4.328640 0.163490
v 3.057408 4.368827 -0.021253
v 3.089751 4.365077 0.062516
v 3.057408 4.365712 0.146482
v 0.000000 0.811020 0.786323
v 0.749015 0.812243 0.710218
v 0.000000 2.079357 1.486543
v 0.914729 2.076327 1.336307
v 0.000000 3.247507 1.257663
v 0.984552 3.265787 0.989509
v -0.000000 4.482911 0.835115
v 0.662532 4.482293 0.621227
v 0.000000 4.488278 -1.012780
v 0.671313 4.483102 -0.746176
v 0.000000 3.247507 -1.156564
v 0.968298 3.283310 -0.784438
v 0.000000 2.084321 -1.396793
v 0.973720 2.075793 -1.226483
v 0.008288 0.782726 -0.916172
v 0.739572 0.781515 -0.656058
v 0.000000 0.553740 -0.252567
v 0.612882 0.680963 -0.001640
v 1.294883 3.341828 0.033497
v 1.279655 0.870289 -0.453302
v 1.566232 0.929306 0.040124
v 1.502252 2.053317 -0.787436
v 1.899845 2.053414 0.005165
v 1.359540 0.910321 0.795555
v 1.854945 2.046384 0.840744
v 1.368575 2.767395 -0.610118
v 1.587891 2.852839 0.021444
v 1.534711 2.834712 0.819451
v 0.941072 0.282854 -0.175491
v 0.880931 0.281620 0.000853
v 1.116515 0.294816 -0.163720
v 1.197652 0.304530 0.006600
v 0.942080 0.286372 0.187210
v 1.122568 0.298064 0.204172
v 0.988954 0.059895 -0.098352
v 0.962829 0.060623 -0.022599
v 1.064582 0.059895 -0.102000
v 1.090069 0.060623 -0.022973
v 0.989883 0.075080 0.047240
v 1.063834 0.075080 0.047676
v 0.996819 -0.009181 -0.089017
v 0.979462 -0.013437 -0.022702
v 1.056437 -0.009181 -0.091773
v 1.073401 -0.013437 -0.022935
v 1.004442 -0.018981 0.033690
v 1.048956 -0.018981 0.033850
v 0.965719 0.034920 0.354002
v 0.993706 0.041658 0.398479
v 0.965719 -0.003581 0.354002
v 0.993706 -0.010318 0.398479
v 1.087219 0.034920 0.354129
v 1.059906 0.041658 0.398834
v 1.059906 -0.010318 0.398834
v 1.087219 -0.003581 0.354129
v 0.983974 0.041658 0.090201
v 1.003689 0.050321 0.104242
v 1.049647 0.050321 0.104299
v 1.068825 0.041658 0.090213
v 1.068825 -0.010318 0.090213
v 1.049647 -0.018981 0.104299
v 1.003689 -0.018981 0.104242
v 0.983974 -0.010318 0.090201
v 0.956368 0.041658 0.276843
v 0.988926 0.050321 0.289029
v 1.064818 0.050321 0.289117
v 1.096488 0.041658 0.276860
v 1.096488 -0.010318 0.276860
v 1.064818 -0.018981 0.289117
v 0.988926 -0.018981 0.289029
v 0.956368 -0.010318 0.276843
v 1.009681 0.030204 -0.112202
v 1.042023 0.030204 -0.114056
v 1.042023 0.001136 -0.114056
v 1.009681 0.001136 -0.112202
v 0.997889 1.068540 1.136510
v 1.310783 2.043929 1.515308
v 1.281986 1.131242 1.136636
v 1.651911 2.031127 1.382222
v 1.215187 2.789690 1.236971
v 1.458251 2.697046 1.143978
v 1.001696 4.212294 -0.149748
v 1.087125 4.151947 0.069974
v 0.918044 4.467424 -0.206219
v 1.001696 4.218747 0.303685
v 0.916401 4.483548 0.317112
v 0.849399 4.748005 -0.111761
v 0.863988 4.817301 0.078993
v 0.839540 4.743335 0.253100
v 2.048616 4.414228 0.014348
v 2.051178 4.393704 0.075191
v 2.046067 4.469114 -0.010326
v 2.048616 4.417578 0.137450
v 2.046067 4.477692 0.161495
v 2.043793 4.537700 0.014535
v 2.044387 4.565353 0.079570
v 2.043793 4.536526 0.139360
v 2.616210 4.388207 0.036604
v 2.615984 4.377236 0.075962
v 2.616798 4.417886 0.022702
v 2.616210 4.389306 0.115747
v 2.616798 4.420697 0.129480
v 2.617357 4.452079 0.036665
v 2.617437 4.465511 0.077397
v 1.032244 4.602209 0.203242
v 1.042902 4.660580 0.083919
v 1.032244 4.604627 -0.046198
v 1.073059 4.466187 -0.096047
v 1.118807 4.355944 -0.046583
v 1.164777 4.314663 0.074906
v 1.118807 4.362838 0.199312
v 1.073059 4.483842 0.247481
v 1.539880 4.571086 0.168047
v 1.544832 4.613397 0.081553
v 1.539880 4.572838 -0.012764
v 1.558843 4.472488 -0.048898
v 1.580099 4.392577 -0.013043
v 1.601458 4.362653 0.075021
v 1.580099 4.397573 0.165198
v 1.558843 4.485286 0.200115
v 0.864760 1.370598 -1.060071
v 1.435946 1.436203 -0.674216
v 1.826218 1.450296 0.010036
v 1.806932 1.436638 0.773495
v 1.546595 1.493849 1.326096
v 1.137913 1.439170 1.396719
v 0.792108 1.368401 1.092268
v -0.000000 1.341930 1.185156
v 0.000000 1.483104 -1.432571
v 0.000000 1.051120 -1.203400
v 0.249500 1.295448 -1.336582
v 0.150005 1.127699 -1.939216
v -0.007982 0.773152 -2.564763
v -0.081153 0.442877 -3.223171
v -0.126783 0.375771 -3.898053
v -0.250572 0.375772 -4.512938
v -0.513928 0.403574 -5.183933
v -0.552674 0.484104 -6.079285
v -0.177016 0.574457 -6.684471
v -0.006437 1.034860 -1.851581
v -0.064598 0.693996 -2.528037
v -0.187552 0.397731 -3.214085
v -0.214988 0.328383 -3.906106
v -0.326108 0.351621 -4.527875
v -0.580495 0.387338 -5.196044
v -0.594565 0.471655 -6.083374
v -0.345640 0.534860 -6.492871
v -0.025748 1.278434 -1.915209
v -0.180464 0.885550 -2.582498
v -0.206863 0.518556 -3.258295
v -0.214988 0.425666 -3.924925
v -0.326108 0.418507 -4.547342
v -0.583013 0.438849 -5.210072
v -0.609672 0.509854 -6.085037
v -0.355711 0.557626 -6.492136
v -1.919371 9.148756 -0.551460
v -2.071296 8.847597 -0.698083
v -2.248920 8.397960 -0.728952
v -2.507927 8.041885 -0.543382
v -1.919862 9.070061 -0.308919
v -2.046421 8.575932 -0.187306
v -2.213661 8.233834 -0.215946
v -2.516652 8.055340 -0.370901
v -2.223744 9.987291 -0.662857
v -3.352777 7.899453 -0.685677
v -2.978558 10.666448 -1.139091
v -4.235949 8.055077 -1.105955
v -3.781051 10.658670 -1.489317
v -4.399740 10.187702 -1.658284
v -4.779731 9.458155 -1.661566
v -4.727219 8.697084 -1.464680
v -3.725869 10.612242 -1.563301
v -4.250175 10.136474 -1.731335
v -4.624815 9.371628 -1.728721
v -4.634584 8.670361 -1.545310
v -3.001748 10.546509 -1.256680
v -3.378864 9.741984 -1.374619
v -3.781301 8.891841 -1.365298
v -4.141790 8.109042 -1.223232
v -2.255569 9.893032 -0.825572
v -2.534094 9.256421 -0.963095
v -2.885070 8.543159 -0.969057
v -3.276518 7.931157 -0.799489
v -1.021338 6.113702 -0.956916
v -1.150087 6.058693 1.282600
v -1.520040 8.877367 1.215505
v -1.162046 8.713412 -1.149466
v -1.481313 9.330481 -0.098561
v -1.393257 7.438447 -1.400186
v -1.331793 5.880815 0.034713
v -1.759044 7.373461 1.447346
v -2.051734 7.321582 -0.043327
v -1.291749 6.705451 -1.205040
v -1.857453 7.468281 -0.770709
v -1.821167 6.596171 0.018431
v -1.773099 8.183932 1.147511
v -2.033634 7.485933 0.715534
v -1.428916 7.636234 1.566322
v -0.295246 7.593149 1.942464
v -1.362902 8.662502 1.463405
v -0.349812 8.797718 1.751425
v -0.573273 5.986686 -1.079629
v -1.164779 5.912473 -0.532324
v -0.710663 5.373654 0.039403
v -1.329264 5.989588 0.670377
v -0.615329 5.822237 1.530163
v -1.532891 6.653685 1.558194
v -0.739315 7.234208 1.984278
v -0.841656 9.325314 1.374368
v -1.606345 9.100766 0.585238
v -0.847879 9.776192 -0.013724
v -1.500228 9.022049 -0.725218
v -0.700900 8.952719 -1.286381
v -1.312335 8.176929 -1.347454
v -0.729594 7.445436 -1.786572
v -0.547339 5.415138 -0.489993
v -0.505824 5.391645 0.604292
v -0.846128 9.639334 0.735676
v -0.843082 9.571695 -0.756031
v -0.724738 8.247874 -1.685140
v -0.648664 6.671050 -1.539013
v -1.669946 6.659551 -0.656583
v -1.672626 8.230025 -0.911449
v -1.885031 8.278172 0.713141
v -1.821582 6.624836 0.742398
v -0.800671 7.463365 1.834043
v -1.646780 8.147330 1.346113
v -0.802066 8.919403 1.627507
v -0.182544 8.317636 1.921847
v -0.658044 6.796396 1.935159
v -0.550657 6.556968 1.836651
v -0.725378 6.745099 1.817049
v -1.737259 8.972189 -0.283554
v -1.801573 8.763888 -0.569295
v -1.940699 8.318254 -0.659979
v -2.172482 7.951327 -0.504803
v -2.235730 7.899011 -0.220170
v -2.189121 8.011567 -0.013864
v -1.988814 8.447623 0.032111
v -1.772033 8.855693 -0.041795
v -1.999416 9.145690 -0.447368
v -2.060594 8.668921 -0.315243
v -2.263075 9.931382 -0.688211
v -2.190288 8.360448 -0.317039
v -2.563550 8.189508 -0.412606
v -3.334083 8.033054 -0.693532
v -2.994307 10.547789 -1.117993
v -4.209947 8.171027 -1.089078
v -4.365306 10.109303 -1.587974
v -3.769880 10.537917 -1.436955
v -4.733980 9.445625 -1.591962
v -4.683902 8.754748 -1.414913
v -2.044488 9.214211 -0.551935
v -2.112403 8.756691 -0.444070
v -2.629676 9.246448 -0.770167
v -2.305692 9.834289 -0.769520
v -2.314492 8.437286 -0.471119
v -2.955182 8.628888 -0.766077
v -2.588566 8.234286 -0.508559
v -3.260630 8.114973 -0.758595
v -3.437623 9.713063 -1.202651
v -3.032911 10.412813 -1.181424
v -3.825033 8.965672 -1.193740
v -4.136733 8.275850 -1.152547
v -4.221350 10.038337 -1.584060
v -3.722153 10.455720 -1.462470
v -4.591918 9.369557 -1.585191
v -4.602407 8.761886 -1.438909
v -1.157498 7.650115 1.275223
v -0.735565 7.465203 1.626914
v -0.298543 7.620544 1.638064
v -1.352489 8.055470 1.092040
v -1.114978 8.465405 1.154479
v -0.345255 8.575123 1.381896
v -0.684523 8.630423 1.273758
v -0.149273 8.222605 1.586259
v -0.386967 6.801643 2.080132
v -0.353605 7.092135 2.157471
v -0.091008 6.936293 2.381160
v -0.090265 7.022966 2.367649
v -0.593821 6.817121 1.750497
v -0.520095 6.829667 1.779501
v -0.522821 6.781431 1.744030
v -0.536705 6.788377 1.829154
v -0.600761 6.780123 1.799651
v -0.525467 6.746674 1.808947
v -0.068294 6.973135 2.443894
v -0.070048 7.021438 2.439122
v -0.121600 7.026824 2.326376
v -0.115975 6.909722 2.341241
v -0.090168 7.030862 2.405318
v -0.088086 6.952386 2.415744
v -0.248315 7.065786 2.232153
v -0.234233 6.854105 2.202963
v -2.701273 4.374866 0.152400
v -2.822214 4.356101 0.163143
v -2.695646 4.412937 0.169243
v -2.847863 4.390659 0.180021
v -2.617357 4.451695 0.116373
v -2.712104 4.448729 0.152447
v -2.834218 4.431460 0.163143
v -2.711508 4.463266 0.063026
v -2.838025 4.454162 0.064123
v -2.710434 4.447239 -0.013989
v -2.834509 4.430862 -0.022387
v -2.705573 4.410973 -0.032321
v -2.828495 4.392943 -0.042002
v -2.700539 4.375676 -0.013996
v -2.822779 4.357132 -0.022387
v -2.698600 4.362157 0.062859
v -2.820742 4.344376 0.064123
v -2.954899 4.333678 -0.038634
v -2.957117 4.326575 0.063693
v -2.960750 4.368021 -0.061347
v -2.955018 4.332977 0.170548
v -2.961462 4.367788 0.196165
v -2.968442 4.406314 -0.038634
v -2.975425 4.427322 0.063693
v -2.968560 4.405613 0.170548
v -2.759936 4.369615 0.240367
v -2.809654 4.361094 0.205785
v -2.828325 4.393961 0.200905
v -2.753023 4.405274 0.253144
v -2.820586 4.429569 0.205785
v -2.770868 4.438089 0.240367
v -2.822102 4.362557 0.289886
v -2.847042 4.358693 0.261873
v -2.866352 4.387722 0.265422
v -2.832868 4.392230 0.306794
v -2.856759 4.419559 0.261873
v -2.831819 4.423424 0.289886
v -3.036740 4.304375 -0.021253
v -3.064450 4.290174 0.062516
v -3.054275 4.330041 -0.037355
v -3.101491 4.317420 0.062713
v -3.036740 4.301260 0.146482
v -3.054275 4.328640 0.163490
v -3.057408 4.368827 -0.021253
v -3.089752 4.365076 0.062516
v -3.057408 4.365712 0.146482
v -0.749014 0.812243 0.710218
v -0.914729 2.076327 1.336307
v -0.984552 3.265787 0.989509
v -0.662532 4.482293 0.621227
v -0.671313 4.483103 -0.746176
v -0.968298 3.283310 -0.784438
v -0.973720 2.075793 -1.227201
v -0.739572 0.781515 -0.656518
v -0.612882 0.680963 -0.001640
v -1.294883 3.341828 0.033497
v -1.279655 0.870289 -0.453302
v -1.566232 0.929306 0.040124
v -1.502252 2.053317 -0.787436
v -1.899845 2.053414 0.005165
v -1.359540 0.910321 0.795555
v -1.854945 2.046384 0.840744
v -1.368575 2.767396 -0.610118
v -1.587891 2.852839 0.021444
v -1.534711 2.834712 0.819451
v -0.941072 0.282854 -0.175491
v -0.880931 0.281620 0.000853
v -1.116515 0.294816 -0.163720
v -1.197652 0.304530 0.006600
v -0.942080 0.286372 0.187210
v -1.122568 0.298064 0.204172
v -0.988954 0.059895 -0.098352
v -0.962829 0.060623 -0.022599
v -1.064582 0.059895 -0.102000
v -1.090069 0.060623 -0.022973
v -0.989883 0.075080 0.047240
v -1.063834 0.075080 0.047676
v -0.996819 -0.009181 -0.089017
v -0.979462 -0.013437 -0.022702
v -1.056437 -0.009181 -0.091773
v -1.073401 -0.013437 -0.022935
v -1.004442 -0.018981 0.033690
v -1.048956 -0.018981 0.033850
v -0.965719 0.034920 0.354002
v -0.993706 0.041658 0.398479
v -0.965719 -0.003581 0.354002
v -0.993706 -0.010318 0.398479
v -1.087219 0.034920 0.354129
v -1.059906 0.041658 0.398834
v -1.059906 -0.010318 0.398834
v -1.087219 -0.003581 0.354129
v -0.983974 0.041658 0.090201
v -1.003689 0.050321 0.104242
v -1.049647 0.050321 0.104299
v -1.068825 0.041658 0.090213
v -1.068825 -0.010318 0.090213
v -1.049647 -0.018981 0.104299
v -1.003689 -0.018981 0.104242
v -0.983974 -0.010318 0.090201
v -0.956368 0.041658 0.276843
v -0.988926 0.050321 0.289029
v -1.064818 0.050321 0.289117
v -1.096489 0.041658 0.276860
v -1.096488 -0.010318 0.276860
v -1.064818 -0.018981 0.289117
v -0.988926 -0.018981 0.289029
v -0.956368 -0.010318 0.276843
v -1.009681 0.030204 -0.112202
v -1.042023 0.030204 -0.114056
v -1.042023 0.001136 -0.114056
v -1.009681 0.001136 -0.112202
v -0.997889 1.068540 1.136510
v -1.310783 2.043929 1.515309
v -1.281986 1.131242 1.136636
v -1.651911 2.031127 1.382222
v -1.215186 2.789690 1.236971
v -1.458251 2.697046 1.143978
v -1.001696 4.212294 -0.149748
v -1.087125 4.151947 0.069974
v -0.918044 4.467424 -0.206219
v -1.001696 4.218746 0.303685
v -0.916401 4.483547 0.317112
v -0.849399 4.748005 -0.111761
v -0.863988 4.817301 0.078993
v -0.839540 4.743335 0.253100
v -2.048616 4.414228 0.014348
v -2.051177 4.393704 0.075191
v -2.046067 4.469114 -0.010326
v -2.048616 4.417578 0.137450
v -2.046067 4.477692 0.161495
v -2.043793 4.537700 0.014535
v -2.044387 4.565353 0.079570
v -2.043793 4.536525 0.139360
v -2.616210 4.388207 0.036604
v -2.615984 4.377236 0.075962
v -2.616798 4.417886 0.022702
v -2.616210 4.389306 0.115747
v -2.616798 4.420698 0.129480
v -2.617357 4.452079 0.036665
v -2.617436 4.465511 0.077397
v -1.032244 4.602210 0.203242
v -1.042902 4.660580 0.083919
v -1.032244 4.604627 -0.046198
v -1.073059 4.466187 -0.096047
v -1.118807 4.355944 -0.046583
v -1.164777 4.314663 0.074906
v -1.118807 4.362838 0.199312
v -1.073059 4.483841 0.247481
v -1.539880 4.571086 0.168047
v -1.544832 4.613397 0.081553
v -1.539880 4.572838 -0.012764
v -1.558843 4.472488 -0.048898
v -1.580099 4.392577 -0.013043
v -1.601458 4.362654 0.075021
v -1.580099 4.397573 0.165198
v -1.558843 4.485285 0.200115
v -0.864760 1.370598 -1.065103
v -1.435946 1.436203 -0.674216
v -1.826218 1.450296 0.010036
v -1.806932 1.436638 0.773495
v -1.546595 1.493850 1.326096
v -1.137913 1.439170 1.396719
v -0.792108 1.368401 1.092268
v -0.249500 1.301062 -1.357376
v -0.195063 1.166465 -1.875465
v -0.314324 0.813153 -2.541613
v -0.326136 0.471258 -3.221179
v -0.303193 0.379654 -3.898053
v -0.401644 0.375772 -4.512938
v -0.651260 0.403574 -5.183932
v -0.661634 0.484104 -6.079285
v -0.593451 0.437284 -5.622764
v -0.345640 0.530594 -6.490499
v -0.174499 0.566560 -6.684050
v -0.323449 0.542423 -6.490323
v 0.089275 1.220134 -1.937827
v -0.000000 1.376311 -1.628366
v -0.078350 0.841981 -2.580098
v -0.102992 1.100233 -2.240201
v -0.125202 0.488420 -3.244584
v -0.206896 0.678226 -2.921261
v -0.156184 0.408502 -3.913057
v -0.204940 0.446832 -3.595407
v -0.275750 0.402713 -4.531762
v -0.250866 0.417665 -4.239183
v -0.537236 0.425504 -5.198171
v -0.454248 0.423871 -4.858565
v -0.573352 0.500162 -6.082300
v -0.660130 0.468536 -5.639080
v -0.177856 0.582641 -6.680643
v -0.355711 0.559728 -6.487391
v -2.110773 9.477766 -0.637900
v -2.447176 9.578437 -0.776487
v -2.314854 8.971253 -0.586438
v -2.053568 8.997982 -0.500818
v -2.794514 8.931721 -0.766846
v -2.549143 8.505958 -0.584444
v -2.207348 8.586130 -0.451014
v -3.125172 8.332584 -0.767411
v -2.814805 8.190091 -0.592634
v -2.445956 8.314651 -0.486799
v -2.634580 10.169193 -0.966989
v -3.209609 10.107294 -1.197862
v -3.012481 9.493844 -0.979745
v -3.639759 9.338926 -1.201670
v -3.386178 8.781461 -0.972734
v -4.002462 8.574090 -1.177685
v -3.730766 8.144426 -0.958232
v -3.436163 10.495479 -1.363942
v -3.956065 10.310924 -1.535940
v -3.879456 9.903726 -1.426363
v -4.442226 9.717108 -1.602879
v -4.261390 9.187154 -1.421762
v -4.643648 9.018012 -1.523790
v -4.447889 8.523516 -1.332168
v -3.763903 10.675918 -1.545314
v -3.970969 10.449722 -1.661858
v -4.390845 10.196107 -1.726733
v -4.116395 10.467459 -1.595129
v -4.475636 9.769676 -1.754226
v -4.766378 9.452100 -1.727749
v -4.631946 9.840312 -1.682891
v -4.675178 8.964630 -1.653008
v -4.709737 8.670881 -1.525063
v -4.809813 9.074100 -1.586930
v -3.421959 10.650973 -1.454382
v -3.163115 10.193892 -1.324269
v -3.867482 9.969646 -1.589847
v -3.582557 9.316014 -1.388953
v -4.257382 9.152109 -1.582335
v -3.982200 8.445325 -1.301682
v -4.466458 8.392161 -1.428859
v -2.593482 10.270427 -1.033006
v -2.373607 9.618164 -0.905740
v -2.920419 9.499853 -1.157999
v -2.700482 8.898401 -0.988329
v -3.313798 8.689117 -1.154323
v -3.100157 8.189741 -0.892894
v -3.726739 7.965010 -1.003400
v -2.046416 9.484635 -0.676589
v -1.984843 9.031765 -0.638449
v -2.261830 9.024855 -0.813014
v -2.151908 8.627670 -0.737270
v -2.525315 8.453187 -0.829147
v -2.386997 8.185085 -0.647202
v -2.846326 7.979002 -0.641839
v -4.216614 8.015574 -1.155075
v -4.536971 8.336044 -1.300515
v -3.344925 7.860411 -0.728491
v -3.821025 7.918276 -0.892522
v -2.552903 8.003956 -0.455414
v -2.892375 7.972624 -0.511161
v -3.392843 10.740434 -1.336743
v -2.961198 10.674613 -1.190629
v -2.564979 10.390409 -0.898045
v -2.216528 9.990418 -0.731902
v -2.026491 9.532059 -0.482780
v -1.901701 9.167153 -0.430210
v -0.268547 5.413615 -0.677276
v -0.544876 5.698748 -0.798180
v -0.291798 5.962134 -1.136923
v -0.856566 5.650172 -0.504417
v -1.084315 5.994365 -0.780302
v -0.834104 6.029012 -1.014193
v -0.687236 5.385127 -0.195395
v -0.969635 5.622400 0.034798
v -1.257440 5.866682 -0.258299
v -0.667280 5.376022 0.273544
v -0.917964 5.728627 0.625554
v -1.357336 5.920833 0.339650
v -0.555268 5.691040 0.928075
v -0.896712 5.964090 1.465433
v -1.242773 6.025702 0.956114
v -0.298104 5.624546 1.556251
v -0.232095 5.363339 0.757506
v -0.634636 6.157757 1.866249
v -0.695547 6.648622 1.823254
v -1.058380 6.686223 1.737597
v -1.298476 6.313228 1.411065
v -0.402347 9.788237 0.779341
v -0.848560 9.519739 1.085225
v -0.472274 9.371872 1.495990
v -1.235481 9.418608 0.682909
v -1.550793 9.003733 0.958019
v -1.193958 9.163650 1.283395
v -0.827943 9.744334 0.375125
v -1.195070 9.573333 -0.031779
v -1.517978 9.290991 0.231250
v -0.407125 9.930600 -0.001224
v -0.408995 9.742246 -0.785538
v -0.849942 9.713120 -0.398771
v -1.130968 9.318244 -0.731886
v -1.447463 9.234902 -0.408587
v -0.754619 9.322729 -1.067535
v -0.976441 8.832930 -1.213879
v -1.267094 8.826291 -0.974316
v -0.365549 9.032625 -1.346825
v -0.371942 8.284173 -1.777019
v -0.708685 8.617960 -1.517586
v -1.041788 8.203744 -1.538933
v -1.233730 8.492422 -1.249428
v -0.735876 7.852145 -1.777486
v -1.083964 7.441059 -1.624637
v -1.372448 7.816818 -1.403252
v -0.366883 7.449707 -1.883536
v -0.324329 6.648185 -1.625830
v -0.695211 7.050175 -1.699010
v -0.973007 6.694521 -1.399577
v -1.354834 7.068941 -1.324605
v -0.607944 6.313670 -1.329563
v -1.144273 6.345127 -1.070022
v -1.422060 6.265932 -0.587977
v -1.541600 6.690693 -0.952916
v -1.823050 7.042336 -0.723347
v -1.624403 7.439468 -1.115675
v -1.739162 6.621325 -0.329419
v -1.955523 6.968913 -0.000259
v -1.986525 7.348309 -0.396845
v -1.614447 6.208784 0.029673
v -1.763825 7.871518 -0.895685
v -1.512475 8.192857 -1.125866
v -1.569866 8.570421 -0.856695
v -1.830441 8.218630 0.971803
v -1.686635 8.531893 1.137161
v -1.745543 8.648324 0.645751
v -1.942835 7.412498 1.087213
v -1.784998 7.796787 1.234160
v -1.981138 7.899042 0.741668
v -1.576406 6.238648 0.710625
v -1.853160 6.604239 0.376824
v -1.945168 7.025376 0.761947
v -2.073824 7.360145 0.319259
v -1.716222 6.637270 1.111796
v -1.670968 6.989761 1.523483
v -0.208219 7.538791 2.083280
v -0.501410 7.444294 1.919496
v -0.794570 7.375505 1.925383
v -0.372765 7.278888 2.101325
v -1.136020 7.514647 1.713543
v -1.522100 7.544742 1.545805
v -1.192362 7.243974 1.879567
v -0.804430 7.525812 1.845041
v -1.365535 7.700571 1.638751
v -0.351407 7.614786 1.928810
v -1.600819 7.866223 1.454382
v -1.711416 8.161058 1.270465
v -1.561853 8.422271 1.370942
v -1.404849 8.741168 1.459244
v -1.580553 8.140210 1.379821
v -1.324459 8.610497 1.477873
v -1.077508 8.836193 1.551504
v -0.788240 9.059089 1.693321
v -0.554203 8.902972 1.691859
v -0.239584 8.952662 1.856174
v -0.785294 8.809041 1.661241
v -0.403289 8.693298 1.758642
v -0.211241 8.632959 1.834832
v -0.109146 8.328815 1.963568
v -0.215160 7.933272 1.963625
v -0.272340 8.286570 1.879999
v -0.753800 6.991257 1.950253
v -0.743126 6.817261 1.856908
v -0.297470 6.459427 1.897364
v -0.042919 7.029264 2.442886
v -0.072057 6.997456 2.441964
v -0.040285 6.969602 2.447446
v -1.811525 8.274254 -0.749612
v -1.857676 8.552985 -0.645876
v -1.648675 8.818549 -0.604718
v -1.761031 8.905578 -0.434087
v -1.650732 9.074439 -0.168981
v -2.021363 7.762197 -0.594660
v -2.061888 8.104972 -0.607952
v -2.144021 7.648746 -0.127702
v -2.223720 7.895509 -0.365543
v -1.937205 8.371480 0.352035
v -2.102700 8.207410 0.024384
v -2.128812 7.802052 0.298856
v -2.228637 7.923328 -0.098682
v -1.734711 8.958014 -0.149297
v -1.720671 8.905078 0.245421
v -1.867800 8.672197 0.019529
v -1.930162 8.767089 -0.608630
v -1.827978 8.989393 -0.415594
v -2.070273 8.356236 -0.662827
v -2.303895 8.036211 -0.488697
v -2.328024 8.016681 -0.293874
v -2.212554 8.135797 -0.149795
v -2.323055 8.139629 -0.268191
v -2.018138 8.508876 -0.111128
v -2.127970 8.375735 -0.183654
v -1.849226 8.899451 -0.212456
v -1.969528 8.798981 -0.230540
v -1.975378 9.119826 -0.373275
v -2.010797 8.867440 -0.350585
v -2.062694 8.631485 -0.251194
v -2.244474 9.960610 -0.656565
v -2.074298 9.524241 -0.549418
v -2.120553 8.495222 -0.301443
v -2.203532 8.311700 -0.266647
v -2.321384 8.269205 -0.346152
v -2.558894 8.133172 -0.380237
v -2.877469 8.108461 -0.519809
v -3.347469 7.970234 -0.676828
v -2.990923 10.610252 -1.115041
v -2.593349 10.296442 -0.896124
v -3.807925 8.045781 -0.894844
v -4.229073 8.117703 -1.084615
v -4.387110 10.150419 -1.608229
v -4.092570 10.363649 -1.531766
v -3.780811 10.599886 -1.449931
v -3.395138 10.613788 -1.298650
v -4.762531 9.454416 -1.612324
v -4.590188 9.793190 -1.610467
v -4.500672 8.426732 -1.265992
v -4.711720 8.729902 -1.426236
v -4.763445 9.096930 -1.525173
v -2.008631 9.178563 -0.513690
v -2.068991 8.701940 -0.376329
v -2.263903 9.920606 -0.732979
v -2.200200 8.389438 -0.384173
v -2.562787 8.206012 -0.464662
v -3.317702 8.048216 -0.727378
v -2.984723 10.520809 -1.147461
v -4.192531 8.182619 -1.117367
v -4.346676 10.089404 -1.608924
v -3.754954 10.511117 -1.460189
v -4.713278 9.436527 -1.612421
v -4.664427 8.757043 -1.435894
v -0.771291 7.520378 1.713382
v -0.962181 7.523174 1.466191
v -1.237276 7.700722 1.452500
v -0.353701 7.643494 1.740439
v -0.499164 7.485369 1.661516
v -1.300004 7.836860 1.149886
v -1.433009 8.095932 1.242299
v -1.277744 8.278006 1.103547
v -1.202444 8.517707 1.299962
v -0.741162 8.668438 1.465278
v -0.499870 8.633661 1.319950
v -0.418952 8.562983 1.565654
v -0.903399 8.578608 1.214908
v -0.216496 8.441607 1.488007
v -0.255410 8.237121 1.710314
v -0.179267 7.907603 1.624628
v -0.198756 6.688254 2.065866
v -0.485330 6.771194 2.015293
v -0.308162 6.633897 1.949947
v -0.418786 6.956898 2.108428
v -0.491586 7.149382 2.097617
v -0.203544 7.156338 2.195368
v -0.114833 6.776460 2.210758
v -0.304592 6.826089 2.139872
v -0.257738 6.951579 2.213155
v -0.280252 7.067584 2.203740
v -0.143195 7.112208 2.250464
v -0.589532 6.757248 1.835603
v -0.604481 6.795930 1.812843
v -0.552953 6.750707 1.877196
v -0.531915 6.723825 1.876809
v -0.595102 6.769353 1.801471
v -0.309711 6.668253 1.810591
v -0.310525 6.715329 1.839329
v -0.530567 6.812340 1.797953
v -0.297766 6.763329 1.794243
v -0.603701 6.801430 1.772322
v -0.593616 6.835560 1.763409
v -0.530587 6.766197 1.767126
v -0.595186 6.809723 1.745180
v -0.299798 6.698966 1.743595
v -0.050209 6.930416 2.422693
v -0.092593 6.941981 2.397167
v -0.051920 6.913568 2.389170
v -0.101884 6.990442 2.408702
v -0.092709 7.027702 2.384189
v -0.105742 6.980381 2.371817
v -0.052172 7.056756 2.406694
v -0.052329 7.049902 2.367854
v -0.097621 7.022505 2.351485
v -0.071004 7.059988 2.332460
v -0.095360 6.929036 2.366901
v -0.138447 6.971393 2.329297
v -0.065216 6.884516 2.348438
v -0.081620 7.027582 2.425836
v -0.080770 6.961576 2.433632
v -0.173915 7.040756 2.282923
v -0.175852 6.886014 2.268244
v -2.616478 4.403703 0.126133
v -2.662741 4.414335 0.138523
v -2.693239 4.393668 0.166123
v -2.659865 4.380454 0.121977
v -2.828609 4.372645 0.303794
v -2.859061 4.388423 0.294777
v -2.861085 4.368037 0.265015
v -2.840181 4.355567 0.281873
v -2.617117 4.437385 0.126395
v -2.665474 4.448142 0.122269
v -2.698706 4.432170 0.166154
v -2.834857 4.411774 0.303794
v -2.851113 4.424042 0.281873
v -2.867332 4.407166 0.265015
v -2.617436 4.461553 0.098911
v -2.665864 4.462452 0.062953
v -2.711351 4.458749 0.106378
v -2.770890 4.460436 0.063589
v -2.836931 4.446798 0.115724
v -2.772009 4.445220 0.156234
v -2.617436 4.462125 0.055220
v -2.665474 4.448321 0.002655
v -2.711351 4.458816 0.019845
v -2.768546 4.440652 -0.019417
v -2.836931 4.446798 0.015027
v -2.617117 4.436059 0.026019
v -2.662741 4.413024 -0.013834
v -2.708306 4.430378 -0.029300
v -2.762767 4.403436 -0.038443
v -2.831619 4.412507 -0.038940
v -2.616478 4.401387 0.026134
v -2.659865 4.379942 0.002627
v -2.702839 4.391760 -0.029286
v -2.757015 4.367401 -0.019417
v -2.825372 4.373378 -0.038940
v -2.616042 4.379996 0.054402
v -2.658756 4.367508 0.062284
v -2.699102 4.365645 0.019749
v -2.754798 4.353520 0.063589
v -2.821244 4.347522 0.015027
v -2.616043 4.380411 0.097717
v -2.699102 4.365693 0.106239
v -2.758915 4.362186 0.156235
v -2.821244 4.347522 0.115724
v -3.090074 4.297658 0.062556
v -3.087199 4.320352 0.006895
v -3.046487 4.310983 -0.033525
v -3.054537 4.293710 0.011221
v -3.046487 4.308180 0.158583
v -3.087199 4.319417 0.118217
v -3.054537 4.290906 0.113103
v -3.105588 4.339114 0.062556
v -3.079683 4.367633 0.011221
v -3.060843 4.352148 -0.033525
v -3.060843 4.349344 0.158583
v -3.079683 4.364830 0.113103
v -2.889818 4.337496 0.064108
v -2.955859 4.327563 0.005834
v -2.891316 4.346882 -0.031656
v -2.957048 4.348546 -0.057966
v -2.896926 4.382018 -0.052801
v -2.891791 4.346882 0.166099
v -2.955859 4.327095 0.123197
v -2.899772 4.382018 0.188690
v -2.957522 4.348079 0.191951
v -2.843054 4.371094 0.177854
v -2.964453 4.387964 -0.057966
v -2.903017 4.420172 -0.031656
v -2.973002 4.421006 0.005834
v -2.906924 4.444643 0.064108
v -2.973002 4.420539 0.123197
v -2.903491 4.420171 0.166099
v -2.964928 4.387497 0.191951
v -2.849301 4.410223 0.177854
v -2.732492 4.373786 0.200393
v -2.783932 4.360458 0.222287
v -2.803911 4.362021 0.183869
v -2.823106 4.374376 0.200639
v -2.826007 4.394298 0.183987
v -2.723060 4.409985 0.210319
v -2.751665 4.385709 0.250251
v -2.829353 4.413505 0.200639
v -2.814843 4.430497 0.183869
v -2.796425 4.438715 0.222287
v -2.743424 4.442261 0.200393
v -2.757912 4.424838 0.250251
v -2.795320 4.363342 0.275176
v -2.832127 4.357251 0.237215
v -2.848940 4.390668 0.231091
v -2.793574 4.398602 0.289109
v -2.843059 4.425726 0.237215
v -2.806252 4.431817 0.275176
v -3.017729 4.305307 0.063029
v -3.005800 4.314553 -0.034729
v -3.012663 4.348313 -0.058151
v -3.005800 4.311749 0.162155
v -3.012663 4.347379 0.188619
v -3.025153 4.387022 -0.034729
v -3.041365 4.397639 0.063029
v -3.025153 4.384219 0.162155
v -0.435565 1.348657 1.125103
v -0.726274 1.086896 0.943053
v -0.370889 0.830388 0.745643
v -0.482101 3.247507 1.182083
v -0.911277 2.612358 1.263423
v -0.501364 2.080219 1.410846
v -0.363499 4.482562 0.769466
v -0.768369 3.935586 0.783212
v -0.541119 5.023945 0.539886
v -0.369353 4.487093 -0.941685
v -0.576243 5.034631 -0.616027
v -0.485997 3.247507 -1.069800
v -0.768369 3.933847 -0.785591
v -0.513035 2.070335 -1.349676
v -0.959084 2.605838 -1.086075
v 0.005394 0.626785 -0.505133
v -0.333585 0.664266 -0.007096
v -0.632045 0.687304 -0.341860
v -0.363587 0.828995 -0.810860
v -0.632045 0.698469 0.335299
v -1.715916 1.199446 0.028501
v -1.668909 1.450294 -0.359599
v -1.363071 1.157669 -0.575369
v -1.469912 0.909108 -0.244369
v -1.628932 1.185237 0.791876
v -1.860255 1.438285 0.399742
v -1.521411 0.917755 0.404864
v -1.769068 2.468847 0.012887
v -1.476624 2.838369 -0.365389
v -1.431187 2.471372 -0.726527
v -1.735600 2.051579 -0.420331
v -1.728816 2.457666 0.827967
v -1.587243 2.852877 0.451166
v -1.918915 2.051692 0.440992
v -1.026478 -0.018981 -0.030492
v -1.064152 -0.010318 -0.064054
v -1.026628 -0.017465 -0.090395
v -0.989053 -0.010318 -0.062396
v -1.042663 0.825976 -0.591367
v -1.174947 1.405951 -0.898871
v -0.776170 1.079494 -0.913571
v -1.026762 -0.018981 0.033963
v -1.061482 -0.018981 0.012384
v -0.991696 -0.018981 0.012184
v -1.340877 1.477270 1.427003
v -1.408646 1.277461 1.224061
v -1.115778 1.074353 1.145832
v -1.027519 1.198658 1.262168
v -1.275875 2.065754 -1.048090
v -1.220863 2.935364 -0.708739
v -1.433324 3.087505 0.025878
v -1.204848 3.340665 -0.352042
v -1.304104 3.063521 0.866792
v -1.219353 3.343394 0.467447
v -1.313664 2.822470 1.173438
v -1.565891 2.422485 1.252861
v -1.488102 2.033594 1.502772
v -1.250920 2.501676 1.382226
v -0.783603 0.505668 0.000536
v -0.894460 0.281110 -0.101626
v -0.876058 0.510602 -0.364303
v -1.026795 0.288083 -0.193835
v -1.190886 0.558449 -0.300410
v -1.175120 0.301068 -0.092209
v -1.371096 0.597307 0.026399
v -0.880093 0.524676 0.393919
v -0.894460 0.283152 0.105039
v -1.179155 0.302893 0.118608
v -1.215098 0.571442 0.459340
v -1.030830 0.291950 0.223647
v -1.055566 0.804615 0.780186
v -0.940048 0.152058 -0.018099
v -0.965773 0.066417 -0.068903
v -0.977761 0.152058 -0.104812
v -1.026797 0.073564 -0.112562
v -1.076292 0.152058 -0.109093
v -1.087539 0.066417 -0.071590
v -1.113045 0.152058 -0.018832
v -0.977761 0.152058 0.071544
v -0.968416 0.075080 0.019336
v -1.084869 0.075080 0.019684
v -1.076292 0.152058 0.072162
v -1.026931 0.075080 0.056774
v -0.970984 0.015670 -0.025603
v -0.986883 0.015670 -0.088558
v -1.005246 0.015670 -0.114131
v -1.025728 -0.002738 -0.115305
v -1.046209 0.015670 -0.116479
v -1.025728 0.034078 -0.115305
v -1.066373 0.015670 -0.092232
v -1.081849 0.015670 -0.026155
v -0.994995 0.015670 0.412164
v -0.974489 -0.010318 0.376170
v -0.965186 0.015670 0.354839
v -0.974489 0.041658 0.376170
v -1.087647 0.015670 0.354919
v -1.078736 -0.010318 0.376454
v -1.058581 0.015670 0.412563
v -1.078736 0.041658 0.376454
v -1.026870 -0.010318 0.406105
v -1.026870 0.041658 0.406105
v -1.001650 0.050321 0.055769
v -0.990348 0.050321 0.097216
v -0.980161 0.041658 0.026104
v -0.981849 0.015670 0.087863
v -0.980161 -0.010318 0.026104
v -0.990348 -0.018981 0.097216
v -1.001650 -0.018981 0.055769
v -1.072645 0.041658 0.026144
v -1.062719 0.050321 0.097262
v -1.051742 0.050321 0.055969
v -1.051742 -0.018981 0.055969
v -1.062719 -0.018981 0.097262
v -1.072645 -0.010318 0.026144
v -1.070860 0.015670 0.087863
v -1.026713 0.050321 0.106615
v -1.026713 -0.018981 0.106615
v -0.996495 0.050321 0.193315
v -0.966895 0.050321 0.282927
v -0.970522 0.041658 0.185472
v -1.057040 0.050321 0.193341
v -1.026946 0.050321 0.291110
v -1.082305 0.041658 0.185477
v -1.086406 0.050321 0.282997
v -1.082305 -0.010318 0.185477
v -1.099850 0.015670 0.274815
v -1.057040 -0.018981 0.193341
v -1.086405 -0.018981 0.282997
v -0.996495 -0.018981 0.193315
v -1.026946 -0.018981 0.291110
v -0.970522 -0.010318 0.185472
v -0.966895 -0.018981 0.282927
v -0.952859 0.015670 0.274815
v -0.989839 0.050321 0.357426
v -0.958077 0.041658 0.329244
v -1.063879 0.050321 0.357650
v -1.094776 0.041658 0.329289
v -1.094776 -0.010318 0.329289
v -1.063879 -0.018981 0.357650
v -0.989839 -0.018981 0.357426
v -0.958077 -0.010318 0.329244
v -1.002353 0.037110 -0.105545
v -1.050064 0.037110 -0.108279
v -1.050064 -0.005771 -0.108279
v -1.002353 -0.005771 -0.105545
v -0.990607 1.400726 1.233973
v -0.899048 0.967665 0.993792
v -1.316585 1.054083 1.023145
v -1.702162 1.467733 1.095270
v -1.122908 2.956150 1.158283
v -1.152097 2.061202 1.415474
v -1.770068 2.037459 1.158016
v -1.490326 2.794576 1.021973
v -1.162086 3.784794 0.051610
v -1.056804 4.161717 -0.053815
v -0.997456 3.881868 -0.384131
v -0.957657 4.322500 -0.199153
v -0.838485 4.475869 -0.444023
v -0.997456 3.885165 0.528856
v -1.056804 4.164157 0.202950
v -0.832631 4.482882 0.439104
v -0.957657 4.336112 0.330753
v -0.876212 4.622154 -0.175136
v -0.717981 5.080003 -0.249905
v -0.854845 4.806293 -0.021950
v -0.737565 5.167047 0.057999
v -0.848271 4.801316 0.175767
v -0.682857 5.070266 0.337423
v -0.869639 4.628350 0.295721
v -1.091071 4.267250 0.074706
v -1.148461 4.325102 0.008964
v -1.029452 4.319829 -0.080032
v -1.095110 4.404109 -0.082681
v -0.968131 4.460242 -0.143034
v -1.029452 4.328609 0.233158
v -1.148461 4.327708 0.142191
v -0.968131 4.482729 0.294510
v -1.095110 4.418651 0.234763
v -1.048345 4.538771 -0.083400
v -0.913422 4.636569 -0.079542
v -1.036034 4.646522 0.014099
v -0.927708 4.707836 0.086185
v -1.036034 4.642921 0.149690
v -0.913422 4.633491 0.238164
v -1.048345 4.547106 0.236407
v -2.325502 4.391810 0.075536
v -2.325502 4.406578 0.030310
v -2.050268 4.398890 0.042159
v -2.325502 4.446318 0.012288
v -2.047296 4.438229 -0.003675
v -2.325502 4.408733 0.121673
v -2.050269 4.400157 0.108874
v -2.325502 4.451836 0.139290
v -2.047296 4.445295 0.155159
v -2.325501 4.494872 0.030430
v -2.044690 4.505103 -0.004024
v -2.325501 4.514226 0.078353
v -2.044004 4.558408 0.044654
v -2.325501 4.494116 0.122902
v -2.044004 4.556658 0.112518
v -2.044690 4.509152 0.155958
v -1.269663 4.638660 0.082822
v -1.541641 4.600597 0.129229
v -1.261660 4.587748 0.186899
v -1.261660 4.589856 -0.030669
v -1.541641 4.603207 0.030943
v -1.292309 4.469106 -0.074148
v -1.547361 4.525102 -0.039730
v -1.326661 4.372951 -0.031004
v -1.569089 4.427490 -0.039209
v -1.361181 4.336944 0.074961
v -1.593877 4.370220 0.027221
v -1.326661 4.378963 0.183471
v -1.593877 4.372109 0.123793
v -1.292309 4.484505 0.225485
v -1.569089 4.438030 0.190895
v -1.547361 4.531143 0.192087
v -1.793557 4.593441 0.080541
v -1.791182 4.557935 0.153124
v -1.791182 4.559405 0.001393
v -1.800278 4.475194 -0.028930
v -1.810472 4.408135 0.001159
v -1.820716 4.383024 0.075059
v -1.810472 4.412328 0.150734
v -1.800278 4.485933 0.180035
v -1.493089 1.721507 -0.757452
v -0.918011 1.676943 -1.197300
v -1.903212 1.724424 0.003236
v -1.881626 1.714864 0.806185
v -1.636581 1.733327 1.392725
v -1.252724 1.705344 1.500619
v -0.864967 1.679943 1.251304
v -0.196231 1.437574 -1.410387
v -0.484229 1.341203 -1.204453
v 0.002846 0.958371 -1.139022
v -0.178615 1.171912 -1.306922
v -0.173130 1.253612 -1.587837
v -0.127897 1.083595 -1.852908
v -0.255246 1.007232 -2.199891
v -0.205334 0.740945 -2.528358
v -0.332941 0.621469 -2.881133
v -0.275650 0.426791 -3.213781
v -0.308947 0.401599 -3.564479
v -0.273791 0.346235 -3.900511
v -0.330692 0.372587 -4.208920
v -0.376465 0.358123 -4.518784
v -0.526245 0.384586 -4.825966
v -0.627112 0.391163 -5.188819
v -0.723452 0.437284 -5.622764
v -0.635921 0.474696 -6.081191
v -0.384617 0.542423 -6.490323
v -0.140771 1.245978 -1.895327
v -0.282578 0.868648 -2.564665
v -0.288524 0.507341 -3.243255
v -0.273791 0.411091 -3.913057
v -0.376465 0.402713 -4.531762
v -0.628791 0.425504 -5.198171
v -0.645992 0.500162 -6.082300
v 2.053568 8.997982 -0.500818
v 2.314854 8.971253 -0.586438
v 2.447176 9.578437 -0.776487
v 2.110773 9.477766 -0.637900
v 2.207348 8.586129 -0.451013
v 2.549143 8.505957 -0.584443
v 2.794514 8.931720 -0.766846
v 2.445956 8.314650 -0.486799
v 2.814805 8.190090 -0.592634
v 3.125172 8.332585 -0.767411
v 3.012481 9.493844 -0.979745
v 3.209609 10.107294 -1.197862
v 2.634580 10.169193 -0.966989
v 3.386178 8.781461 -0.972734
v 3.639759 9.338926 -1.201670
v 3.730766 8.144426 -0.958232
v 4.002462 8.574091 -1.177685
v 3.879456 9.903726 -1.426363
v 3.956065 10.310924 -1.535940
v 3.436163 10.495479 -1.363942
v 4.261391 9.187154 -1.421762
v 4.442226 9.717108 -1.602879
v 4.447889 8.523516 -1.332168
v 4.643648 9.018012 -1.523790
v 4.116396 10.467459 -1.595129
v 4.390845 10.196107 -1.726733
v 3.970969 10.449722 -1.661858
v 3.763903 10.675918 -1.545314
v 4.631946 9.840312 -1.682891
v 4.766378 9.452100 -1.727749
v 4.475636 9.769676 -1.754226
v 4.809813 9.074100 -1.586930
v 4.709737 8.670881 -1.525063
v 4.675178 8.964630 -1.653008
v 3.867482 9.969646 -1.589847
v 3.163115 10.193892 -1.324269
v 3.421959 10.650973 -1.454382
v 4.257382 9.152109 -1.582335
v 3.582557 9.316014 -1.388953
v 4.466458 8.392161 -1.428859
v 3.982200 8.445324 -1.301682
v 2.920419 9.499853 -1.157999
v 2.373607 9.618164 -0.905740
v 2.593482 10.270427 -1.033006
v 3.313798 8.689117 -1.154323
v 2.700482 8.898401 -0.988329
v 3.726739 7.965010 -1.003400
v 3.100157 8.189741 -0.892894
v 2.261830 9.024854 -0.813014
v 1.984843 9.031765 -0.638449
v 2.046416 9.484635 -0.676589
v 2.525315 8.453186 -0.829147
v 2.151908 8.627670 -0.737270
v 2.846326 7.979002 -0.641839
v 2.384757 8.184509 -0.646113
v 4.536971 8.336044 -1.300515
v 4.216614 8.015574 -1.155075
v 3.821025 7.918276 -0.892522
v 3.344925 7.860411 -0.728491
v 2.892375 7.972624 -0.511161
v 2.552396 8.003943 -0.455032
v 2.961198 10.674613 -1.190629
v 3.392843 10.740434 -1.336743
v 2.216528 9.990418 -0.731902
v 2.564979 10.390409 -0.898045
v 1.901701 9.167153 -0.430210
v 2.026491 9.532059 -0.482780
v 0.291798 5.962134 -1.136923
v 0.544876 5.698748 -0.798180
v 0.268547 5.413615 -0.677276
v 0.000000 5.664998 -0.877234
v 0.834104 6.029012 -1.014193
v 1.084315 5.994365 -0.780302
v 0.856566 5.650172 -0.504417
v 1.257440 5.866682 -0.258299
v 0.969635 5.622400 0.034798
v 0.687236 5.385127 -0.195395
v 1.357336 5.920833 0.339650
v 0.917964 5.728627 0.625554
v 0.667280 5.376022 0.273544
v 1.242773 6.025702 0.956114
v 0.899335 5.958720 1.454214
v 0.555938 5.690627 0.926415
v 0.232095 5.363339 0.757506
v 0.299380 5.624025 1.554248
v 0.000174 5.640725 0.977683
v 1.298476 6.313228 1.411065
v 1.058380 6.686223 1.737597
v 0.696685 6.649775 1.821165
v 0.643732 6.150764 1.857792
v 0.476935 9.370883 1.494916
v 0.849586 9.519357 1.084846
v 0.403300 9.787948 0.779141
v 0.004545 9.670102 1.203114
v 1.194680 9.163364 1.283084
v 1.550889 9.003587 0.957895
v 1.235591 9.418536 0.682850
v 1.517982 9.290982 0.231243
v 1.195071 9.573334 -0.031778
v 0.827949 9.744332 0.375124
v 0.407133 9.930599 -0.001208
v 0.000062 9.936694 0.412601
v 0.849943 9.713125 -0.398755
v 0.409000 9.742281 -0.785471
v 0.000006 9.937090 -0.419578
v 1.447462 9.234903 -0.408585
v 1.130968 9.318246 -0.731882
v 1.267095 8.826290 -0.974317
v 0.976441 8.832929 -1.213880
v 0.754618 9.322723 -1.067538
v 0.365545 9.032583 -1.346850
v -0.000001 9.498258 -1.159686
v 0.708681 8.617932 -1.517607
v 0.371935 8.284156 -1.777026
v -0.000025 8.695673 -1.631609
v 1.233730 8.492422 -1.249428
v 1.041788 8.203744 -1.538933
v 1.372448 7.816818 -1.403252
v 1.083964 7.441059 -1.624637
v 0.735876 7.852146 -1.777486
v 0.366883 7.449707 -1.883536
v -0.000000 7.883115 -1.906275
v 0.695211 7.050175 -1.699010
v 0.324329 6.648185 -1.625830
v 0.000000 7.032306 -1.825298
v 1.354834 7.068941 -1.324605
v 0.973007 6.694521 -1.399577
v 1.144273 6.345127 -1.070022
v 0.607944 6.313670 -1.329563
v -0.000000 6.277920 -1.429324
v 1.541600 6.690693 -0.952916
v 1.422060 6.265932 -0.587977
v 1.624403 7.439468 -1.115675
v 1.823050 7.042336 -0.723347
v 1.986525 7.348309 -0.396845
v 1.955523 6.968913 -0.000259
v 1.739162 6.621325 -0.329419
v 1.614447 6.208784 0.029673
v 1.512474 8.192857 -1.125866
v 1.763825 7.871518 -0.895685
v 1.569866 8.570420 -0.856695
v 1.745550 8.648314 0.645746
v 1.686636 8.531892 1.137161
v 1.830441 8.218629 0.971803
v 1.981138 7.899042 0.741668
v 1.784998 7.796787 1.234160
v 1.942835 7.412498 1.087213
v 1.853160 6.604239 0.376824
v 1.576406 6.238648 0.710625
v 2.073824 7.360145 0.319259
v 1.945168 7.025376 0.761947
v 1.670968 6.989761 1.523483
v 1.716222 6.637270 1.111796
v 0.372765 7.278888 2.101325
v 0.794570 7.375505 1.925383
v 0.501410 7.444294 1.919496
v 0.208219 7.538791 2.083280
v 1.192362 7.243974 1.879567
v 1.522100 7.544742 1.545805
v 1.136020 7.514647 1.713543
v 1.365535 7.700571 1.638751
v 0.804430 7.525812 1.845041
v 0.351407 7.614786 1.928810
v 1.711416 8.161058 1.270465
v 1.600819 7.866223 1.454382
v 1.404920 8.741143 1.459211
v 1.561853 8.422272 1.370942
v 1.324459 8.610497 1.477873
v 1.580553 8.140210 1.379821
v 0.789803 9.058706 1.692830
v 1.077610 8.836155 1.551449
v 0.244650 8.952416 1.855763
v 0.555684 8.902767 1.691593
v 0.403328 8.693291 1.758622
v 0.785332 8.809031 1.661227
v 0.002021 8.736471 1.867887
v 0.109159 8.328798 1.963566
v 0.211243 8.632964 1.834832
v 0.000013 7.856631 2.076652
v 0.215158 7.933261 1.963628
v 0.272340 8.286570 1.879999
v 0.743126 6.817261 1.856908
v 0.753800 6.991257 1.950253
v 0.297913 6.459286 1.897283
v 0.000045 6.056921 1.974789
v 0.040282 6.968706 2.447505
v 0.071713 6.996779 2.442151
v 0.044111 7.031272 2.444210
v -0.000155 6.999264 2.451678
v 1.648675 8.818548 -0.604718
v 1.857676 8.552984 -0.645876
v 1.811525 8.274254 -0.749612
v 1.650732 9.074439 -0.168981
v 1.761031 8.905579 -0.434087
v 2.061888 8.104972 -0.607952
v 2.021363 7.762197 -0.594660
v 2.223720 7.895509 -0.365543
v 2.144021 7.648746 -0.127702
v 2.128812 7.802052 0.298856
v 2.102700 8.207410 0.024383
v 1.937205 8.371480 0.352035
v 2.228637 7.923329 -0.098682
v 1.720671 8.905077 0.245421
v 1.734710 8.958014 -0.149298
v 1.867800 8.672197 0.019528
v 1.827978 8.989393 -0.415594
v 1.930162 8.767089 -0.608630
v 2.070273 8.356236 -0.662827
v 2.303895 8.036211 -0.488697
v 2.328024 8.016682 -0.293874
v 2.323055 8.139629 -0.268191
v 2.212554 8.135797 -0.149795
v 2.127970 8.375735 -0.183654
v 2.018139 8.508878 -0.111128
v 1.969528 8.798981 -0.230541
v 1.849226 8.899450 -0.212456
v 2.062694 8.631485 -0.251194
v 2.010797 8.867440 -0.350585
v 1.975378 9.119826 -0.373275
v 2.074298 9.524241 -0.549418
v 2.244474 9.960610 -0.656565
v 2.203532 8.311699 -0.266647
v 2.120552 8.495221 -0.301443
v 2.558892 8.133173 -0.380236
v 2.321384 8.269206 -0.346151
v 3.347469 7.970234 -0.676828
v 2.877469 8.108461 -0.519809
v 2.593348 10.296442 -0.896124
v 2.990923 10.610252 -1.115041
v 4.229073 8.117703 -1.084615
v 3.807925 8.045782 -0.894844
v 3.780811 10.599886 -1.449931
v 4.092569 10.363649 -1.531766
v 4.387110 10.150420 -1.608229
v 3.395138 10.613788 -1.298650
v 4.590189 9.793190 -1.610467
v 4.762531 9.454416 -1.612324
v 4.711720 8.729902 -1.426236
v 4.500671 8.426732 -1.265991
v 4.763445 9.096930 -1.525173
v 2.068991 8.701938 -0.376329
v 2.008631 9.178563 -0.513690
v 2.263903 9.920606 -0.732979
v 2.200201 8.389439 -0.384173
v 2.562792 8.206011 -0.464665
v 3.317702 8.048215 -0.727378
v 2.984723 10.520810 -1.147461
v 4.192531 8.182619 -1.117367
v 3.754954 10.511117 -1.460189
v 4.346676 10.089403 -1.608924
v 4.713278 9.436526 -1.612421
v 4.664427 8.757043 -1.435894
v 1.237276 7.700721 1.452500
v 0.962181 7.523174 1.466191
v 0.771291 7.520378 1.713382
v 0.499164 7.485369 1.661516
v 0.353701 7.643494 1.740439
v 1.433009 8.095933 1.242299
v 1.300004 7.836860 1.149886
v 1.202444 8.517707 1.299962
v 1.277744 8.278006 1.103547
v 0.418952 8.562983 1.565654
v 0.499870 8.633661 1.319950
v 0.741162 8.668438 1.465278
v 0.903399 8.578608 1.214908
v 0.255410 8.237121 1.710314
v 0.216496 8.441607 1.488007
v 0.179267 7.907603 1.624628
v 0.308162 6.633897 1.949947
v 0.485330 6.771193 2.015293
v 0.198751 6.688256 2.065869
v 0.000000 6.636755 2.011605
v 0.491586 7.149382 2.097617
v 0.418785 6.956898 2.108428
v 0.000000 7.214669 2.180774
v 0.203544 7.156338 2.195369
v 0.304589 6.826087 2.139874
v 0.114869 6.775699 2.209909
v -0.000012 6.699454 2.141062
v 0.280252 7.067583 2.203740
v 0.257738 6.951579 2.213155
v -0.000000 7.140417 2.229870
v 0.143155 7.112188 2.250484
v 0.552953 6.750707 1.877196
v 0.604481 6.795929 1.812843
v 0.589532 6.757248 1.835603
v 0.595102 6.769353 1.801471
v 0.531915 6.723825 1.876809
v 0.309711 6.668253 1.810591
v 0.000001 6.602870 1.946008
v 0.000000 6.612955 1.889763
v 0.310525 6.715329 1.839329
v 0.000000 6.692248 1.816522
v 0.297766 6.763329 1.794243
v 0.530567 6.812340 1.797953
v 0.593616 6.835560 1.763409
v 0.603701 6.801430 1.772322
v 0.595185 6.809723 1.745180
v 0.530588 6.766197 1.767126
v 0.299798 6.698966 1.743595
v 0.000000 6.628284 1.767564
v 0.050669 6.915072 2.390048
v 0.091263 6.942539 2.397175
v 0.048857 6.930578 2.422827
v -0.000526 6.915079 2.408534
v 0.104897 6.980006 2.372115
v 0.092430 7.027675 2.384221
v 0.102220 6.989757 2.408779
v 0.052855 7.051443 2.367934
v -0.000667 7.064527 2.385445
v 0.052132 7.057996 2.406836
v 0.070693 7.059568 2.333117
v -0.000338 7.059766 2.357985
v 0.097136 7.022040 2.352007
v 0.138428 6.971323 2.329287
v 0.095429 6.928804 2.367150
v 0.065156 6.884728 2.348543
v -0.000193 6.900227 2.377028
v -0.001092 7.057957 2.430056
v 0.081276 7.029578 2.426502
v 0.081039 6.960626 2.433790
v -0.000340 6.942559 2.439961
v -0.000008 7.093990 2.305671
v 0.173912 7.040783 2.282985
v 0.175851 6.886013 2.268244
v -0.000013 6.804330 2.277022
v 2.659865 4.380454 0.121977
v 2.693239 4.393668 0.166123
v 2.662741 4.414335 0.138523
v 2.616478 4.403703 0.126133
v 2.840181 4.355567 0.281873
v 2.861085 4.368037 0.265015
v 2.859061 4.388423 0.294777
v 2.828609 4.372645 0.303794
v 2.698706 4.432170 0.166154
v 2.665474 4.448142 0.122269
v 2.617117 4.437385 0.126395
v 2.867332 4.407166 0.265015
v 2.851113 4.424042 0.281873
v 2.834857 4.411774 0.303794
v 2.711351 4.458749 0.106378
v 2.665864 4.462452 0.062953
v 2.617436 4.461553 0.098911
v 2.772009 4.445220 0.156235
v 2.836931 4.446798 0.115724
v 2.770890 4.460436 0.063589
v 2.711351 4.458816 0.019845
v 2.665474 4.448321 0.002655
v 2.617436 4.462125 0.055220
v 2.836931 4.446798 0.015027
v 2.768546 4.440652 -0.019417
v 2.708306 4.430378 -0.029300
v 2.662741 4.413024 -0.013834
v 2.617117 4.436059 0.026019
v 2.831619 4.412507 -0.038940
v 2.762767 4.403436 -0.038443
v 2.702839 4.391760 -0.029286
v 2.659865 4.379942 0.002627
v 2.616478 4.401387 0.026134
v 2.825372 4.373378 -0.038940
v 2.757015 4.367401 -0.019417
v 2.699102 4.365644 0.019749
v 2.658756 4.367508 0.062284
v 2.616043 4.379996 0.054402
v 2.821244 4.347522 0.015027
v 2.754798 4.353520 0.063589
v 2.699102 4.365694 0.106239
v 2.616043 4.380411 0.097717
v 2.821244 4.347522 0.115724
v 2.758915 4.362186 0.156234
v 3.054537 4.293710 0.011221
v 3.046487 4.310983 -0.033525
v 3.087199 4.320352 0.006895
v 3.090074 4.297658 0.062556
v 3.054537 4.290907 0.113103
v 3.087199 4.319417 0.118217
v 3.046487 4.308179 0.158583
v 3.060843 4.352148 -0.033525
v 3.079683 4.367633 0.011221
v 3.105588 4.339114 0.062556
v 3.079683 4.364830 0.113103
v 3.060843 4.349344 0.158583
v 2.891316 4.346882 -0.031656
v 2.955859 4.327563 0.005834
v 2.889818 4.337496 0.064108
v 2.896926 4.382018 -0.052801
v 2.957048 4.348546 -0.057966
v 2.955859 4.327095 0.123197
v 2.891791 4.346882 0.166099
v 2.843054 4.371094 0.177854
v 2.957522 4.348078 0.191951
v 2.899772 4.382018 0.188690
v 2.903017 4.420171 -0.031656
v 2.964453 4.387964 -0.057966
v 2.906924 4.444643 0.064108
v 2.973002 4.421006 0.005834
v 2.903491 4.420171 0.166099
v 2.973002 4.420539 0.123197
v 2.849301 4.410223 0.177854
v 2.964928 4.387497 0.191951
v 2.803911 4.362021 0.183869
v 2.783932 4.360458 0.222287
v 2.732492 4.373786 0.200393
v 2.826007 4.394298 0.183987
v 2.823106 4.374376 0.200639
v 2.751665 4.385709 0.250251
v 2.723060 4.409985 0.210319
v 2.814843 4.430496 0.183869
v 2.829353 4.413505 0.200639
v 2.743424 4.442261 0.200393
v 2.796425 4.438715 0.222287
v 2.757912 4.424838 0.250251
v 2.832127 4.357251 0.237215
v 2.795320 4.363342 0.275176
v 2.848940 4.390668 0.231091
v 2.793574 4.398602 0.289109
v 2.843059 4.425726 0.237215
v 2.806252 4.431817 0.275176
v 3.005800 4.314553 -0.034729
v 3.017729 4.305307 0.063029
v 3.012663 4.348313 -0.058151
v 3.005800 4.311749 0.162155
v 3.012663 4.347379 0.188619
v 3.025153 4.387022 -0.034729
v 3.041365 4.397639 0.063029
v 3.025153 4.384219 0.162155
v 0.370889 0.830388 0.745643
v 0.726274 1.086896 0.943053
v 0.435565 1.348657 1.125103
v 0.000000 1.047119 1.014231
v 0.501364 2.080219 1.410846
v 0.911277 2.612358 1.263423
v 0.482101 3.247507 1.182083
v 0.000000 2.628849 1.426651
v 0.768369 3.935586 0.783212
v 0.363499 4.482562 0.769466
v -0.000000 3.866165 1.042601
v 0.541119 5.023945 0.539886
v -0.000000 5.095833 0.688858
v 0.576243 5.034631 -0.616027
v 0.369353 4.487093 -0.941685
v -0.000000 5.117303 -0.823698
v 0.768369 3.933847 -0.785591
v 0.485997 3.247507 -1.069800
v -0.000000 3.866165 -1.093982
v 0.959084 2.605838 -1.086075
v 0.513035 2.070335 -1.346801
v 0.000000 2.628850 -1.289787
v 0.363587 0.828995 -0.807984
v 0.632045 0.687304 -0.341860
v 0.333585 0.664266 -0.007096
v 0.632045 0.698469 0.335299
v -0.000000 0.660888 0.426212
v 1.469912 0.909108 -0.244369
v 1.363071 1.157669 -0.575369
v 1.668909 1.450294 -0.359599
v 1.715916 1.199446 0.028501
v 1.521411 0.917755 0.404864
v 1.860255 1.438285 0.399742
v 1.628932 1.185237 0.791876
v 1.735600 2.051579 -0.420331
v 1.431187 2.471372 -0.726527
v 1.476624 2.838369 -0.365389
v 1.769068 2.468847 0.012887
v 1.918916 2.051692 0.440992
v 1.587243 2.852877 0.451166
v 1.728816 2.457666 0.827967
v 0.989053 -0.010318 -0.062396
v 1.026628 -0.017465 -0.090395
v 1.064152 -0.010318 -0.064054
v 1.026478 -0.018981 -0.030492
v 0.776170 1.079494 -0.910696
v 1.174947 1.405951 -0.898871
v 1.042663 0.825976 -0.591367
v 0.991696 -0.018981 0.012184
v 1.061482 -0.018981 0.012384
v 1.026762 -0.018981 0.033963
v 1.027519 1.198658 1.262168
v 1.115778 1.074353 1.145832
v 1.408646 1.277461 1.224061
v 1.340877 1.477270 1.427003
v 1.220863 2.935364 -0.708739
v 1.275875 2.065754 -1.048090
v 1.204848 3.340665 -0.352042
v 1.433324 3.087505 0.025878
v 1.219353 3.343394 0.467447
v 1.304104 3.063521 0.866792
v 1.250920 2.501676 1.382226
v 1.488102 2.033594 1.502772
v 1.565891 2.422485 1.252861
v 1.313664 2.822470 1.173438
v 0.876058 0.510602 -0.364303
v 0.894460 0.281110 -0.101626
v 0.783603 0.505668 0.000536
v 1.190886 0.558449 -0.300410
v 1.026795 0.288083 -0.193835
v 1.371096 0.597307 0.026399
v 1.175120 0.301068 -0.092209
v 0.894460 0.283152 0.105039
v 0.880093 0.524676 0.393919
v 1.215098 0.571442 0.459340
v 1.179155 0.302893 0.118608
v 1.055566 0.804615 0.780186
v 1.030830 0.291950 0.223647
v 0.977761 0.152058 -0.104812
v 0.965773 0.066417 -0.068903
v 0.940048 0.152058 -0.018099
v 1.076292 0.152058 -0.109093
v 1.026797 0.073564 -0.112562
v 1.113045 0.152058 -0.018832
v 1.087539 0.066417 -0.071590
v 0.968416 0.075080 0.019336
v 0.977761 0.152058 0.071544
v 1.076291 0.152058 0.072162
v 1.084869 0.075080 0.019684
v 1.026931 0.075080 0.056774
v 0.986883 0.015670 -0.088558
v 0.970984 0.015670 -0.025603
v 1.025728 0.034078 -0.115305
v 1.046209 0.015670 -0.116479
v 1.025728 -0.002738 -0.115305
v 1.005246 0.015670 -0.114131
v 1.081849 0.015670 -0.026155
v 1.066373 0.015670 -0.092232
v 0.974489 0.041658 0.376170
v 0.965186 0.015670 0.354839
v 0.974489 -0.010318 0.376170
v 0.994995 0.015670 0.412164
v 1.078736 0.041658 0.376454
v 1.058581 0.015670 0.412563
v 1.078736 -0.010318 0.376454
v 1.087647 0.015670 0.354919
v 1.026870 0.041658 0.406105
v 1.026870 -0.010318 0.406105
v 0.980161 0.041658 0.026104
v 0.990348 0.050321 0.097216
v 1.001650 0.050321 0.055769
v 0.980161 -0.010318 0.026104
v 0.981849 0.015670 0.087863
v 1.001650 -0.018981 0.055769
v 0.990348 -0.018981 0.097216
v 1.051742 0.050321 0.055969
v 1.062719 0.050321 0.097262
v 1.072645 0.041658 0.026144
v 1.072645 -0.010318 0.026144
v 1.062719 -0.018981 0.097262
v 1.051742 -0.018981 0.055969
v 1.070860 0.015670 0.087863
v 1.026713 0.050321 0.106615
v 1.026713 -0.018981 0.106615
v 0.970522 0.041658 0.185472
v 0.966895 0.050321 0.282927
v 0.996495 0.050321 0.193315
v 1.026946 0.050321 0.291110
v 1.057040 0.050321 0.193341
v 1.086405 0.050321 0.282997
v 1.082305 0.041658 0.185477
v 1.099850 0.015670 0.274815
v 1.082305 -0.010318 0.185477
v 1.086406 -0.018981 0.282997
v 1.057040 -0.018981 0.193341
v 1.026946 -0.018981 0.291110
v 0.996495 -0.018981 0.193315
v 0.966895 -0.018981 0.282927
v 0.970522 -0.010318 0.185472
v 0.952859 0.015670 0.274815
v 0.958077 0.041658 0.329244
v 0.989839 0.050321 0.357426
v 1.063879 0.050321 0.357650
v 1.094776 0.041658 0.329289
v 1.094776 -0.010318 0.329289
v 1.063879 -0.018981 0.357650
v 0.989839 -0.018981 0.357425
v 0.958077 -0.010318 0.329244
v 1.050064 0.037110 -0.108279
v 1.002353 0.037110 -0.105545
v 1.050064 -0.005771 -0.108279
v 1.002353 -0.005771 -0.105545
v 0.899048 0.967665 0.993792
v 0.990607 1.400726 1.233973
v 1.316585 1.054083 1.023145
v 1.702162 1.467733 1.095270
v 1.152097 2.061202 1.415474
v 1.122908 2.956150 1.158283
v 1.490326 2.794576 1.021973
v 1.770068 2.037459 1.158016
v 0.997456 3.881868 -0.384131
v 1.056804 4.161717 -0.053815
v 1.162086 3.784794 0.051610
v 0.838485 4.475869 -0.444023
v 0.957657 4.322500 -0.199153
v 1.056804 4.164157 0.202950
v 0.997456 3.885165 0.528856
v 0.957657 4.336112 0.330753
v 0.832631 4.482882 0.439104
v 0.717981 5.080003 -0.249905
v 0.876212 4.622154 -0.175136
v 0.737565 5.167047 0.057999
v 0.854845 4.806292 -0.021950
v 0.682857 5.070266 0.337423
v 0.848271 4.801317 0.175767
v 0.869639 4.628350 0.295721
v 1.029452 4.319829 -0.080032
v 1.148461 4.325102 0.008964
v 1.091071 4.267250 0.074706
v 0.968131 4.460243 -0.143034
v 1.095110 4.404109 -0.082681
v 1.148461 4.327708 0.142191
v 1.029452 4.328609 0.233158
v 1.095110 4.418651 0.234763
v 0.968131 4.482729 0.294510
v 0.913422 4.636569 -0.079542
v 1.048345 4.538770 -0.083400
v 0.927708 4.707836 0.086185
v 1.036034 4.646522 0.014099
v 0.913422 4.633491 0.238164
v 1.036034 4.642921 0.149690
v 1.048345 4.547106 0.236407
v 2.050268 4.398890 0.042159
v 2.325502 4.406578 0.030310
v 2.325502 4.391810 0.075536
v 2.047296 4.438229 -0.003675
v 2.325502 4.446318 0.012288
v 2.050269 4.400157 0.108874
v 2.325502 4.408733 0.121673
v 2.047296 4.445295 0.155159
v 2.325502 4.451836 0.139290
v 2.044690 4.505103 -0.004024
v 2.325501 4.494872 0.030430
v 2.044004 4.558408 0.044654
v 2.325501 4.514226 0.078353
v 2.044004 4.556658 0.112518
v 2.325501 4.494116 0.122902
v 2.044690 4.509152 0.155958
v 1.261660 4.587748 0.186899
v 1.541641 4.600596 0.129229
v 1.269663 4.638660 0.082822
v 1.541641 4.603207 0.030943
v 1.261660 4.589856 -0.030669
v 1.547361 4.525102 -0.039730
v 1.292309 4.469106 -0.074148
v 1.569089 4.427490 -0.039209
v 1.326661 4.372951 -0.031004
v 1.593877 4.370220 0.027221
v 1.361181 4.336944 0.074961
v 1.593877 4.372109 0.123793
v 1.326661 4.378963 0.183471
v 1.569089 4.438031 0.190895
v 1.292309 4.484505 0.225485
v 1.547361 4.531143 0.192087
v 1.791182 4.557935 0.153124
v 1.793558 4.593441 0.080541
v 1.791182 4.559405 0.001393
v 1.800278 4.475194 -0.028930
v 1.810472 4.408135 0.001159
v 1.820716 4.383024 0.075059
v 1.810472 4.412328 0.150734
v 1.800278 4.485933 0.180035
v 0.918011 1.676943 -1.194425
v 1.493089 1.721507 -0.757452
v 1.903212 1.724424 0.003236
v 1.881626 1.714864 0.806185
v 1.636581 1.733327 1.392725
v 1.252724 1.705344 1.500619
v 0.864967 1.679943 1.251304
v 0.000000 1.668197 1.374319
v 0.484229 1.341203 -1.184328
v 0.196231 1.433831 -1.397004
v 0.000000 1.688051 -1.380726
v 0.178615 1.168169 -1.293539
v -0.000000 1.125823 -1.553843
v 0.102149 1.057751 -1.895409
v 0.173130 1.231157 -1.611039
v -0.025748 0.877468 -2.182402
v -0.001106 0.714277 -2.543790
v 0.075011 0.964440 -2.252628
v -0.129652 0.524791 -2.870215
v -0.112328 0.407870 -3.215110
v -0.055103 0.585601 -2.889105
v -0.204940 0.340690 -3.564795
v -0.156184 0.343647 -3.900511
v -0.100933 0.386067 -3.564479
v -0.250866 0.335523 -4.221777
v -0.275750 0.358123 -4.518784
v -0.171039 0.372587 -4.208920
v -0.454248 0.366185 -4.840464
v -0.535557 0.391163 -5.188819
v -0.382251 0.384586 -4.825966
v -0.650059 0.423199 -5.631118
v -0.563280 0.474696 -6.081191
v 2.198753 9.256069 -0.618706
v 2.428201 8.721722 -0.578862
v 2.692034 8.323130 -0.593877
v 2.799523 9.873940 -0.979727
v 3.202733 9.134843 -0.976689
v 3.578719 8.418222 -0.970052
v 3.631254 10.243212 -1.400325
v 4.092505 9.551812 -1.435071
v 4.377103 8.809432 -1.381752
v 4.103887 10.481932 -1.658070
v 4.621808 9.842141 -1.751530
v 4.794160 9.058046 -1.650679
v 3.616752 10.359986 -1.530198
v 4.083387 9.568189 -1.607487
v 4.382379 8.717898 -1.513608
v 2.731939 9.932602 -1.105250
v 3.110642 9.091483 -1.176268
v 3.541076 8.274382 -1.086433
v 2.138500 9.292622 -0.758338
v 2.384914 8.740578 -0.844035
v 2.701119 8.177074 -0.746714
v 4.517699 8.301507 -1.355641
v 3.805052 7.878735 -0.936027
v 2.898159 7.930058 -0.562492
v 3.373865 10.754362 -1.388241
v 2.553328 10.394020 -0.956255
v 2.017069 9.541648 -0.564351
v 0.270939 5.665129 -0.847536
v 0.824805 5.799081 -0.768905
v 0.920392 5.583467 -0.237050
v 0.957648 5.644078 0.312730
v 0.883980 5.809222 0.938790
v 0.259997 5.644823 0.961796
v 0.996155 6.335141 1.642384
v 0.414792 9.648131 1.170542
v 1.232589 9.295544 1.017585
v 1.203024 9.537108 0.334091
v 0.395303 9.889142 0.394954
v 0.403156 9.884430 -0.400520
v 1.190267 9.492196 -0.396148
v 1.054725 9.105536 -1.021253
v 0.393708 9.441109 -1.120877
v 0.367642 8.673221 -1.599609
v 1.000147 8.545590 -1.396795
v 1.076999 7.829439 -1.618202
v 0.374746 7.872384 -1.873722
v 0.347588 7.038225 -1.793540
v 1.042905 7.062349 -1.542450
v 0.893456 6.338783 -1.223954
v 0.307664 6.289653 -1.401656
v 1.316513 6.312835 -0.852958
v 1.629145 7.064143 -1.046217
v 1.900182 6.997904 -0.372053
v 1.530489 6.228443 -0.290295
v 1.591428 7.822954 -1.144103
v 1.407032 8.524906 -1.059919
v 1.717511 8.601816 0.937279
v 1.887008 7.818236 1.028699
v 1.650131 6.215371 0.361510
v 1.983549 6.993437 0.384109
v 1.831772 7.018630 1.114151
v 1.520038 6.298389 1.019731
v 0.444693 7.362343 2.040588
v 1.189032 7.416004 1.745184
v 1.101504 7.583127 1.757470
v 0.541334 7.508702 1.903225
v 1.687794 7.822623 1.373057
v 1.618268 8.471459 1.348108
v 1.505868 8.391592 1.394071
v 1.529496 7.898067 1.487124
v 1.107289 8.942864 1.607456
v 0.506289 9.066829 1.786665
v 0.574862 8.780073 1.708441
v 1.055320 8.754661 1.578695
v 0.137732 8.671904 1.858248
v 0.130450 7.917623 2.042086
v 0.273839 7.927052 1.918584
v 0.310621 8.534406 1.820501
v 1.100649 6.955331 1.902312
v 0.304119 6.077231 1.942625
v 0.041452 6.998871 2.449648
v 1.716832 8.566021 -0.717040
v 1.618347 8.992852 -0.399036
v 1.919523 7.986185 -0.712934
v 2.097585 7.662675 -0.382447
v 2.054521 8.051841 0.357919
v 2.156508 7.681540 0.118168
v 1.668287 9.039925 0.068170
v 1.806844 8.649119 0.332881
v 1.870862 8.911383 -0.521478
v 1.989432 8.569336 -0.661918
v 2.194289 8.165899 -0.592846
v 2.342333 8.002294 -0.386856
v 2.283114 8.051844 -0.206199
v 2.120047 8.300291 -0.116154
v 1.921084 8.717983 -0.140635
v 1.818006 8.987056 -0.306027
v 1.995394 8.840026 -0.291444
v 2.050714 9.524268 -0.493031
v 2.128964 8.446772 -0.240592
v 2.329437 8.219093 -0.303839
v 2.876046 8.047833 -0.494977
v 2.581934 10.346620 -0.881423
v 3.819670 7.986353 -0.881096
v 4.109387 10.417140 -1.549330
v 3.399269 10.679465 -1.304856
v 4.616092 9.818909 -1.631802
v 4.525146 8.385887 -1.270041
v 4.792628 9.088745 -1.542066
v 2.010941 8.895320 -0.417256
v 2.081803 9.537949 -0.606256
v 2.125690 8.528385 -0.369402
v 2.331560 8.289221 -0.404333
v 2.861294 8.133364 -0.561590
v 2.588376 10.273664 -0.931884
v 3.792729 8.059376 -0.926859
v 4.075649 10.339656 -1.553528
v 3.382447 10.585731 -1.324198
v 4.570177 9.778411 -1.631085
v 4.481999 8.434278 -1.290141
v 4.743108 9.093597 -1.545339
v 1.019209 7.579850 1.599006
v 0.536013 7.524853 1.746760
v 1.383002 7.880447 1.322730
v 1.363921 8.324087 1.243809
v 0.558808 8.642933 1.516384
v 0.975283 8.629595 1.383461
v 0.312326 8.438494 1.641962
v 0.264684 7.926518 1.735715
v 0.259382 6.647793 2.008992
v 0.552255 6.943314 2.047174
v 0.272192 7.206088 2.155289
v 0.146902 6.731464 2.136522
v 0.315120 6.955256 2.164984
v 0.171916 7.133503 2.220766
v 0.610719 6.769788 1.853750
v 0.593572 6.748784 1.850960
v 0.288272 6.640862 1.938884
v 0.318301 6.669751 1.891660
v 0.304089 6.742931 1.810635
v 0.604323 6.819297 1.783776
v 0.602874 6.793072 1.767795
v 0.304780 6.683775 1.767289
v 0.050369 6.921381 2.405462
v 0.104963 6.984533 2.388901
v 0.054065 7.056837 2.384236
v 0.056610 7.051053 2.354542
v 0.111683 6.976410 2.356462
v 0.053675 6.906282 2.374804
v 0.047546 7.049953 2.428595
v 0.092426 6.994748 2.428417
v 0.044536 6.946700 2.437946
v 0.100535 7.081115 2.295088
v 0.201072 6.959989 2.270285
v 0.090447 6.833284 2.276585
v 2.661180 4.395953 0.135204
v 2.854028 4.368778 0.293027
v 2.664303 4.432576 0.135326
v 2.860275 4.407907 0.293027
v 2.665864 4.458505 0.096010
v 2.770265 4.454479 0.111911
v 2.665864 4.458773 0.029506
v 2.770265 4.454479 0.016705
v 2.664303 4.431956 -0.010611
v 2.765891 4.423001 -0.035449
v 2.661180 4.394872 -0.010557
v 2.759644 4.383873 -0.035449
v 2.659044 4.370677 0.029125
v 2.755373 4.357117 0.016705
v 2.659044 4.370870 0.095453
v 2.755373 4.357117 0.111911
v 3.077003 4.301048 0.009178
v 3.077003 4.299179 0.115303
v 3.092517 4.342503 0.009178
v 3.092517 4.340634 0.115303
v 2.890105 4.339293 0.009754
v 2.893802 4.362453 -0.049655
v 2.890105 4.339293 0.120935
v 2.895700 4.362453 0.185460
v 2.900049 4.401582 -0.049655
v 2.905673 4.436810 0.009754
v 2.905674 4.436811 0.120935
v 2.901947 4.401582 0.185460
v 2.767248 4.363013 0.191127
v 2.820882 4.374734 0.182900
v 2.721245 4.390420 0.207389
v 2.827129 4.413863 0.182900
v 2.779742 4.441270 0.191127
v 2.727492 4.429549 0.207389
v 2.812530 4.355385 0.255414
v 2.843642 4.371024 0.231115
v 2.790971 4.379036 0.285961
v 2.849889 4.410152 0.231115
v 2.825023 4.433642 0.255414
v 2.797218 4.418165 0.285961
v 3.012413 4.307458 0.008215
v 3.007222 4.329102 -0.054248
v 3.012413 4.305589 0.118160
v 3.007222 4.327233 0.183563
v 3.018102 4.369394 -0.054248
v 3.035424 4.395874 0.008215
v 3.035425 4.394005 0.118160
v 3.018102 4.367526 0.183563
v 0.401153 1.056813 0.962269
v 0.504672 2.628850 1.349658
v 0.432177 3.866164 0.968461
v 0.284665 5.094440 0.645778
v 0.308081 5.112567 -0.769927
v 0.432177 3.866165 -1.008752
v 0.520257 2.628850 -1.223505
v 0.345249 0.699832 -0.432446
v 0.345249 0.703662 0.404061
v 1.584364 1.187903 -0.308079
v 1.709654 1.185982 0.422082
v 1.630514 2.459201 -0.393440
v 1.782884 2.468873 0.444989
v 1.026602 -0.018981 -0.063225
v 1.100109 1.115060 -0.761078
v 1.026602 -0.018981 0.002713
v 1.218038 1.255195 1.299095
v 1.235052 2.536798 -0.938911
v 1.331953 3.077858 -0.379209
v 1.389974 3.087530 0.482720
v 1.413629 2.450025 1.356789
v 0.801935 0.503628 -0.215476
v 1.025100 0.531520 -0.379836
v 1.315241 0.583457 -0.164361
v 0.801935 0.511793 0.217620
v 1.331382 0.590759 0.269956
v 1.041241 0.546986 0.487576
v 0.949159 0.152058 -0.067474
v 1.027122 0.152058 -0.119541
v 1.104318 0.152058 -0.070899
v 0.949159 0.152058 0.032741
v 1.104318 0.152058 0.033236
v 1.027122 0.152058 0.084808
v 0.976536 0.015670 -0.062120
v 1.025567 0.015669 -0.118102
v 1.076668 0.015670 -0.064330
v 0.976536 0.015670 0.387122
v 1.076668 0.015670 0.387441
v 1.026850 0.015670 0.420724
v 0.987109 0.050321 0.040916
v 0.977845 0.015670 0.021166
v 0.987109 -0.018981 0.040916
v 1.065990 0.050321 0.041076
v 1.065990 -0.018981 0.041076
v 1.074864 0.015670 0.021166
v 1.026745 0.050321 0.060827
v 1.026745 -0.018981 0.060827
v 0.978920 0.050321 0.189391
v 1.026826 0.050321 0.194637
v 1.074261 0.050321 0.189411
v 1.084987 0.015670 0.184165
v 1.074261 -0.018981 0.189411
v 1.026826 -0.018981 0.194637
v 0.978920 -0.018981 0.189391
v 0.967722 0.015670 0.184165
v 0.968347 0.050321 0.343312
v 1.026932 0.050321 0.362250
v 1.084939 0.050321 0.343492
v 1.098055 0.015670 0.324555
v 1.084939 -0.018981 0.343492
v 1.026932 -0.018981 0.362250
v 0.968347 -0.018981 0.343312
v 0.954654 0.015670 0.324555
v 1.026209 0.044257 -0.106912
v 1.058015 0.015670 -0.108735
v 1.026209 -0.012917 -0.106912
v 0.994402 0.015670 -0.105089
v 0.899330 1.138368 1.093254
v 1.071016 0.952282 0.986233
v 1.537104 1.234935 1.057095
v 1.121748 2.562877 1.312692
v 1.663719 2.433618 1.086922
v 1.277911 3.001068 1.053568
v 1.103653 3.789786 -0.201034
v 0.912590 4.136899 -0.457028
v 1.103653 3.791032 0.333145
v 0.912590 4.143854 0.524027
v 0.764569 4.819767 -0.369417
v 0.725862 5.167982 -0.102183
v 0.702446 5.160540 0.214890
v 0.741152 4.818033 0.394532
v 1.069201 4.280546 -0.009284
v 0.997688 4.381175 -0.126009
v 1.069201 4.283866 0.160405
v 0.997688 4.399696 0.278311
v 0.935004 4.552691 -0.126925
v 0.918502 4.689931 -0.002744
v 0.918502 4.685346 0.169956
v 0.935004 4.563306 0.280405
v 2.325502 4.395530 0.050960
v 2.325502 4.424026 0.017094
v 2.325502 4.396345 0.100532
v 2.325502 4.428572 0.134687
v 2.325501 4.471893 0.016869
v 2.325501 4.509375 0.052565
v 2.325501 4.508250 0.102876
v 2.325501 4.474498 0.135201
v 1.264506 4.623258 0.140189
v 1.264506 4.626398 0.021924
v 1.273751 4.532415 -0.063117
v 1.308867 4.414960 -0.062489
v 1.348928 4.346049 0.017445
v 1.348928 4.348322 0.133649
v 1.308867 4.427643 0.214391
v 1.273751 4.539685 0.215826
v 1.792027 4.582699 0.120549
v 1.792027 4.584890 0.038071
v 1.794770 4.519346 -0.021237
v 1.805191 4.437433 -0.020799
v 1.817080 4.389374 0.034947
v 1.817080 4.390959 0.115988
v 1.805191 4.446278 0.172298
v 1.794770 4.524416 0.173298
v 1.244688 1.705827 -1.014642
v 1.733859 1.726731 -0.403033
v 1.937357 1.717509 0.415977
v 1.781349 1.725369 1.144855
v 1.447375 1.723039 1.510536
v 1.091623 1.691078 1.365307
v 0.473649 1.671640 1.305312
v 0.442408 1.632103 -1.316621
v 0.371944 1.070389 -1.069709
v 0.115420 1.155745 -1.578164
v 0.058590 0.898825 -2.217093
v -0.062787 0.539421 -2.876070
v -0.135602 0.353239 -3.562086
v -0.197648 0.347210 -4.213898
v -0.406250 0.370578 -4.831706
v -0.610082 0.426463 -5.626277
v -0.328608 0.534081 -6.490669
v 0.115420 1.322737 -1.627846
v 0.007094 1.047335 -2.255626
v -0.114283 0.641711 -2.910101
v -0.135602 0.424001 -3.582494
v -0.197648 0.401971 -4.225502
v -0.406250 0.409035 -4.843774
v -0.616796 0.456688 -5.631585
v -0.335322 0.553503 -6.488598
v -2.198753 9.256069 -0.618706
v -2.428201 8.721722 -0.578862
v -2.692035 8.323131 -0.593878
v -2.799522 9.873940 -0.979727
v -3.202733 9.134843 -0.976689
v -3.578719 8.418221 -0.970052
v -3.631254 10.243213 -1.400325
v -4.092505 9.551813 -1.435071
v -4.377103 8.809432 -1.381752
v -4.103887 10.481933 -1.658070
v -4.621808 9.842141 -1.751530
v -4.794160 9.058045 -1.650679
v -3.616752 10.359986 -1.530198
v -4.083387 9.568189 -1.607487
v -4.382380 8.717897 -1.513608
v -2.731939 9.932603 -1.105250
v -3.110643 9.091483 -1.176268
v -3.541076 8.274382 -1.086433
v -2.138500 9.292623 -0.758338
v -2.384914 8.740578 -0.844035
v -2.701286 8.177388 -0.746789
v -4.517699 8.301506 -1.355641
v -3.805052 7.878735 -0.936027
v -2.898159 7.930058 -0.562492
v -3.373865 10.754362 -1.388241
v -2.553329 10.394020 -0.956255
v -2.017069 9.541648 -0.564351
v -0.270939 5.665129 -0.847536
v -0.824805 5.799081 -0.768905
v -0.920392 5.583467 -0.237050
v -0.957648 5.644078 0.312730
v -0.883980 5.809222 0.938790
v -0.259638 5.644954 0.962309
v -1.004961 6.341445 1.723678
v -0.410431 9.649345 1.171501
v -1.232145 9.295815 1.017823
v -1.203023 9.537109 0.334091
v -0.395250 9.889158 0.394964
v -0.403154 9.884420 -0.400551
v -1.190266 9.492193 -0.396153
v -1.054725 9.105539 -1.021252
v -0.393709 9.441108 -1.120877
v -0.367654 8.673303 -1.599546
v -1.000147 8.545595 -1.396791
v -1.076999 7.829438 -1.618202
v -0.374748 7.872388 -1.873721
v -0.347588 7.038225 -1.793540
v -1.042905 7.062349 -1.542450
v -0.893456 6.338783 -1.223954
v -0.307664 6.289654 -1.401656
v -1.316513 6.312835 -0.852958
v -1.629145 7.064143 -1.046217
v -1.900181 6.997903 -0.372053
v -1.530489 6.228443 -0.290295
v -1.591428 7.822953 -1.144103
v -1.407031 8.524907 -1.059917
v -1.717494 8.601847 0.937303
v -1.887008 7.818236 1.028699
v -1.650131 6.215371 0.361510
v -1.983549 6.993437 0.384109
v -1.831772 7.018630 1.114151
v -1.520038 6.298389 1.019731
v -0.444693 7.362343 2.040588
v -1.189032 7.416004 1.745184
v -1.101505 7.583127 1.757470
v -0.541334 7.508702 1.903225
v -1.687794 7.822623 1.373057
v -1.618268 8.471459 1.348108
v -1.505868 8.391592 1.394071
v -1.529496 7.898067 1.487124
v -1.106767 8.943050 1.607689
v -0.502567 9.067474 1.787440
v -0.574675 8.780100 1.708503
v -1.055319 8.754662 1.578696
v -0.136511 8.672089 1.858469
v -0.130446 7.917724 2.042067
v -0.273839 7.927053 1.918584
v -0.310621 8.534406 1.820501
v -1.100649 6.955331 1.902312
v -0.302984 6.078055 1.943494
v -0.041272 6.999591 2.448917
v -1.716833 8.566022 -0.717040
v -1.618347 8.992852 -0.399037
v -1.919523 7.986185 -0.712934
v -2.097585 7.662675 -0.382447
v -2.054521 8.051840 0.357919
v -2.156508 7.681540 0.118168
v -1.668287 9.039925 0.068170
v -1.806844 8.649119 0.332881
v -1.870862 8.911383 -0.521478
v -1.989432 8.569336 -0.661918
v -2.194289 8.165899 -0.592846
v -2.342333 8.002294 -0.386856
v -2.283114 8.051844 -0.206199
v -2.120047 8.300291 -0.116155
v -1.921084 8.717981 -0.140634
v -1.818006 8.987057 -0.306028
v -1.995394 8.840026 -0.291444
v -2.050714 9.524268 -0.493031
v -2.128964 8.446772 -0.240592
v -2.329437 8.219092 -0.303838
v -2.876046 8.047832 -0.494977
v -2.581934 10.346620 -0.881423
v -3.819670 7.986354 -0.881096
v -4.109387 10.417141 -1.549330
v -3.399269 10.679465 -1.304856
v -4.616092 9.818909 -1.631802
v -4.525146 8.385887 -1.270041
v -4.792628 9.088745 -1.542066
v -2.010940 8.895320 -0.417256
v -2.081803 9.537950 -0.606256
v -2.125690 8.528385 -0.369402
v -2.331560 8.289221 -0.404333
v -2.861294 8.133365 -0.561590
v -2.588376 10.273664 -0.931884
v -3.792729 8.059376 -0.926859
v -4.075649 10.339657 -1.553528
v -3.382447 10.585731 -1.324198
v -4.570177 9.778411 -1.631085
v -4.482000 8.434278 -1.290141
v -4.743108 9.093597 -1.545339
v -1.019209 7.579850 1.599006
v -0.536013 7.524853 1.746760
v -1.383002 7.880447 1.322730
v -1.363921 8.324087 1.243809
v -0.558808 8.642933 1.516384
v -0.975283 8.629595 1.383461
v -0.312326 8.438494 1.641962
v -0.264684 7.926518 1.735715
v -0.259382 6.647793 2.008991
v -0.552255 6.943314 2.047174
v -0.272192 7.206088 2.155289
v -0.146812 6.731920 2.137023
v -0.315122 6.955257 2.164983
v -0.171916 7.133502 2.220765
v -0.610720 6.769788 1.853750
v -0.593572 6.748784 1.850960
v -0.288272 6.640862 1.938884
v -0.318301 6.669752 1.891660
v -0.304089 6.742931 1.810635
v -0.604323 6.819297 1.783776
v -0.602874 6.793072 1.767795
v -0.304780 6.683774 1.767289
v -0.051873 6.920777 2.405004
v -0.106848 6.984565 2.388554
v -0.053863 7.055850 2.384460
v -0.057179 7.051196 2.353186
v -0.112070 6.977065 2.356364
v -0.054232 6.905181 2.374089
v -0.049831 7.050152 2.428357
v -0.091469 6.994372 2.428158
v -0.045152 6.946943 2.438105
v -0.100547 7.081069 2.294979
v -0.201073 6.959998 2.270300
v -0.090451 6.833358 2.276686
v -2.661180 4.395953 0.135204
v -2.854028 4.368778 0.293027
v -2.664303 4.432576 0.135326
v -2.860274 4.407907 0.293027
v -2.665864 4.458505 0.096010
v -2.770265 4.454479 0.111911
v -2.665864 4.458772 0.029506
v -2.770265 4.454479 0.016705
v -2.664303 4.431957 -0.010611
v -2.765891 4.423001 -0.035449
v -2.661180 4.394872 -0.010557
v -2.759644 4.383873 -0.035449
v -2.659044 4.370676 0.029125
v -2.755373 4.357116 0.016705
v -2.659044 4.370870 0.095453
v -2.755373 4.357116 0.111911
v -3.077003 4.301048 0.009178
v -3.077003 4.299179 0.115303
v -3.092517 4.342503 0.009178
v -3.092517 4.340634 0.115303
v -2.890105 4.339293 0.009754
v -2.893802 4.362453 -0.049655
v -2.890105 4.339293 0.120935
v -2.895700 4.362453 0.185460
v -2.900049 4.401582 -0.049655
v -2.905674 4.436811 0.009754
v -2.905674 4.436810 0.120935
v -2.901947 4.401582 0.185460
v -2.767248 4.363013 0.191127
v -2.820882 4.374734 0.182900
v -2.721245 4.390420 0.207389
v -2.827129 4.413863 0.182900
v -2.779742 4.441270 0.191127
v -2.727492 4.429549 0.207389
v -2.812530 4.355385 0.255414
v -2.843642 4.371024 0.231115
v -2.790971 4.379036 0.285961
v -2.849889 4.410152 0.231115
v -2.825023 4.433642 0.255414
v -2.797218 4.418165 0.285961
v -3.012413 4.307458 0.008215
v -3.007222 4.329102 -0.054248
v -3.012413 4.305589 0.118160
v -3.007222 4.327233 0.183563
v -3.018102 4.369394 -0.054248
v -3.035424 4.395874 0.008215
v -3.035425 4.394005 0.118160
v -3.018103 4.367525 0.183563
v -0.401153 1.056813 0.962269
v -0.504672 2.628850 1.349658
v -0.432177 3.866165 0.968461
v -0.284665 5.094440 0.645778
v -0.308081 5.112567 -0.769926
v -0.432177 3.866165 -1.008752
v -0.520257 2.628850 -1.223505
v -0.345249 0.699832 -0.432446
v -0.345249 0.703662 0.404061
v -1.584364 1.187903 -0.308079
v -1.709654 1.185982 0.422082
v -1.630514 2.459201 -0.393440
v -1.782884 2.468873 0.444989
v -1.026602 -0.018981 -0.063225
v -1.100109 1.115060 -0.761078
v -1.026602 -0.018981 0.002713
v -1.218038 1.255195 1.299095
v -1.235052 2.536798 -0.938911
v -1.331953 3.077858 -0.379209
v -1.389974 3.087530 0.482720
v -1.413629 2.450025 1.356789
v -0.801935 0.503628 -0.215476
v -1.025100 0.531520 -0.379836
v -1.315241 0.583457 -0.164361
v -0.801935 0.511793 0.217620
v -1.331382 0.590759 0.269956
v -1.041241 0.546986 0.487576
v -0.949159 0.152058 -0.067474
v -1.027122 0.152058 -0.119541
v -1.104318 0.152058 -0.070899
v -0.949159 0.152058 0.032741
v -1.104318 0.152058 0.033236
v -1.027122 0.152058 0.084808
v -0.976536 0.015670 -0.062120
v -1.025567 0.015669 -0.118102
v -1.076668 0.015670 -0.064330
v -0.976536 0.015670 0.387122
v -1.076668 0.015670 0.387441
v -1.026850 0.015670 0.420724
v -0.987109 0.050321 0.040916
v -0.977845 0.015670 0.021166
v -0.987109 -0.018981 0.040916
v -1.065990 0.050321 0.041076
v -1.065990 -0.018981 0.041076
v -1.074864 0.015670 0.021166
v -1.026745 0.050321 0.060827
v -1.026745 -0.018981 0.060827
v -0.978920 0.050321 0.189391
v -1.026826 0.050321 0.194637
v -1.074261 0.050321 0.189411
v -1.084987 0.015670 0.184165
v -1.074261 -0.018981 0.189411
v -1.026826 -0.018981 0.194637
v -0.978920 -0.018981 0.189391
v -0.967722 0.015670 0.184165
v -0.968347 0.050321 0.343312
v -1.026932 0.050321 0.362250
v -1.084939 0.050321 0.343492
v -1.098055 0.015670 0.324555
v -1.084939 -0.018981 0.343492
v -1.026932 -0.018981 0.362250
v -0.968347 -0.018981 0.343312
v -0.954654 0.015670 0.324555
v -1.026209 0.044257 -0.106912
v -1.058015 0.015670 -0.108735
v -1.026209 -0.012917 -0.106912
v -0.994402 0.015670 -0.105089
v -0.899330 1.138368 1.093254
v -1.071016 0.952282 0.986233
v -1.537104 1.234935 1.057095
v -1.121748 2.562877 1.312692
v -1.663719 2.433618 1.086922
v -1.277911 3.001068 1.053568
v -1.103653 3.789786 -0.201034
v -0.912590 4.136899 -0.457028
v -1.103654 3.791032 0.333145
v -0.912590 4.143854 0.524027
v -0.764569 4.819767 -0.369417
v -0.725862 5.167982 -0.102183
v -0.702446 5.160540 0.214890
v -0.741152 4.818033 0.394532
v -1.069201 4.280546 -0.009284
v -0.997688 4.381175 -0.126009
v -1.069201 4.283866 0.160405
v -0.997688 4.399696 0.278311
v -0.935004 4.552691 -0.126925
v -0.918502 4.689931 -0.002744
v -0.918502 4.685345 0.169956
v -0.935004 4.563306 0.280405
v -2.325502 4.395530 0.050960
v -2.325502 4.424026 0.017094
v -2.325502 4.396345 0.100532
v -2.325502 4.428572 0.134687
v -2.325501 4.471893 0.016869
v -2.325501 4.509375 0.052565
v -2.325501 4.508250 0.102876
v -2.325501 4.474498 0.135201
v -1.264506 4.623258 0.140189
v -1.264506 4.626398 0.021924
v -1.273751 4.532415 -0.063117
v -1.308867 4.414960 -0.062489
v -1.348928 4.346049 0.017445
v -1.348928 4.348322 0.133649
v -1.308867 4.427644 0.214391
v -1.273751 4.539685 0.215826
v -1.792027 4.582700 0.120549
v -1.792027 4.584890 0.038071
v -1.794770 4.519346 -0.021237
v -1.805191 4.437433 -0.020799
v -1.817080 4.389374 0.034947
v -1.817080 4.390959 0.115988
v -1.805191 4.446278 0.172298
v -1.794770 4.524415 0.173298
v -1.244688 1.705827 -1.014642
v -1.733859 1.726732 -0.403033
v -1.937357 1.717509 0.415977
v -1.781350 1.725369 1.144855
v -1.447375 1.723039 1.510536
v -1.091623 1.691078 1.365307
v -0.473649 1.671640 1.305312
v -0.442408 1.632103 -1.328121
v -0.371944 1.070389 -1.081209
v -0.115420 1.170714 -1.562696
v -0.161582 0.927352 -2.181935
v -0.248013 0.563333 -2.870755
v -0.274278 0.363594 -3.562086
v -0.304083 0.347210 -4.213898
v -0.502246 0.370578 -4.831707
v -0.696750 0.426463 -5.626277
v -0.369387 0.534080 -6.490670
v -0.115420 1.337707 -1.612378
v -0.213077 1.075862 -2.220467
v -0.299509 0.665623 -2.904786
v -0.274278 0.434355 -3.582494
v -0.304084 0.401971 -4.225502
v -0.502246 0.409035 -4.843774
v -0.703464 0.456688 -5.631585
v -0.376101 0.553503 -6.488598
v 0.293502 6.542355 1.960498
v 0.000058 6.504333 1.967505
v -0.293262 6.542431 1.960542
v -0.542083 6.628725 1.892162
v -0.630573 6.712751 1.858866
v -0.663230 6.751738 1.825537
v -0.682552 6.795543 1.855463
v -0.609966 6.775494 1.908642
v -0.312800 6.650300 1.923282
v 0.000000 6.602871 1.922433
v 0.312800 6.650300 1.923282
v 0.609966 6.775494 1.908642
v 0.682552 6.795543 1.855463
v 0.663230 6.751738 1.825537
v 0.631190 6.713377 1.857733
v 0.542983 6.628430 1.891804
v 0.290655 6.595989 1.973169
v 0.000027 6.557983 1.980240
v -0.290545 6.596024 1.973189
v -0.536547 6.682589 1.883803
v -0.607309 6.733196 1.854505
v -0.623104 6.753662 1.831017
v -0.643442 6.781520 1.854531
v -0.578925 6.761998 1.891521
v -0.315795 6.660891 1.906065
v 0.000000 6.608361 1.904646
v 0.315795 6.660891 1.906065
v 0.578925 6.761998 1.891521
v 0.643441 6.781520 1.854531
v 0.623104 6.753662 1.831017
v 0.607590 6.733481 1.853989
v 0.536957 6.682454 1.883640
v 1.313401 7.724105 1.591483
v 1.306507 7.725032 1.582585
v 1.071244 7.606710 1.709682
v 1.065876 7.607569 1.699800
v 0.798137 7.546974 1.795077
v 0.795593 7.547281 1.784156
v 0.554709 7.538222 1.833977
v 0.554391 7.539464 1.822804
v 0.378947 7.645810 1.844129
v 0.379137 7.647542 1.833007
v 1.466293 7.905997 1.453038
v 1.458115 7.905636 1.445338
v 1.515533 8.128225 1.353949
v 1.506893 8.125910 1.347178
v 1.446955 8.365945 1.354500
v 1.439289 8.362374 1.347109
v 1.279741 8.569839 1.421068
v 1.273831 8.565162 1.412680
v 0.448781 8.595452 1.708967
v 0.449856 8.588824 1.699944
v 0.586703 8.691245 1.667835
v 0.586329 8.683813 1.659297
v 0.778243 8.730112 1.614659
v 0.776416 8.722790 1.606147
v 1.032710 8.690654 1.520465
v 1.029153 8.684368 1.511709
v 0.356652 8.465640 1.767234
v 0.357429 8.459789 1.757464
v 0.309492 8.259120 1.819964
v 0.309623 8.255684 1.809133
v 0.307216 7.935487 1.842590
v 0.307196 7.935581 1.831381
v -1.313401 7.724104 1.591483
v -1.306507 7.725031 1.582585
v -1.071244 7.606710 1.709682
v -1.065876 7.607569 1.699800
v -0.798138 7.546973 1.795081
v -0.795592 7.547279 1.784152
v -0.554709 7.538222 1.833977
v -0.554391 7.539464 1.822804
v -0.378947 7.645811 1.844129
v -0.379137 7.647543 1.833007
v -1.466293 7.905997 1.453038
v -1.458115 7.905636 1.445338
v -1.515533 8.128225 1.353949
v -1.506893 8.125910 1.347178
v -1.446955 8.365945 1.354500
v -1.439289 8.362374 1.347109
v -1.279741 8.569838 1.421068
v -1.273831 8.565161 1.412680
v -0.448779 8.595451 1.708967
v -0.449856 8.588823 1.699944
v -0.586692 8.691243 1.667837
v -0.586329 8.683813 1.659297
v -0.778237 8.730066 1.614632
v -0.776416 8.722790 1.606147
v -1.032710 8.690654 1.520465
v -1.029153 8.684368 1.511709
v -0.356653 8.465639 1.767234
v -0.357429 8.459788 1.757464
v -0.309449 8.259151 1.820034
v -0.309623 8.255684 1.809133
v -0.307216 7.935487 1.842590
v -0.307196 7.935581 1.831381
vt 0.755449 0.080282
vt 0.755294 0.065451
vt 0.766554 0.083394
vt 0.760652 0.098379
vt 0.757705 0.048381
vt 0.773782 0.063832
vt 0.797119 0.084081
vt 0.784494 0.106446
vt 0.774154 0.123385
vt 0.764508 0.036925
vt 0.781392 0.047042
vt 0.772478 0.027137
vt 0.789969 0.032601
vt 0.819793 0.042665
vt 0.808515 0.062942
vt 0.781610 0.018865
vt 0.799958 0.020319
vt 0.791492 0.013333
vt 0.808310 0.011199
vt 0.841347 0.008260
vt 0.831871 0.022892
vt 0.809975 0.128532
vt 0.797839 0.148029
vt 0.825087 0.103115
vt 0.856117 0.120591
vt 0.839836 0.146757
vt 0.826854 0.166851
vt 0.838480 0.079060
vt 0.851448 0.055459
vt 0.883614 0.070776
vt 0.870460 0.095683
vt 0.865263 0.031291
vt 0.876066 0.012973
vt 0.905835 0.024607
vt 0.896329 0.044633
vt 0.870534 0.158483
vt 0.856123 0.174685
vt 0.888396 0.136310
vt 0.913122 0.147432
vt 0.893866 0.164810
vt 0.876680 0.173503
vt 0.903594 0.113081
vt 0.915535 0.088689
vt 0.939437 0.102970
vt 0.928946 0.126284
vt 0.923717 0.063148
vt 0.928472 0.043599
vt 0.939655 0.060820
vt 0.942860 0.078933
vt 0.881326 0.792837
vt 0.866026 0.813559
vt 0.863030 0.810331
vt 0.877857 0.790601
vt 0.845400 0.830163
vt 0.843072 0.826065
vt 0.839870 0.816190
vt 0.861269 0.801600
vt 0.873665 0.787628
vt 0.819941 0.841756
vt 0.818823 0.837188
vt 0.792616 0.846284
vt 0.792716 0.841727
vt 0.789099 0.831215
vt 0.815329 0.826573
vt 0.766194 0.842982
vt 0.767167 0.838578
vt 0.740983 0.831842
vt 0.742759 0.827544
vt 0.744369 0.822377
vt 0.763076 0.829190
vt 0.858503 0.776547
vt 0.879154 0.768799
vt 0.831796 0.787132
vt 0.822119 0.748374
vt 0.853737 0.742459
vt 0.879231 0.739494
vt 0.805223 0.795957
vt 0.778046 0.802068
vt 0.765079 0.763443
vt 0.793154 0.755197
vt 0.749998 0.805320
vt 0.728664 0.806992
vt 0.712876 0.781133
vt 0.735559 0.772733
vt 0.844360 0.707168
vt 0.869932 0.705729
vt 0.812673 0.711081
vt 0.802732 0.678616
vt 0.830680 0.675067
vt 0.852548 0.673372
vt 0.783368 0.717338
vt 0.754912 0.726198
vt 0.748002 0.692746
vt 0.775291 0.684530
vt 0.725870 0.738405
vt 0.703866 0.750060
vt 0.701087 0.716382
vt 0.721003 0.704717
vt 0.814127 0.650546
vt 0.830381 0.647821
vt 0.792152 0.654419
vt 0.783816 0.637259
vt 0.800411 0.632652
vt 0.812126 0.627729
vt 0.768930 0.659443
vt 0.745035 0.665576
vt 0.744967 0.645276
vt 0.764897 0.641146
vt 0.721077 0.674605
vt 0.703550 0.683583
vt 0.707417 0.657205
vt 0.723910 0.651272
vt 0.720839 0.809007
vt 0.704832 0.784923
vt 0.718318 0.812837
vt 0.701554 0.787816
vt 0.695862 0.754723
vt 0.693514 0.720482
vt 0.692049 0.756275
vt 0.689766 0.720486
vt 0.696439 0.686334
vt 0.699344 0.658976
vt 0.692612 0.684675
vt 0.693618 0.654581
vt 0.887141 0.766724
vt 0.889059 0.738743
vt 0.892561 0.738218
vt 0.890758 0.767605
vt 0.880314 0.704664
vt 0.861971 0.670935
vt 0.865099 0.667894
vt 0.883646 0.702810
vt 0.837822 0.643258
vt 0.818056 0.620919
vt 0.818587 0.610172
vt 0.840685 0.639000
vt 0.058577 0.048554
vt 0.691717 0.147018
vt 0.674377 0.110289
vt 0.086234 0.017991
vt 0.672175 0.151788
vt 0.655060 0.116142
vt 0.496175 0.865269
vt 0.527981 0.859440
vt 0.022205 0.863772
vt 0.655236 0.156905
vt 0.639552 0.128447
vt 0.643874 0.164068
vt 0.630799 0.148814
vt 0.611873 0.134111
vt 0.617777 0.106498
vt 0.591987 0.091943
vt 0.461286 0.872233
vt 0.589541 0.123478
vt 0.566945 0.117094
vt 0.565274 0.084683
vt 0.433295 0.879015
vt 0.537950 0.076254
vt 0.403642 0.887011
vt 0.544134 0.112487
vt 0.519872 0.109948
vt 0.507705 0.072653
vt 0.357184 0.898572
vt 0.482574 0.076208
vt 0.459080 0.051722
vt 0.498336 0.107330
vt 0.476405 0.108029
vt 0.456348 0.096378
vt 0.437453 0.080973
vt 0.397751 0.007700
vt 0.316811 0.902635
vt 0.426187 0.037711
vt 0.394606 0.029891
vt 0.413176 0.065632
vt 0.390187 0.061142
vt 0.451096 0.123310
vt 0.427665 0.106201
vt 0.475114 0.128685
vt 0.475091 0.156067
vt 0.446415 0.145716
vt 0.424782 0.143706
vt 0.425000 0.136933
vt 0.418048 0.127233
vt 0.354898 0.312421
vt 0.379899 0.328893
vt 0.375054 0.353194
vt 0.349424 0.350793
vt 0.402705 0.330639
vt 0.404399 0.349967
vt 0.408811 0.369089
vt 0.375224 0.377720
vt 0.345615 0.375929
vt 0.426419 0.323247
vt 0.431670 0.337524
vt 0.449621 0.306534
vt 0.455499 0.320064
vt 0.467128 0.335193
vt 0.438166 0.355285
vt 0.444719 0.373730
vt 0.414689 0.389137
vt 0.471226 0.357877
vt 0.482994 0.370876
vt 0.458764 0.388233
vt 0.430875 0.405778
vt 0.377951 0.400254
vt 0.341969 0.401165
vt 0.390543 0.421538
vt 0.337712 0.430860
vt 0.422918 0.441529
vt 0.272029 0.442264
vt 0.456442 0.418590
vt 0.487660 0.425539
vt 0.464870 0.452858
vt 0.217360 0.445328
vt 0.481261 0.397384
vt 0.501433 0.377442
vt 0.528775 0.373745
vt 0.508310 0.402976
vt 0.536755 0.403786
vt 0.522663 0.428903
vt 0.552085 0.379563
vt 0.567617 0.380875
vt 0.565053 0.397459
vt 0.563007 0.419346
vt 0.513175 0.454708
vt 0.160644 0.433415
vt 0.563135 0.443831
vt 0.106776 0.404171
vt 0.606585 0.423250
vt 0.065629 0.369171
vt 0.598598 0.400801
vt 0.629171 0.375173
vt 0.643222 0.394929
vt 0.033667 0.327382
vt 0.591620 0.381039
vt 0.583830 0.365701
vt 0.602341 0.342838
vt 0.615928 0.357388
vt 0.635583 0.328969
vt 0.653658 0.344143
vt 0.618323 0.315779
vt 0.630383 0.286234
vt 0.649933 0.297467
vt 0.671546 0.309140
vt 0.672516 0.360196
vt 0.011704 0.280655
vt 0.693883 0.320534
vt 0.000000 0.229980
vt 0.706332 0.277577
vt 0.001853 0.178772
vt 0.683092 0.271630
vt 0.687356 0.231457
vt 0.709724 0.232676
vt 0.013646 0.130155
vt 0.660147 0.264158
vt 0.638578 0.255436
vt 0.642170 0.222724
vt 0.665081 0.228246
vt 0.663519 0.191293
vt 0.683576 0.190700
vt 0.644475 0.188277
vt 0.704169 0.188620
vt 0.033670 0.086680
vt 0.627045 0.179282
vt 0.621522 0.214132
vt 0.603814 0.202519
vt 0.608880 0.167389
vt 0.617565 0.245305
vt 0.612060 0.275610
vt 0.591010 0.265737
vt 0.598238 0.233658
vt 0.580455 0.219914
vt 0.585459 0.189769
vt 0.574250 0.245461
vt 0.556507 0.234187
vt 0.561081 0.208189
vt 0.564675 0.180147
vt 0.588226 0.156834
vt 0.566824 0.148442
vt 0.602019 0.305498
vt 0.588415 0.333756
vt 0.575188 0.327161
vt 0.586821 0.299702
vt 0.571191 0.357795
vt 0.558203 0.350507
vt 0.494354 0.279852
vt 0.483758 0.306108
vt 0.473266 0.295579
vt 0.484509 0.269807
vt 0.466954 0.286667
vt 0.477283 0.263564
vt 0.515704 0.228132
vt 0.504438 0.254363
vt 0.492623 0.242577
vt 0.499090 0.215320
vt 0.482689 0.236224
vt 0.480898 0.204237
vt 0.545590 0.142334
vt 0.544194 0.173126
vt 0.523647 0.167218
vt 0.522957 0.135317
vt 0.540095 0.201544
vt 0.537585 0.228374
vt 0.520195 0.195798
vt 0.501481 0.187795
vt 0.502241 0.161042
vt 0.478934 0.178607
vt 0.503388 0.134733
vt 0.372116 0.188640
vt 0.396236 0.184860
vt 0.400233 0.189007
vt 0.383067 0.199600
vt 0.419348 0.178771
vt 0.422359 0.187281
vt 0.423747 0.194032
vt 0.404433 0.195210
vt 0.389882 0.204645
vt 0.445545 0.181977
vt 0.447028 0.194689
vt 0.466766 0.210012
vt 0.461688 0.213738
vt 0.444623 0.200124
vt 0.441720 0.203278
vt 0.423622 0.197350
vt 0.456843 0.215528
vt 0.406421 0.198221
vt 0.392484 0.205829
vt 0.474712 0.233967
vt 0.471752 0.259474
vt 0.467821 0.256808
vt 0.468989 0.234055
vt 0.459258 0.279167
vt 0.441094 0.295233
vt 0.440768 0.290611
vt 0.457615 0.275653
vt 0.455517 0.273619
vt 0.464881 0.255326
vt 0.439751 0.287704
vt 0.465422 0.234331
vt 0.418916 0.305124
vt 0.398870 0.308077
vt 0.402583 0.300394
vt 0.420321 0.298833
vt 0.382743 0.304531
vt 0.370117 0.294444
vt 0.378371 0.286420
vt 0.388691 0.295667
vt 0.390612 0.289210
vt 0.402696 0.294405
vt 0.381382 0.280867
vt 0.420247 0.294621
vt 0.359763 0.279011
vt 0.367137 0.275926
vt 0.363769 0.250767
vt 0.368274 0.251333
vt 0.371737 0.251675
vt 0.371284 0.274238
vt 0.368209 0.217009
vt 0.373373 0.222183
vt 0.377766 0.224775
vt 0.380811 0.225198
vt 0.375847 0.250635
vt 0.376683 0.268804
vt 0.418027 0.151432
vt 0.424242 0.149487
vt 0.442288 0.163879
vt 0.422816 0.163348
vt 0.406044 0.096503
vt 0.385774 0.091918
vt 0.403099 0.115864
vt 0.383301 0.109952
vt 0.375239 0.167121
vt 0.376904 0.167434
vt 0.376702 0.168648
vt 0.375047 0.168385
vt 0.378038 0.167878
vt 0.377975 0.168869
vt 0.377719 0.169823
vt 0.376605 0.169988
vt 0.374826 0.169781
vt 0.550915 0.341712
vt 0.564380 0.322194
vt 0.533832 0.355351
vt 0.783019 0.615948
vt 0.764736 0.619312
vt 0.745354 0.622691
vt 0.515294 0.359991
vt 0.501329 0.355686
vt 0.512714 0.350687
vt 0.797442 0.610720
vt 0.572311 0.299822
vt 0.572568 0.279617
vt 0.726797 0.627391
vt 0.712007 0.630832
vt 0.564414 0.266212
vt 0.552376 0.258400
vt 0.702411 0.631040
vt 0.695469 0.627329
vt 0.517864 0.273201
vt 0.507373 0.294803
vt 0.528190 0.258155
vt 0.683145 0.619084
vt 0.669705 0.618963
vt 0.652246 0.619437
vt 0.539762 0.254657
vt 0.690428 0.621855
vt 0.492143 0.346437
vt 0.490724 0.332827
vt 0.804174 0.585927
vt 0.802872 0.595113
vt 0.497342 0.314007
vt 0.634971 0.620605
vt 0.795608 0.619853
vt 0.781345 0.625073
vt 0.805182 0.613300
vt 0.763755 0.628534
vt 0.745170 0.632023
vt 0.726189 0.637571
vt 0.709942 0.641750
vt 0.700488 0.641789
vt 0.693401 0.639112
vt 0.687264 0.633943
vt 0.679117 0.630862
vt 0.683967 0.641263
vt 0.673724 0.636667
vt 0.665936 0.629495
vt 0.650015 0.629916
vt 0.661923 0.634950
vt 0.647061 0.636423
vt 0.634293 0.632453
vt 0.812277 0.596761
vt 0.631187 0.640760
vt 0.809137 0.605844
vt 0.629673 0.645866
vt 0.825677 0.613490
vt 0.644357 0.641662
vt 0.749584 0.040399
vt 0.746524 0.054673
vt 0.748090 0.074848
vt 0.842512 0.638431
vt 0.866497 0.666333
vt 0.753464 0.101362
vt 0.767048 0.130189
vt 0.657745 0.639571
vt 0.668624 0.640679
vt 0.760016 0.019233
vt 0.753813 0.028135
vt 0.678894 0.644946
vt 0.687916 0.658540
vt 0.787205 0.007062
vt 0.769588 0.012753
vt 0.688014 0.683053
vt 0.685194 0.720648
vt 0.844871 0.000061
vt 0.810661 0.002840
vt 0.885981 0.700811
vt 0.896200 0.737016
vt 0.791569 0.157067
vt 0.821507 0.176508
vt 0.687810 0.758280
vt 0.698499 0.790962
vt 0.910296 0.015544
vt 0.880348 0.004011
vt 0.868549 0.817300
vt 0.846748 0.834192
vt 0.885104 0.795542
vt 0.878996 0.180055
vt 0.902884 0.169587
vt 0.923021 0.153165
vt 0.895211 0.768479
vt 0.851241 0.183269
vt 0.820343 0.845587
vt 0.792369 0.849739
vt 0.939429 0.132049
vt 0.949683 0.108346
vt 0.716563 0.816445
vt 0.739978 0.835281
vt 0.945610 0.059452
vt 0.931934 0.035314
vt 0.765591 0.846230
vt 0.951620 0.083976
vt 0.750265 0.057710
vt 0.752232 0.077599
vt 0.752850 0.043840
vt 0.757376 0.102134
vt 0.769893 0.128876
vt 0.757275 0.031985
vt 0.763200 0.022990
vt 0.772208 0.016102
vt 0.788743 0.010442
vt 0.810699 0.006320
vt 0.844572 0.002795
vt 0.793340 0.154764
vt 0.822334 0.173843
vt 0.879815 0.006522
vt 0.909223 0.017676
vt 0.901879 0.167318
vt 0.921601 0.151315
vt 0.878481 0.177493
vt 0.851300 0.180563
vt 0.937665 0.130751
vt 0.947701 0.107756
vt 0.930446 0.036842
vt 0.943865 0.060315
vt 0.949664 0.084153
vt 0.437233 0.211065
vt 0.449816 0.222530
vt 0.443170 0.228383
vt 0.433165 0.217475
vt 0.422594 0.204530
vt 0.420998 0.209563
vt 0.408712 0.205328
vt 0.409541 0.209809
vt 0.397031 0.212875
vt 0.399621 0.217018
vt 0.456731 0.237373
vt 0.456247 0.252686
vt 0.449342 0.250660
vt 0.447901 0.239685
vt 0.449439 0.266739
vt 0.437025 0.277283
vt 0.434053 0.269958
vt 0.444100 0.261455
vt 0.397037 0.279353
vt 0.390285 0.271923
vt 0.397201 0.267077
vt 0.402838 0.271277
vt 0.407489 0.282818
vt 0.411005 0.273669
vt 0.422227 0.283187
vt 0.422386 0.274141
vt 0.385329 0.262381
vt 0.383468 0.248579
vt 0.390318 0.247544
vt 0.393356 0.258613
vt 0.387699 0.229205
vt 0.393154 0.231456
vt 0.379028 0.143596
vt 0.396002 0.147769
vt 0.392986 0.149911
vt 0.378453 0.146796
vt 0.406304 0.154508
vt 0.400119 0.158012
vt 0.389383 0.152310
vt 0.378020 0.149289
vt 0.410093 0.163562
vt 0.404533 0.176349
vt 0.396294 0.174610
vt 0.401806 0.166376
vt 0.390366 0.181398
vt 0.373032 0.182295
vt 0.373369 0.179963
vt 0.386381 0.179042
vt 0.386067 0.155115
vt 0.377463 0.152668
vt 0.394963 0.160405
vt 0.390362 0.162476
vt 0.383656 0.158022
vt 0.376930 0.156032
vt 0.395291 0.167384
vt 0.391661 0.173801
vt 0.389382 0.173696
vt 0.391369 0.167646
vt 0.384531 0.177865
vt 0.373562 0.178628
vt 0.373751 0.177318
vt 0.382836 0.176657
vt 0.421017 0.146913
vt 0.420667 0.142991
vt 0.415293 0.149190
vt 0.416414 0.144544
vt 0.411527 0.147174
vt 0.410826 0.144762
vt 0.414450 0.142855
vt 0.416015 0.140898
vt 0.414344 0.141489
vt 0.419312 0.139075
vt 0.415420 0.130979
vt 0.416519 0.139881
vt 0.414472 0.140904
vt 0.413600 0.135019
vt 0.411542 0.137072
vt 0.401026 0.120261
vt 0.382658 0.114170
vt 0.399564 0.125134
vt 0.398902 0.131201
vt 0.381799 0.119485
vt 0.380763 0.125673
vt 0.396693 0.146535
vt 0.379274 0.142345
vt 0.397467 0.145040
vt 0.379581 0.140875
vt 0.380156 0.137965
vt 0.397903 0.141960
vt 0.398100 0.140073
vt 0.410202 0.143190
vt 0.380540 0.136278
vt 0.380818 0.135163
vt 0.398239 0.138756
vt 0.409729 0.141840
vt 0.412917 0.142278
vt 0.413173 0.141348
vt 0.411856 0.141796
vt 0.411887 0.140940
vt 0.413132 0.140870
vt 0.410474 0.138434
vt 0.411881 0.140585
vt 0.409480 0.139346
vt 0.397918 0.133128
vt 0.380313 0.127857
vt 0.397290 0.134353
vt 0.380010 0.129201
vt 0.375697 0.163991
vt 0.378457 0.164883
vt 0.378214 0.165304
vt 0.375613 0.164520
vt 0.380569 0.166550
vt 0.380124 0.166903
vt 0.379534 0.167248
vt 0.377820 0.165870
vt 0.375517 0.165199
vt 0.381289 0.169091
vt 0.380685 0.169139
vt 0.380156 0.171501
vt 0.379672 0.171248
vt 0.379004 0.170865
vt 0.379910 0.169136
vt 0.377624 0.172972
vt 0.377395 0.172530
vt 0.374296 0.173180
vt 0.374381 0.172667
vt 0.374487 0.171890
vt 0.377021 0.171843
vt 0.382079 0.171955
vt 0.378779 0.173773
vt 0.377961 0.173250
vt 0.380728 0.171648
vt 0.374216 0.174011
vt 0.374275 0.173481
vt 0.382262 0.165583
vt 0.383448 0.168968
vt 0.381921 0.169048
vt 0.381009 0.166253
vt 0.375960 0.162369
vt 0.379607 0.163681
vt 0.378794 0.164460
vt 0.375793 0.163443
vt 0.376692 0.170998
vt 0.378238 0.170370
vt 0.374628 0.170955
vt 0.379005 0.169074
vt 0.378770 0.167572
vt 0.377335 0.166574
vt 0.375388 0.166069
vt 0.380428 0.174977
vt 0.385046 0.172671
vt 0.374029 0.175379
vt 0.387318 0.168391
vt 0.386398 0.164420
vt 0.381742 0.161059
vt 0.376466 0.159009
vt 0.615407 0.009297
vt 0.618100 0.010975
vt 0.617347 0.012135
vt 0.900272 0.222202
vt 0.620399 0.013871
vt 0.618963 0.014769
vt 0.617817 0.015472
vt 0.005133 0.009460
vt 0.002070 0.010115
vt 0.623853 0.025093
vt 0.625029 0.025229
vt 0.625189 0.026584
vt 0.623549 0.026241
vt 0.626114 0.024635
vt 0.626685 0.025592
vt 0.021857 0.002968
vt 0.020573 0.000910
vt 0.018414 0.000050
vt 0.005483 0.010678
vt 0.899080 0.220222
vt 0.008465 0.009287
vt 0.009357 0.010776
vt 0.005520 0.012089
vt 0.898437 0.219235
vt 0.019872 0.001851
vt 0.018260 0.001344
vt 0.020681 0.003457
vt 0.019746 0.004003
vt 0.019086 0.002943
vt 0.017971 0.002501
vt 0.005243 0.014038
vt 0.897648 0.218139
vt 0.008541 0.013867
vt 0.007891 0.016781
vt 0.004829 0.016317
vt 0.001694 0.015067
vt 0.013788 0.011352
vt 0.012736 0.014335
vt 0.018657 0.011804
vt 0.017334 0.015267
vt 0.016119 0.018839
vt 0.011821 0.017619
vt 0.004422 0.018578
vt 0.895722 0.215860
vt 0.007269 0.019665
vt 0.006721 0.022015
vt 0.004062 0.020502
vt 0.894721 0.214851
vt 0.010950 0.020804
vt 0.015041 0.022230
vt 0.014201 0.025004
vt 0.010203 0.023397
vt 0.003597 0.021867
vt 0.893762 0.213980
vt 0.006226 0.023474
vt 0.623653 0.000058
vt 0.620546 0.000595
vt 0.892817 0.213168
vt 0.009665 0.024964
vt 0.013666 0.026668
vt 0.013175 0.027959
vt 0.627432 0.000388
vt 0.620724 0.001840
vt 0.891946 0.212438
vt 0.623610 0.001385
vt 0.623375 0.002865
vt 0.620595 0.003171
vt 0.891074 0.211709
vt 0.627275 0.001743
vt 0.631533 0.002252
vt 0.631274 0.003863
vt 0.627012 0.003313
vt 0.620121 0.004960
vt 0.890065 0.210850
vt 0.622827 0.005169
vt 0.622068 0.007986
vt 0.619493 0.007066
vt 0.616458 0.006814
vt 0.626490 0.005869
vt 0.630772 0.006555
vt 0.630143 0.010025
vt 0.625778 0.009063
vt 0.618801 0.009196
vt 0.901588 0.224396
vt 0.621251 0.010826
vt 0.625026 0.012356
vt 0.629515 0.013723
vt 0.628983 0.017269
vt 0.624500 0.015410
vt 0.646929 0.011539
vt 0.646582 0.008293
vt 0.648175 0.008177
vt 0.648730 0.011685
vt 0.645645 0.006083
vt 0.646401 0.005244
vt 0.029564 0.033003
vt 0.033217 0.030846
vt 0.035768 0.027245
vt 0.644620 0.016649
vt 0.645963 0.014605
vt 0.647533 0.014990
vt 0.645229 0.017593
vt 0.036616 0.022923
vt 0.035703 0.018703
vt 0.032258 0.029646
vt 0.034369 0.026639
vt 0.029149 0.031532
vt 0.028726 0.030178
vt 0.030683 0.028595
vt 0.032537 0.025833
vt 0.035144 0.023072
vt 0.034397 0.019436
vt 0.033337 0.022627
vt 0.033134 0.020027
vt 0.635329 0.006786
vt 0.634713 0.010584
vt 0.635879 0.003879
vt 0.640255 0.004014
vt 0.639762 0.007050
vt 0.639221 0.010958
vt 0.636149 0.002240
vt 0.017445 0.030121
vt 0.021772 0.032075
vt 0.640536 0.002367
vt 0.634244 0.014550
vt 0.634169 0.017701
vt 0.638847 0.014951
vt 0.638757 0.018153
vt 0.021812 0.010049
vt 0.630446 0.018960
vt 0.634329 0.019410
vt 0.025329 0.011431
vt 0.638796 0.019921
vt 0.638825 0.021294
vt 0.017868 0.028809
vt 0.018328 0.027065
vt 0.022391 0.028923
vt 0.022012 0.030690
vt 0.019154 0.024080
vt 0.020338 0.020469
vt 0.024586 0.022290
vt 0.023290 0.025920
vt 0.021816 0.016826
vt 0.023378 0.013979
vt 0.027701 0.015875
vt 0.026157 0.018717
vt 0.020810 0.011006
vt 0.024499 0.012535
vt 0.028791 0.014362
vt 0.624313 0.017798
vt 0.621571 0.017528
vt 0.627229 0.018444
vt 0.626700 0.020087
vt 0.624446 0.020116
vt 0.622238 0.020535
vt 0.628764 0.019395
vt 0.020796 0.009298
vt 0.020844 0.008390
vt 0.628090 0.020551
vt 0.620095 0.017840
vt 0.010199 0.006041
vt 0.620879 0.021022
vt 0.619620 0.021585
vt 0.019493 0.009846
vt 0.017706 0.009949
vt 0.018040 0.008268
vt 0.019449 0.008522
vt 0.014808 0.009154
vt 0.012255 0.008107
vt 0.014327 0.005772
vt 0.016063 0.007174
vt 0.011081 0.007134
vt 0.013349 0.004677
vt 0.624758 0.022887
vt 0.623049 0.023454
vt 0.626454 0.022801
vt 0.627609 0.023211
vt 0.021665 0.005936
vt 0.621937 0.024195
vt 0.015320 0.001096
vt 0.020314 0.005981
vt 0.019153 0.005781
vt 0.017695 0.004884
vt 0.016461 0.003573
vt 0.015843 0.002383
vt 0.643681 0.007747
vt 0.643583 0.011277
vt 0.643704 0.004920
vt 0.643955 0.003357
vt 0.025771 0.033236
vt 0.642963 0.014772
vt 0.642448 0.017578
vt 0.642406 0.019265
vt 0.033226 0.015620
vt 0.025731 0.031740
vt 0.026160 0.030003
vt 0.027441 0.027412
vt 0.029006 0.024242
vt 0.030207 0.020895
vt 0.031195 0.018111
vt 0.032152 0.016547
vt 0.284555 0.610307
vt 0.299791 0.609536
vt 0.300899 0.631090
vt 0.284672 0.632569
vt 0.315757 0.609587
vt 0.314071 0.632843
vt 0.316387 0.654366
vt 0.302411 0.653885
vt 0.284797 0.655574
vt 0.285102 0.706955
vt 0.309545 0.706407
vt 0.316325 0.737411
vt 0.285308 0.739349
vt 0.329066 0.702008
vt 0.341015 0.731949
vt 0.366341 0.759605
vt 0.323763 0.770143
vt 0.285545 0.773363
vt 0.327691 0.802680
vt 0.285799 0.806398
vt 0.363916 0.797475
vt 0.364356 0.830950
vt 0.327802 0.838752
vt 0.286101 0.842770
vt 0.325187 0.880276
vt 0.286448 0.882151
vt 0.361210 0.869657
vt 0.529952 0.833203
vt 0.016965 0.836872
vt 0.503052 0.831528
vt 0.509510 0.780180
vt 0.538610 0.772154
vt 0.003385 0.772375
vt 0.537722 0.707747
vt 0.000000 0.700972
vt 0.509419 0.728865
vt 0.496358 0.672155
vt 0.527504 0.641208
vt 0.009443 0.623680
vt 0.500472 0.574279
vt 0.044452 0.547627
vt 0.483322 0.597578
vt 0.453192 0.553505
vt 0.457682 0.524651
vt 0.096808 0.494866
vt 0.284916 0.497612
vt 0.320390 0.506833
vt 0.309046 0.527935
vt 0.284575 0.521930
vt 0.343476 0.525688
vt 0.324113 0.538009
vt 0.313526 0.558649
vt 0.301077 0.555137
vt 0.284234 0.537606
vt 0.299279 0.584414
vt 0.284423 0.583410
vt 0.311197 0.582379
vt 0.376545 0.589548
vt 0.379119 0.572249
vt 0.393741 0.579397
vt 0.389101 0.599262
vt 0.374303 0.554599
vt 0.391523 0.557747
vt 0.408585 0.565279
vt 0.406878 0.588720
vt 0.399970 0.609546
vt 0.347423 0.620323
vt 0.364601 0.605901
vt 0.377534 0.616367
vt 0.364430 0.630352
vt 0.389277 0.626230
vt 0.376993 0.640100
vt 0.421487 0.638254
vt 0.433629 0.616089
vt 0.447615 0.640476
vt 0.432125 0.661735
vt 0.441929 0.592866
vt 0.459081 0.620546
vt 0.466601 0.646903
vt 0.456788 0.666350
vt 0.439270 0.687379
vt 0.391787 0.670967
vt 0.406552 0.656613
vt 0.415148 0.680851
vt 0.396786 0.693525
vt 0.417313 0.706243
vt 0.396321 0.717031
vt 0.665939 0.005131
vt 0.663408 0.004286
vt 0.064566 0.001914
vt 0.062917 0.003369
vt 0.661732 0.003649
vt 0.661440 0.001591
vt 0.067157 0.002526
vt 0.066122 0.004052
vt 0.064499 0.006263
vt 0.366245 0.515511
vt 0.382483 0.537135
vt 0.362981 0.538687
vt 0.394291 0.520430
vt 0.404570 0.542720
vt 0.669602 0.003896
vt 0.668205 0.004675
vt 0.061356 0.004901
vt 0.059893 0.006216
vt 0.062387 0.007255
vt 0.060809 0.007449
vt 0.335061 0.663534
vt 0.329906 0.648932
vt 0.338452 0.651648
vt 0.344391 0.664279
vt 0.328017 0.639109
vt 0.333566 0.639233
vt 0.341789 0.640712
vt 0.347918 0.649230
vt 0.354921 0.660746
vt 0.470011 0.608783
vt 0.447476 0.574149
vt 0.477542 0.651783
vt 0.467456 0.703598
vt 0.463532 0.682614
vt 0.442676 0.724848
vt 0.441786 0.705258
vt 0.410733 0.745310
vt 0.413842 0.726361
vt 0.387704 0.737078
vt 0.363031 0.729400
vt 0.355889 0.716219
vt 0.363573 0.709686
vt 0.370632 0.727784
vt 0.348695 0.693779
vt 0.356838 0.689786
vt 0.366009 0.685141
vt 0.373091 0.703868
vt 0.376647 0.717746
vt 0.330578 0.549848
vt 0.323177 0.561887
vt 0.340098 0.544958
vt 0.338375 0.557552
vt 0.334124 0.559976
vt 0.331477 0.565251
vt 0.349634 0.548878
vt 0.358215 0.557047
vt 0.347575 0.561750
vt 0.343263 0.558301
vt 0.362408 0.567699
vt 0.361281 0.579292
vt 0.349109 0.572384
vt 0.349597 0.566690
vt 0.321287 0.576023
vt 0.324716 0.587640
vt 0.330339 0.571078
vt 0.331873 0.576184
vt 0.353326 0.590686
vt 0.342445 0.596905
vt 0.340884 0.580604
vt 0.345777 0.577731
vt 0.331188 0.614971
vt 0.332530 0.595262
vt 0.335829 0.579732
vt 0.658888 0.014323
vt 0.661847 0.015669
vt 0.338991 0.563495
vt 0.659193 0.007437
vt 0.661288 0.009072
vt 0.664542 0.009929
vt 0.078275 0.003379
vt 0.342939 0.564626
vt 0.071444 0.004032
vt 0.073263 0.001801
vt 0.075764 0.009451
vt 0.343379 0.569208
vt 0.068462 0.009343
vt 0.070677 0.006628
vt 0.664714 0.016964
vt 0.667315 0.018212
vt 0.666986 0.011828
vt 0.669292 0.012669
vt 0.072369 0.015211
vt 0.340463 0.572756
vt 0.066163 0.014352
vt 0.067547 0.012344
vt 0.670483 0.019353
vt 0.671478 0.013880
vt 0.662956 0.006137
vt 0.665323 0.007025
vt 0.661221 0.005322
vt 0.658823 0.004805
vt 0.657785 0.004360
vt 0.069506 0.000200
vt 0.659505 0.004137
vt 0.070161 0.001665
vt 0.069216 0.001544
vt 0.068361 0.001118
vt 0.068152 0.000059
vt 0.659915 0.003273
vt 0.067593 0.005260
vt 0.068575 0.003526
vt 0.066122 0.007432
vt 0.694197 0.008111
vt 0.692395 0.008091
vt 0.692971 0.006398
vt 0.694849 0.006282
vt 0.690949 0.007744
vt 0.690905 0.006526
vt 0.690797 0.005312
vt 0.692190 0.004789
vt 0.693976 0.004547
vt 0.045711 0.023039
vt 0.044736 0.024169
vt 0.043277 0.023133
vt 0.045035 0.022024
vt 0.043290 0.025225
vt 0.041694 0.024132
vt 0.041394 0.022221
vt 0.042970 0.021370
vt 0.044410 0.020976
vt 0.042027 0.026954
vt 0.696781 0.006163
vt 0.695935 0.003648
vt 0.669741 0.010594
vt 0.671110 0.011503
vt 0.668633 0.009731
vt 0.673432 0.009575
vt 0.673980 0.010303
vt 0.674539 0.011201
vt 0.668521 0.007734
vt 0.669019 0.005875
vt 0.673322 0.005796
vt 0.673208 0.007709
vt 0.670037 0.005141
vt 0.671018 0.004156
vt 0.674169 0.003965
vt 0.673765 0.004973
vt 0.064583 0.012929
vt 0.064989 0.011586
vt 0.063994 0.014451
vt 0.061043 0.016209
vt 0.060981 0.015169
vt 0.061008 0.014267
vt 0.061170 0.008697
vt 0.059808 0.008491
vt 0.062422 0.008683
vt 0.058890 0.011137
vt 0.058054 0.010739
vt 0.057146 0.010174
vt 0.063914 0.009900
vt 0.060100 0.012622
vt 0.672196 0.012974
vt 0.674828 0.012773
vt 0.058569 0.007268
vt 0.056198 0.008877
vt 0.680407 0.009890
vt 0.680683 0.011127
vt 0.680122 0.009042
vt 0.686203 0.008571
vt 0.686700 0.009464
vt 0.687330 0.010900
vt 0.680803 0.013233
vt 0.056011 0.019730
vt 0.687965 0.013414
vt 0.050484 0.023431
vt 0.055523 0.018586
vt 0.055270 0.017745
vt 0.050164 0.021924
vt 0.050057 0.020926
vt 0.054380 0.016145
vt 0.053311 0.014649
vt 0.049280 0.019347
vt 0.048190 0.017965
vt 0.052660 0.014052
vt 0.051839 0.013114
vt 0.047337 0.017437
vt 0.046115 0.016499
vt 0.050736 0.011327
vt 0.680192 0.003234
vt 0.044369 0.014595
vt 0.686814 0.002629
vt 0.680077 0.004500
vt 0.679901 0.005382
vt 0.686367 0.004131
vt 0.685986 0.005080
vt 0.679909 0.007222
vt 0.685911 0.006837
vt 0.690456 0.008821
vt 0.691901 0.009721
vt 0.689412 0.008209
vt 0.693501 0.011604
vt 0.046094 0.025169
vt 0.046739 0.023615
vt 0.047236 0.022517
vt 0.046694 0.020977
vt 0.045538 0.019824
vt 0.044334 0.019800
vt 0.042653 0.019713
vt 0.040364 0.018811
vt 0.691498 0.003233
vt 0.690175 0.004304
vt 0.689214 0.005041
vt 0.688953 0.006647
vt 0.071470 0.001125
vt 0.659111 0.005608
vt 0.070417 0.002484
vt 0.068985 0.002404
vt 0.067849 0.001646
vt 0.660231 0.001837
vt 0.660653 0.003365
vt 0.660223 0.004680
vt 0.322358 0.641272
vt 0.325840 0.659739
vt 0.323212 0.629476
vt 0.331484 0.628511
vt 0.343911 0.633637
vt 0.355639 0.641813
vt 0.365628 0.652059
vt 0.350810 0.723589
vt 0.363800 0.739872
vt 0.340387 0.697940
vt 0.383198 0.699512
vt 0.377538 0.679632
vt 0.384578 0.719801
vt 0.376469 0.734917
vt 0.459503 0.745976
vt 0.438985 0.756641
vt 0.475367 0.744737
vt 0.454464 0.780620
vt 0.445866 0.780230
vt 0.434699 0.783764
vt 0.481429 0.762092
vt 0.480407 0.790982
vt 0.458514 0.799007
vt 0.458517 0.787605
vt 0.415310 0.769901
vt 0.395521 0.784382
vt 0.422524 0.790406
vt 0.411782 0.798582
vt 0.390152 0.801904
vt 0.390725 0.823631
vt 0.406991 0.808212
vt 0.405683 0.818739
vt 0.474798 0.822051
vt 0.464025 0.847044
vt 0.448465 0.824849
vt 0.455119 0.812631
vt 0.447985 0.858568
vt 0.429258 0.863542
vt 0.427865 0.836041
vt 0.438789 0.832202
vt 0.409634 0.868459
vt 0.393577 0.865604
vt 0.408594 0.836612
vt 0.417039 0.838311
vt 0.389556 0.847639
vt 0.405847 0.829049
vt 0.951785 0.125898
vt 0.995269 0.183048
vt 0.446692 0.791649
vt 0.954243 0.132139
vt 0.949391 0.131583
vt 0.989664 0.183469
vt 0.962345 0.126859
vt 0.451762 0.800578
vt 0.963062 0.134816
vt 0.958637 0.133219
vt 0.995313 0.177250
vt 0.995934 0.171474
vt 0.989324 0.178652
vt 0.989447 0.173551
vt 0.995634 0.165949
vt 0.994946 0.160500
vt 0.988866 0.168677
vt 0.987938 0.163866
vt 0.973173 0.130441
vt 0.444933 0.816474
vt 0.972671 0.139749
vt 0.968053 0.136950
vt 0.982423 0.137636
vt 0.428016 0.827088
vt 0.979209 0.147562
vt 0.976144 0.143550
vt 0.989453 0.145946
vt 0.413662 0.826312
vt 0.985430 0.154796
vt 0.982511 0.151088
vt 0.994322 0.155111
vt 0.987023 0.159141
vt 0.935524 0.207029
vt 0.914561 0.181420
vt 0.903185 0.196248
vt 0.918935 0.215280
vt 0.916356 0.182592
vt 0.904440 0.197226
vt 0.918021 0.183734
vt 0.905619 0.198139
vt 0.919732 0.184981
vt 0.906841 0.199102
vt 0.933619 0.202866
vt 0.934543 0.204927
vt 0.918093 0.213777
vt 0.917292 0.212317
vt 0.931667 0.198898
vt 0.932666 0.200871
vt 0.916520 0.210897
vt 0.915737 0.209481
vt 0.921661 0.186478
vt 0.908211 0.200230
vt 0.923562 0.188101
vt 0.909583 0.201434
vt 0.925276 0.189827
vt 0.910875 0.202704
vt 0.926839 0.191605
vt 0.912079 0.204040
vt 0.928262 0.193371
vt 0.913148 0.205400
vt 0.929561 0.195187
vt 0.914107 0.206777
vt 0.930661 0.197015
vt 0.914948 0.208119
vt 0.970004 0.160616
vt 0.967182 0.157654
vt 0.972541 0.163756
vt 0.957054 0.174862
vt 0.954989 0.172278
vt 0.952722 0.169806
vt 0.964615 0.154232
vt 0.961686 0.150940
vt 0.950566 0.167039
vt 0.948154 0.164353
vt 0.957813 0.148432
vt 0.953662 0.146482
vt 0.945110 0.162148
vt 0.941883 0.160312
vt 0.950003 0.144993
vt 0.946396 0.143875
vt 0.939031 0.158851
vt 0.936220 0.157646
vt 0.942418 0.143067
vt 0.977621 0.187736
vt 0.933120 0.156603
vt 0.962925 0.193919
vt 0.976864 0.183659
vt 0.976615 0.179412
vt 0.962012 0.190631
vt 0.961398 0.187250
vt 0.975914 0.175360
vt 0.974955 0.171353
vt 0.960510 0.184029
vt 0.959459 0.180854
vt 0.974010 0.167418
vt 0.958424 0.177762
vt 0.941601 0.182798
vt 0.939786 0.180698
vt 0.943274 0.184972
vt 0.937939 0.178458
vt 0.935901 0.176265
vt 0.933487 0.174319
vt 0.930980 0.172597
vt 0.928761 0.171190
vt 0.926583 0.169957
vt 0.924201 0.168778
vt 0.949564 0.200112
vt 0.948564 0.197457
vt 0.947712 0.194789
vt 0.946720 0.192232
vt 0.945631 0.189711
vt 0.944547 0.187285
vt 0.426195 0.554339
vt 0.425247 0.576133
vt 0.422729 0.529481
vt 0.420340 0.600109
vt 0.410319 0.622157
vt 0.398442 0.639402
vt 0.385178 0.653457
vt 0.372196 0.664510
vt 0.360666 0.672277
vt 0.341659 0.677701
vt 0.350649 0.676172
vt 0.321427 0.677189
vt 0.332256 0.677948
vt 0.305132 0.678851
vt 0.284941 0.680601
vt 0.412083 0.497081
vt 0.143664 0.472259
vt 0.377248 0.493552
vt 0.777896 0.357657
vt 0.787511 0.354558
vt 0.799369 0.348541
vt 0.283176 0.477063
vt 0.768269 0.358849
vt 0.339065 0.491349
vt 0.284145 0.482897
vt 0.769119 0.338457
vt 0.776367 0.337355
vt 0.822497 0.317368
vt 0.815146 0.300026
vt 0.765083 0.316025
vt 0.771166 0.314269
vt 0.759078 0.291369
vt 0.764240 0.290525
vt 0.808866 0.276027
vt 0.800406 0.250174
vt 0.753445 0.265167
vt 0.757823 0.264979
vt 0.748477 0.238952
vt 0.751865 0.239050
vt 0.788646 0.226554
vt 0.777033 0.204953
vt 0.744107 0.214164
vt 0.747371 0.214115
vt 0.740831 0.190664
vt 0.744089 0.190516
vt 0.768258 0.183500
vt 0.761433 0.162045
vt 0.737713 0.167995
vt 0.740700 0.167972
vt 0.734725 0.146813
vt 0.737259 0.147073
vt 0.755870 0.141432
vt 0.750839 0.120641
vt 0.731847 0.125679
vt 0.733901 0.126295
vt 0.728744 0.102805
vt 0.730595 0.103537
vt 0.746318 0.098032
vt 0.741854 0.072491
vt 0.725037 0.076735
vt 0.726743 0.077251
vt 0.720909 0.045617
vt 0.722291 0.045769
vt 0.737096 0.042893
vt 0.732525 0.012840
vt 0.719178 0.012221
vt 0.720164 0.012475
vt 0.725267 0.001749
vt 0.725204 0.002235
vt 0.727572 0.000000
vt 0.726696 0.001308
vt 0.726888 0.001433
vt 0.726859 0.001957
vt 0.784536 0.336372
vt 0.793900 0.334271
vt 0.778602 0.314773
vt 0.787418 0.314552
vt 0.771639 0.290455
vt 0.780059 0.289790
vt 0.764664 0.264148
vt 0.772162 0.262801
vt 0.757602 0.237824
vt 0.764353 0.236323
vt 0.751715 0.212562
vt 0.757576 0.210848
vt 0.747401 0.188866
vt 0.752091 0.186999
vt 0.743403 0.166313
vt 0.747202 0.164385
vt 0.739543 0.145196
vt 0.742775 0.142937
vt 0.735787 0.124192
vt 0.738507 0.121567
vt 0.732284 0.101494
vt 0.734817 0.098921
vt 0.728445 0.075560
vt 0.731116 0.073500
vt 0.724203 0.044785
vt 0.727111 0.043756
vt 0.721994 0.012892
vt 0.724554 0.013407
vt 0.725388 0.003067
vt 0.726204 0.003318
vt 0.726503 0.002397
vt 0.726349 0.003186
vt 0.736348 0.895686
vt 0.731397 0.913853
vt 0.725287 0.898953
vt 0.736296 0.880854
vt 0.718245 0.939046
vt 0.707670 0.922252
vt 0.694734 0.900065
vt 0.717787 0.879493
vt 0.733646 0.863819
vt 0.709943 0.862810
vt 0.726684 0.852459
vt 0.683044 0.879088
vt 0.671485 0.858970
vt 0.701165 0.848491
vt 0.718578 0.842783
vt 0.691006 0.836350
vt 0.709331 0.834639
vt 0.659132 0.839367
vt 0.649453 0.824870
vt 0.682528 0.827347
vt 0.699374 0.829246
vt 0.694907 0.964018
vt 0.682501 0.944692
vt 0.666158 0.983243
vt 0.652897 0.963332
vt 0.636252 0.937396
vt 0.667035 0.919489
vt 0.653307 0.895623
vt 0.621563 0.912690
vt 0.608062 0.887970
vt 0.640011 0.872205
vt 0.625860 0.848232
vt 0.594984 0.862006
vt 0.585199 0.842115
vt 0.614803 0.830067
vt 0.637001 0.991484
vt 0.622365 0.975485
vt 0.616430 0.990590
vt 0.599124 0.982138
vt 0.579627 0.965030
vt 0.604196 0.953563
vt 0.588675 0.930550
vt 0.563509 0.944104
vt 0.552694 0.920940
vt 0.576394 0.906326
vt 0.567857 0.880902
vt 0.548936 0.896953
vt 0.551888 0.878797
vt 0.562829 0.861422
vt 0.615188 0.537443
vt 0.619133 0.536233
vt 0.628045 0.559248
vt 0.624285 0.561540
vt 0.623975 0.534511
vt 0.632111 0.551323
vt 0.648743 0.571176
vt 0.642980 0.579809
vt 0.639627 0.583121
vt 0.663296 0.597099
vt 0.660980 0.601192
vt 0.669542 0.587832
vt 0.693525 0.599423
vt 0.687189 0.608558
vt 0.686047 0.612971
vt 0.712633 0.612465
vt 0.712373 0.616968
vt 0.719121 0.604541
vt 0.738975 0.603065
vt 0.739122 0.608475
vt 0.739663 0.613093
vt 0.623806 0.514899
vt 0.641576 0.527964
vt 0.631689 0.486675
vt 0.655419 0.496451
vt 0.684244 0.510729
vt 0.664406 0.545403
vt 0.687583 0.561111
vt 0.710268 0.525161
vt 0.735048 0.540720
vt 0.712080 0.574373
vt 0.738190 0.585120
vt 0.760936 0.557678
vt 0.780485 0.571921
vt 0.758269 0.592523
vt 0.649806 0.456705
vt 0.674027 0.465033
vt 0.675321 0.430284
vt 0.695908 0.437853
vt 0.721843 0.448856
vt 0.703461 0.477403
vt 0.729966 0.491381
vt 0.746648 0.461999
vt 0.770682 0.477315
vt 0.754947 0.507635
vt 0.779583 0.527269
vt 0.793414 0.496168
vt 0.809414 0.512802
vt 0.797595 0.544462
vt 0.703591 0.411712
vt 0.718495 0.418748
vt 0.726614 0.397331
vt 0.736553 0.405250
vt 0.751274 0.414189
vt 0.738594 0.428441
vt 0.759581 0.439582
vt 0.768427 0.423066
vt 0.786487 0.432450
vt 0.780915 0.451971
vt 0.801499 0.467172
vt 0.805057 0.444099
vt 0.819284 0.454214
vt 0.815948 0.480566
vt 0.787199 0.577753
vt 0.765253 0.596587
vt 0.789568 0.581428
vt 0.766639 0.600957
vt 0.815589 0.518804
vt 0.804032 0.551123
vt 0.819195 0.519825
vt 0.807280 0.553652
vt 0.826653 0.458061
vt 0.822044 0.485144
vt 0.833377 0.455345
vt 0.826177 0.484585
vt 0.616682 0.510733
vt 0.612961 0.510599
vt 0.619206 0.481828
vt 0.622433 0.483284
vt 0.640102 0.452861
vt 0.637399 0.450172
vt 0.664729 0.421605
vt 0.666913 0.425381
vt 0.697668 0.405301
vt 0.696069 0.400426
vt 0.725162 0.378680
vt 0.722755 0.389167
vt 0.103075 0.029448
vt 0.076319 0.060000
vt 0.044658 0.862790
vt 0.076555 0.868172
vt 0.120088 0.040367
vt 0.093832 0.069933
vt 0.131655 0.056454
vt 0.108740 0.079496
vt 0.158655 0.041346
vt 0.156752 0.069517
vt 0.134490 0.078437
vt 0.117710 0.089501
vt 0.111560 0.874640
vt 0.187498 0.034466
vt 0.139658 0.881022
vt 0.215221 0.034869
vt 0.204674 0.065566
vt 0.181172 0.065459
vt 0.169425 0.888594
vt 0.243847 0.034326
vt 0.216034 0.899513
vt 0.273932 0.039235
vt 0.251924 0.071733
vt 0.227889 0.067450
vt 0.326656 0.032746
vt 0.297101 0.049596
vt 0.339515 0.067011
vt 0.317054 0.076464
vt 0.294259 0.082007
vt 0.273363 0.075192
vt 0.362108 0.028519
vt 0.256450 0.903035
vt 0.366918 0.059015
vt 0.342069 0.094297
vt 0.316708 0.105686
vt 0.345281 0.116929
vt 0.336199 0.124684
vt 0.334452 0.131222
vt 0.312955 0.126846
vt 0.282365 0.128540
vt 0.289655 0.102097
vt 0.323927 0.345917
vt 0.326190 0.320846
vt 0.316689 0.369306
vt 0.286916 0.351479
vt 0.296586 0.334215
vt 0.303667 0.316490
vt 0.273943 0.314747
vt 0.283050 0.302519
vt 0.262662 0.330043
vt 0.240525 0.302749
vt 0.256000 0.291419
vt 0.265473 0.280047
vt 0.275610 0.369156
vt 0.251139 0.345979
vt 0.255403 0.380662
vt 0.233560 0.356034
vt 0.215120 0.332647
vt 0.230131 0.323414
vt 0.307702 0.390169
vt 0.289655 0.407101
vt 0.252985 0.417271
vt 0.209568 0.416451
vt 0.195380 0.383857
vt 0.227277 0.385864
vt 0.209390 0.358587
vt 0.181875 0.356451
vt 0.170373 0.322715
vt 0.195555 0.333849
vt 0.160866 0.377364
vt 0.154366 0.349335
vt 0.124835 0.357006
vt 0.128978 0.335418
vt 0.131144 0.318782
vt 0.146417 0.321824
vt 0.162737 0.404781
vt 0.117870 0.380479
vt 0.081927 0.348713
vt 0.054621 0.311423
vt 0.073600 0.296319
vt 0.095841 0.329358
vt 0.108046 0.312305
vt 0.091267 0.282887
vt 0.108380 0.272657
vt 0.119809 0.299724
vt 0.058667 0.259787
vt 0.080246 0.250185
vt 0.051143 0.221261
vt 0.075149 0.215987
vt 0.097052 0.210581
vt 0.100499 0.242272
vt 0.036103 0.270026
vt 0.026525 0.226083
vt 0.026392 0.181423
vt 0.035477 0.137369
vt 0.057338 0.142314
vt 0.050383 0.182070
vt 0.074512 0.181188
vt 0.079654 0.145336
vt 0.103212 0.146331
vt 0.097659 0.178745
vt 0.072176 0.104195
vt 0.091319 0.110264
vt 0.110475 0.112599
vt 0.052920 0.096567
vt 0.129721 0.108753
vt 0.150470 0.102332
vt 0.145659 0.137497
vt 0.125434 0.143767
vt 0.120653 0.174809
vt 0.142430 0.168966
vt 0.140538 0.201787
vt 0.117601 0.205436
vt 0.166820 0.130319
vt 0.163302 0.160689
vt 0.189458 0.126821
vt 0.185160 0.154784
vt 0.182345 0.181063
vt 0.162187 0.186977
vt 0.173246 0.097890
vt 0.196143 0.095740
vt 0.119034 0.236897
vt 0.135271 0.235534
vt 0.138947 0.265068
vt 0.124325 0.267770
vt 0.134171 0.295620
vt 0.148703 0.292203
vt 0.229751 0.242069
vt 0.241922 0.235201
vt 0.245720 0.263046
vt 0.232739 0.270227
vt 0.250546 0.231237
vt 0.254239 0.256257
vt 0.223313 0.186486
vt 0.242843 0.178751
vt 0.241531 0.206760
vt 0.226962 0.214805
vt 0.263439 0.173086
vt 0.252794 0.203392
vt 0.218248 0.095742
vt 0.241946 0.095260
vt 0.232496 0.125743
vt 0.211094 0.125736
vt 0.207184 0.154193
vt 0.227930 0.154164
vt 0.202169 0.180690
vt 0.254812 0.125745
vt 0.248169 0.151644
vt 0.272476 0.149081
vt 0.260907 0.100113
vt 0.358608 0.196179
vt 0.345187 0.181305
vt 0.350170 0.178335
vt 0.350659 0.199184
vt 0.339431 0.186229
vt 0.321453 0.179590
vt 0.324669 0.173495
vt 0.329942 0.166149
vt 0.298876 0.173389
vt 0.303852 0.161694
vt 0.299674 0.179227
vt 0.279270 0.187486
vt 0.275439 0.182528
vt 0.320640 0.182818
vt 0.301601 0.183028
vt 0.283420 0.190516
vt 0.347829 0.199631
vt 0.336683 0.188647
vt 0.261050 0.203416
vt 0.266481 0.205075
vt 0.261425 0.227401
vt 0.256950 0.228858
vt 0.263721 0.251223
vt 0.266254 0.248317
vt 0.278492 0.267103
vt 0.276877 0.271472
vt 0.264626 0.226812
vt 0.268830 0.246953
vt 0.280293 0.264566
vt 0.269789 0.206320
vt 0.295351 0.287019
vt 0.295786 0.280489
vt 0.312218 0.287062
vt 0.313633 0.295579
vt 0.330241 0.296821
vt 0.326897 0.286629
vt 0.339535 0.280900
vt 0.345361 0.290862
vt 0.313754 0.281223
vt 0.326783 0.279908
vt 0.338145 0.274809
vt 0.297068 0.276380
vt 0.353439 0.274044
vt 0.349890 0.271298
vt 0.355875 0.249457
vt 0.359284 0.250072
vt 0.361885 0.220497
vt 0.356964 0.221702
vt 0.352242 0.247332
vt 0.353891 0.221215
vt 0.346308 0.264697
vt 0.339131 0.140290
vt 0.331002 0.150393
vt 0.312009 0.145357
vt 0.333463 0.136853
vt 0.365073 0.090612
vt 0.362610 0.109786
vt 0.373401 0.168199
vt 0.373558 0.166981
vt 0.373161 0.169429
vt 0.372108 0.168992
vt 0.372099 0.168026
vt 0.372361 0.167068
vt 0.150860 0.263235
vt 0.158208 0.285754
vt 0.159810 0.261891
vt 0.774507 0.402095
vt 0.172966 0.293258
vt 0.170639 0.303650
vt 0.187006 0.313293
vt 0.745364 0.384947
vt 0.741409 0.375661
vt 0.201643 0.313010
vt 0.154408 0.220250
vt 0.149232 0.239656
vt 0.164038 0.231458
vt 0.808828 0.420167
vt 0.179538 0.205538
vt 0.165854 0.209685
vt 0.177245 0.224838
vt 0.831309 0.430299
vt 0.213277 0.252712
vt 0.208921 0.229140
vt 0.198311 0.261150
vt 0.866066 0.427561
vt 0.189097 0.229638
vt 0.203006 0.211898
vt 0.192768 0.205386
vt 0.845336 0.424714
vt 0.213200 0.306643
vt 0.744374 0.368452
vt 0.202607 0.293675
vt 0.218505 0.293953
vt 0.217545 0.273995
vt 0.741847 0.345529
vt 0.756960 0.403131
vt 0.744649 0.394235
vt 0.737214 0.385329
vt 0.789889 0.419639
vt 0.772949 0.411236
vt 0.821154 0.438562
vt 0.806651 0.430131
vt 0.837788 0.440515
vt 0.830240 0.441167
vt 0.853776 0.436455
vt 0.845098 0.437207
vt 0.857389 0.443507
vt 0.846282 0.445148
vt 0.882040 0.443451
vt 0.866832 0.438720
vt 0.883115 0.450516
vt 0.869212 0.445060
vt 0.734875 0.367485
vt 0.896481 0.450165
vt 0.727757 0.359521
vt 0.735431 0.377079
vt 0.717437 0.379948
vt 0.897282 0.464329
vt 0.743630 0.890149
vt 0.744914 0.869955
vt 0.741656 0.855725
vt 0.884293 0.456293
vt 0.663806 0.419723
vt 0.694465 0.399381
vt 0.725446 0.945749
vt 0.738627 0.916736
vt 0.871977 0.450643
vt 0.737255 0.843521
vt 0.730929 0.834706
vt 0.861207 0.448753
vt 0.850165 0.450070
vt 0.721267 0.828361
vt 0.703572 0.822916
vt 0.837790 0.460703
vt 0.831043 0.484272
vt 0.680060 0.819022
vt 0.645814 0.816721
vt 0.823551 0.521222
vt 0.616030 0.479683
vt 0.635695 0.447614
vt 0.671640 0.992824
vt 0.701303 0.972967
vt 0.810816 0.556733
vt 0.610396 0.821166
vt 0.580612 0.833115
vt 0.791653 0.585286
vt 0.637235 0.586633
vt 0.620841 0.564456
vt 0.569809 0.970901
vt 0.590174 0.987040
vt 0.614205 0.997173
vt 0.610816 0.539020
vt 0.608439 0.510231
vt 0.642003 1.000000
vt 0.685347 0.616363
vt 0.659552 0.604770
vt 0.542524 0.926458
vt 0.553108 0.950016
vt 0.767348 0.604906
vt 0.559252 0.853185
vt 0.545914 0.877512
vt 0.739696 0.616677
vt 0.712072 0.620258
vt 0.540247 0.902117
vt 0.739526 0.892958
vt 0.741216 0.873044
vt 0.738437 0.859211
vt 0.722583 0.944476
vt 0.734726 0.917563
vt 0.733848 0.847418
vt 0.727797 0.838507
vt 0.718694 0.831746
vt 0.702082 0.826317
vt 0.680071 0.822502
vt 0.646152 0.819450
vt 0.670775 0.990171
vt 0.699500 0.970689
vt 0.610964 0.823669
vt 0.581715 0.835233
vt 0.571203 0.969031
vt 0.591147 0.984757
vt 0.614684 0.994604
vt 0.641906 0.997295
vt 0.544498 0.925841
vt 0.554854 0.948694
vt 0.560761 0.854692
vt 0.547671 0.878351
vt 0.542205 0.902267
vt 0.319576 0.190027
vt 0.319604 0.195343
vt 0.305893 0.198614
vt 0.303764 0.191585
vt 0.292733 0.206608
vt 0.288124 0.199113
vt 0.341464 0.205223
vt 0.337858 0.208552
vt 0.330414 0.199574
vt 0.332476 0.195170
vt 0.284635 0.216377
vt 0.277067 0.211662
vt 0.280584 0.226630
vt 0.273524 0.226715
vt 0.282981 0.238629
vt 0.276517 0.242122
vt 0.290734 0.248842
vt 0.285860 0.255217
vt 0.312457 0.268502
vt 0.311789 0.258450
vt 0.319894 0.258663
vt 0.323189 0.268489
vt 0.327202 0.257144
vt 0.332161 0.263972
vt 0.301304 0.255424
vt 0.298611 0.264534
vt 0.334134 0.251344
vt 0.340203 0.256567
vt 0.339304 0.240805
vt 0.345574 0.243337
vt 0.340013 0.223436
vt 0.346056 0.222994
vt 0.363682 0.145210
vt 0.361542 0.142244
vt 0.366295 0.148630
vt 0.354351 0.151150
vt 0.349499 0.146145
vt 0.343176 0.153939
vt 0.350248 0.158824
vt 0.353065 0.168338
vt 0.344742 0.167804
vt 0.356743 0.176575
vt 0.361209 0.175399
vt 0.368532 0.152385
vt 0.369913 0.155941
vt 0.362239 0.158216
vt 0.358513 0.154889
vt 0.356126 0.161582
vt 0.359762 0.162941
vt 0.359885 0.169374
vt 0.357692 0.168833
vt 0.363307 0.174780
vt 0.365262 0.174090
vt 0.338623 0.131628
vt 0.337326 0.135271
vt 0.343616 0.130967
vt 0.345124 0.132093
vt 0.344894 0.133367
vt 0.342498 0.134301
vt 0.348212 0.135749
vt 0.346725 0.137847
vt 0.342430 0.138844
vt 0.346672 0.121233
vt 0.340993 0.128145
vt 0.347211 0.125668
vt 0.348656 0.128271
vt 0.345074 0.131484
vt 0.343348 0.129807
vt 0.363317 0.114526
vt 0.361974 0.125545
vt 0.363247 0.119568
vt 0.361289 0.140867
vt 0.361690 0.136158
vt 0.361062 0.139217
vt 0.349259 0.134389
vt 0.362166 0.134333
vt 0.350044 0.133236
vt 0.362520 0.133080
vt 0.346279 0.132211
vt 0.346597 0.133047
vt 0.347521 0.131958
vt 0.347814 0.132461
vt 0.349445 0.129937
vt 0.346320 0.131775
vt 0.350324 0.131133
vt 0.347445 0.131680
vt 0.362216 0.127689
vt 0.362339 0.129080
vt 0.372878 0.164505
vt 0.372788 0.163999
vt 0.373094 0.165179
vt 0.371130 0.166047
vt 0.370636 0.165491
vt 0.370328 0.165008
vt 0.369452 0.167463
vt 0.368883 0.167264
vt 0.370227 0.167715
vt 0.370591 0.169599
vt 0.369832 0.169772
vt 0.369301 0.169900
vt 0.371627 0.171641
vt 0.371275 0.172013
vt 0.372162 0.171091
vt 0.367318 0.169766
vt 0.368684 0.169878
vt 0.370828 0.172209
vt 0.369924 0.172484
vt 0.369000 0.163587
vt 0.369994 0.164603
vt 0.368303 0.167051
vt 0.366889 0.166501
vt 0.372622 0.163497
vt 0.372094 0.162539
vt 0.371409 0.169288
vt 0.372651 0.170373
vt 0.371750 0.166556
vt 0.371114 0.167878
vt 0.373382 0.166011
vt 0.364296 0.169604
vt 0.368031 0.173154
vt 0.365414 0.161253
vt 0.363381 0.164823
vt 0.370830 0.159400
vt 0.881739 0.186788
vt 0.880543 0.186718
vt 0.607368 0.013094
vt 0.606714 0.011875
vt 0.879376 0.186649
vt 0.569718 0.017775
vt 0.569063 0.014892
vt 0.605537 0.015583
vt 0.604181 0.014568
vt 0.599799 0.025461
vt 0.600005 0.026631
vt 0.598342 0.026835
vt 0.598615 0.025498
vt 0.568498 0.001544
vt 0.566460 0.000430
vt 0.564055 0.000752
vt 0.596934 0.025721
vt 0.597583 0.024815
vt 0.878235 0.186565
vt 0.568556 0.018283
vt 0.569426 0.021949
vt 0.567446 0.019153
vt 0.566010 0.015361
vt 0.567727 0.015099
vt 0.567600 0.002488
vt 0.566181 0.001569
vt 0.566893 0.003449
vt 0.565841 0.002871
vt 0.564604 0.003039
vt 0.564428 0.001970
vt 0.875728 0.186247
vt 0.566121 0.020610
vt 0.874283 0.185960
vt 0.564629 0.022382
vt 0.562319 0.020320
vt 0.564150 0.017961
vt 0.561114 0.015027
vt 0.562741 0.012315
vt 0.559168 0.017826
vt 0.555487 0.015293
vt 0.557465 0.012080
vt 0.559289 0.008852
vt 0.872820 0.185580
vt 0.563147 0.024137
vt 0.565702 0.026254
vt 0.561895 0.025641
vt 0.559034 0.024557
vt 0.560495 0.022637
vt 0.557270 0.020528
vt 0.555749 0.022757
vt 0.551962 0.020701
vt 0.553563 0.018285
vt 0.870251 0.184698
vt 0.561140 0.026869
vt 0.564640 0.028642
vt 0.605147 0.001326
vt 0.602096 0.000530
vt 0.558226 0.025869
vt 0.554885 0.024170
vt 0.598302 0.000543
vt 0.594038 0.000680
vt 0.551021 0.022175
vt 0.868048 0.183791
vt 0.604864 0.002552
vt 0.608297 0.005126
vt 0.604882 0.003889
vt 0.602137 0.003351
vt 0.602027 0.001857
vt 0.598345 0.001906
vt 0.598475 0.003493
vt 0.594182 0.003684
vt 0.594059 0.002057
vt 0.865775 0.182846
vt 0.605204 0.005712
vt 0.884580 0.187000
vt 0.605654 0.007863
vt 0.603011 0.008564
vt 0.602491 0.005693
vt 0.598782 0.006084
vt 0.599223 0.009326
vt 0.594793 0.009919
vt 0.594457 0.006409
vt 0.883095 0.186882
vt 0.606165 0.010044
vt 0.603586 0.011462
vt 0.599697 0.012671
vt 0.599965 0.015758
vt 0.595342 0.017234
vt 0.595109 0.013656
vt 0.577939 0.010021
vt 0.576133 0.010015
vt 0.576980 0.006566
vt 0.578557 0.006816
vt 0.536483 0.005516
vt 0.535336 0.009777
vt 0.536004 0.013967
vt 0.578993 0.003793
vt 0.579676 0.004691
vt 0.579812 0.015307
vt 0.579126 0.016197
vt 0.577049 0.013409
vt 0.578645 0.013157
vt 0.543105 0.000120
vt 0.539273 0.002107
vt 0.537843 0.006208
vt 0.536872 0.009751
vt 0.539632 0.007105
vt 0.538686 0.010294
vt 0.538714 0.012811
vt 0.537402 0.013349
vt 0.543374 0.001593
vt 0.540096 0.003336
vt 0.543724 0.002943
vt 0.541591 0.004444
vt 0.590192 0.010093
vt 0.589897 0.006257
vt 0.585668 0.010088
vt 0.585458 0.006149
vt 0.585220 0.003082
vt 0.589592 0.003314
vt 0.589461 0.001658
vt 0.585078 0.001417
vt 0.585003 0.000061
vt 0.545951 0.021465
vt 0.590138 0.017230
vt 0.590328 0.014084
vt 0.585528 0.017296
vt 0.585707 0.014098
vt 0.593256 0.020116
vt 0.555322 0.003474
vt 0.589836 0.018920
vt 0.593742 0.018798
vt 0.551088 0.001301
vt 0.585341 0.019055
vt 0.546692 0.020302
vt 0.542601 0.018310
vt 0.543720 0.016891
vt 0.547742 0.018837
vt 0.549515 0.016297
vt 0.545460 0.014284
vt 0.547430 0.010971
vt 0.551542 0.013082
vt 0.553406 0.009621
vt 0.549182 0.007482
vt 0.550386 0.004481
vt 0.554603 0.006603
vt 0.555001 0.004818
vt 0.558531 0.006685
vt 0.550857 0.002676
vt 0.602707 0.018114
vt 0.599951 0.018154
vt 0.601789 0.021054
vt 0.599625 0.020452
vt 0.597381 0.020234
vt 0.596991 0.018552
vt 0.595382 0.019371
vt 0.595956 0.020580
vt 0.594711 0.021309
vt 0.559855 0.005607
vt 0.569121 0.011693
vt 0.604151 0.018549
vt 0.569576 0.008338
vt 0.603103 0.021654
vt 0.560264 0.006960
vt 0.561312 0.006149
vt 0.562406 0.007073
vt 0.561324 0.008402
vt 0.563785 0.010127
vt 0.564510 0.007898
vt 0.566697 0.008341
vt 0.566219 0.011426
vt 0.567717 0.011710
vt 0.568164 0.008397
vt 0.600736 0.023895
vt 0.599081 0.023187
vt 0.597398 0.022959
vt 0.596213 0.023271
vt 0.561891 0.002793
vt 0.569665 0.004595
vt 0.601782 0.024727
vt 0.562718 0.003862
vt 0.563612 0.004630
vt 0.565233 0.005180
vt 0.567030 0.005295
vt 0.568340 0.005013
vt 0.581295 0.010041
vt 0.581493 0.006514
vt 0.581707 0.003696
vt 0.581589 0.002117
vt 0.538242 0.017037
vt 0.581898 0.016414
vt 0.581621 0.013575
vt 0.547060 0.000062
vt 0.581799 0.018099
vt 0.539420 0.016114
vt 0.540485 0.014677
vt 0.541664 0.012037
vt 0.543109 0.008810
vt 0.544921 0.005751
vt 0.546436 0.003215
vt 0.547030 0.001480
vt 0.268428 0.631260
vt 0.269309 0.609698
vt 0.267167 0.654069
vt 0.253196 0.654696
vt 0.255272 0.633148
vt 0.253339 0.609911
vt 0.254271 0.737761
vt 0.260650 0.706672
vt 0.247291 0.770595
vt 0.204590 0.760561
vt 0.229515 0.732575
vt 0.241084 0.702482
vt 0.243864 0.803200
vt 0.244352 0.839289
vt 0.207699 0.831961
vt 0.207588 0.798453
vt 0.247686 0.880786
vt 0.211499 0.870641
vt 0.042275 0.836571
vt 0.032715 0.775562
vt 0.061916 0.783169
vt 0.069134 0.834505
vt 0.032715 0.711038
vt 0.042058 0.644251
vt 0.073595 0.674746
vt 0.061286 0.731761
vt 0.068236 0.576852
vt 0.110443 0.526465
vt 0.115358 0.555274
vt 0.085713 0.599872
vt 0.259310 0.528243
vt 0.247741 0.507140
vt 0.267516 0.555331
vt 0.255092 0.558967
vt 0.244323 0.538434
vt 0.224857 0.526267
vt 0.269576 0.584576
vt 0.257632 0.582668
vt 0.192360 0.590469
vt 0.179911 0.600322
vt 0.175076 0.580489
vt 0.189622 0.573185
vt 0.169158 0.610734
vt 0.162042 0.589962
vt 0.160107 0.566513
vt 0.177091 0.558794
vt 0.194275 0.555478
vt 0.221789 0.620968
vt 0.204896 0.631179
vt 0.191649 0.617321
vt 0.204465 0.606712
vt 0.192448 0.641067
vt 0.180020 0.627318
vt 0.147974 0.639719
vt 0.137624 0.663366
vt 0.121906 0.642280
vt 0.135602 0.617676
vt 0.130805 0.689146
vt 0.113056 0.668327
vt 0.103019 0.648992
vt 0.110225 0.622487
vt 0.127060 0.594533
vt 0.178021 0.672124
vt 0.173302 0.694763
vt 0.154806 0.682294
vt 0.163104 0.657926
vt 0.174068 0.718295
vt 0.152966 0.707753
vt 0.524000 0.017147
vt 0.526024 0.014546
vt 0.489801 0.003555
vt 0.526609 0.017704
vt 0.488320 0.007645
vt 0.487588 0.005002
vt 0.487161 0.003207
vt 0.488788 0.001954
vt 0.528376 0.018007
vt 0.205457 0.539452
vt 0.185955 0.538070
vt 0.202003 0.516200
vt 0.163915 0.543883
vt 0.173913 0.521335
vt 0.521472 0.014223
vt 0.522227 0.012878
vt 0.491742 0.007487
vt 0.522279 0.015603
vt 0.491349 0.010063
vt 0.489942 0.009322
vt 0.234630 0.664062
vt 0.225311 0.664908
vt 0.231104 0.652209
vt 0.239618 0.649402
vt 0.214744 0.661488
vt 0.221613 0.649892
vt 0.227645 0.641306
vt 0.235849 0.639740
vt 0.241397 0.639558
vt 0.121315 0.575876
vt 0.099162 0.610876
vt 0.092147 0.654047
vt 0.106525 0.684720
vt 0.102874 0.705804
vt 0.128524 0.707093
vt 0.127897 0.726738
vt 0.156698 0.727863
vt 0.160064 0.746811
vt 0.182942 0.738265
vt 0.207487 0.730281
vt 0.199871 0.728753
vt 0.206688 0.710554
vt 0.214450 0.717004
vt 0.193729 0.718775
vt 0.197103 0.704840
vt 0.203950 0.686019
vt 0.213172 0.690563
vt 0.221359 0.694468
vt 0.245470 0.562293
vt 0.237955 0.550316
vt 0.237207 0.565722
vt 0.234513 0.560451
vt 0.230221 0.558070
vt 0.228385 0.545515
vt 0.218886 0.549526
vt 0.225338 0.558894
vt 0.221073 0.562389
vt 0.210381 0.557778
vt 0.206286 0.568470
vt 0.219093 0.567340
vt 0.219628 0.573023
vt 0.207520 0.580053
vt 0.244156 0.588059
vt 0.247480 0.576414
vt 0.236893 0.576673
vt 0.238389 0.571555
vt 0.215582 0.591372
vt 0.223011 0.578331
vt 0.227923 0.581159
vt 0.226518 0.597489
vt 0.236416 0.595751
vt 0.237964 0.615449
vt 0.232964 0.580248
vt 0.232486 0.566982
vt 0.525405 0.028646
vt 0.522766 0.021989
vt 0.526004 0.022903
vt 0.528640 0.022559
vt 0.528530 0.028765
vt 0.476464 0.000059
vt 0.531477 0.023384
vt 0.482619 0.003094
vt 0.476400 0.003476
vt 0.476657 0.006627
vt 0.482415 0.005793
vt 0.483522 0.009118
vt 0.477280 0.010044
vt 0.232397 0.571425
vt 0.519045 0.027962
vt 0.517283 0.021936
vt 0.519696 0.022383
vt 0.477787 0.013217
vt 0.483312 0.012248
vt 0.483893 0.014616
vt 0.478183 0.016060
vt 0.512863 0.027090
vt 0.484118 0.017081
vt 0.523568 0.019091
vt 0.526058 0.019528
vt 0.527967 0.019707
vt 0.530295 0.020479
vt 0.530047 0.019558
vt 0.485791 0.000199
vt 0.484492 0.000222
vt 0.530132 0.018605
vt 0.531064 0.018040
vt 0.486536 0.001464
vt 0.485585 0.001559
vt 0.484658 0.001337
vt 0.485481 0.003639
vt 0.485784 0.005609
vt 0.486387 0.008162
vt 0.498146 0.005358
vt 0.498514 0.003451
vt 0.500072 0.004505
vt 0.499708 0.006256
vt 0.500147 0.002401
vt 0.501562 0.003517
vt 0.502496 0.004674
vt 0.501787 0.005665
vt 0.501130 0.006692
vt 0.499930 0.029997
vt 0.500923 0.029288
vt 0.502172 0.030949
vt 0.500441 0.031400
vt 0.501879 0.028530
vt 0.503085 0.029410
vt 0.504256 0.030765
vt 0.503298 0.032445
vt 0.501418 0.032901
vt 0.496910 0.002367
vt 0.496045 0.004875
vt 0.506082 0.031882
vt 0.516309 0.020009
vt 0.517950 0.019921
vt 0.513509 0.018007
vt 0.514446 0.017517
vt 0.515288 0.017168
vt 0.519343 0.019740
vt 0.520453 0.018078
vt 0.516428 0.015675
vt 0.517302 0.013970
vt 0.520969 0.016223
vt 0.520465 0.015074
vt 0.517339 0.013035
vt 0.517504 0.011962
vt 0.520119 0.013727
vt 0.485973 0.012448
vt 0.485876 0.013847
vt 0.488743 0.016366
vt 0.488448 0.017220
vt 0.488021 0.018169
vt 0.485886 0.015479
vt 0.491915 0.011392
vt 0.490569 0.011102
vt 0.493806 0.013910
vt 0.492757 0.014117
vt 0.491834 0.014192
vt 0.489403 0.010644
vt 0.487576 0.011253
vt 0.490176 0.015151
vt 0.514626 0.020725
vt 0.486871 0.019269
vt 0.493508 0.010689
vt 0.518310 0.010564
vt 0.508254 0.014822
vt 0.509120 0.013896
vt 0.502643 0.011249
vt 0.503916 0.010333
vt 0.504797 0.009816
vt 0.509797 0.013311
vt 0.491476 0.023247
vt 0.507080 0.016575
vt 0.495329 0.028670
vt 0.493575 0.030566
vt 0.492873 0.021654
vt 0.492338 0.022352
vt 0.496617 0.026479
vt 0.496163 0.027374
vt 0.495804 0.019456
vt 0.494274 0.020475
vt 0.499414 0.024373
vt 0.497904 0.025279
vt 0.497724 0.018543
vt 0.496624 0.019129
vt 0.501875 0.023740
vt 0.500399 0.024183
vt 0.512686 0.008272
vt 0.499391 0.017264
vt 0.507290 0.004387
vt 0.508322 0.002008
vt 0.511846 0.010270
vt 0.512143 0.009421
vt 0.506759 0.006919
vt 0.506912 0.005908
vt 0.510904 0.011851
vt 0.505930 0.008471
vt 0.499306 0.007911
vt 0.501007 0.007870
vt 0.502218 0.007873
vt 0.498816 0.031853
vt 0.496971 0.008720
vt 0.498690 0.028968
vt 0.498765 0.030171
vt 0.501233 0.027053
vt 0.499743 0.027721
vt 0.503970 0.027973
vt 0.502368 0.027458
vt 0.502949 0.002528
vt 0.506430 0.027943
vt 0.503997 0.005245
vt 0.503544 0.004122
vt 0.503406 0.006761
vt 0.529639 0.021025
vt 0.483626 0.000367
vt 0.484129 0.002012
vt 0.485496 0.002445
vt 0.486827 0.002140
vt 0.530589 0.017208
vt 0.529450 0.018309
vt 0.529152 0.019661
vt 0.243805 0.660169
vt 0.247079 0.641662
vt 0.246095 0.629875
vt 0.237813 0.628994
vt 0.225445 0.634251
vt 0.213812 0.642553
vt 0.203942 0.652912
vt 0.206859 0.740774
vt 0.219619 0.724321
vt 0.229716 0.698539
vt 0.192362 0.680635
vt 0.186951 0.700597
vt 0.185833 0.720926
vt 0.194136 0.735965
vt 0.132034 0.758554
vt 0.111390 0.748148
vt 0.136699 0.785667
vt 0.125490 0.782237
vt 0.116918 0.782771
vt 0.095521 0.747141
vt 0.089715 0.764629
vt 0.112990 0.789846
vt 0.113152 0.801283
vt 0.091155 0.793559
vt 0.175815 0.785761
vt 0.155849 0.771522
vt 0.159779 0.800228
vt 0.148922 0.792199
vt 0.181243 0.824991
vt 0.181450 0.803237
vt 0.166232 0.820303
vt 0.164729 0.809798
vt 0.097210 0.824610
vt 0.116704 0.814911
vt 0.123545 0.827060
vt 0.108384 0.849481
vt 0.124611 0.860778
vt 0.133346 0.834267
vt 0.144333 0.837930
vt 0.143413 0.865481
vt 0.163102 0.870114
vt 0.155192 0.840023
vt 0.163596 0.838187
vt 0.179092 0.867025
vt 0.182799 0.848983
vt 0.166222 0.830573
vt 0.138167 0.793579
vt 0.818544 0.276630
vt 0.887071 0.283921
vt 0.822500 0.271898
vt 0.825217 0.275955
vt 0.821200 0.281498
vt 0.824236 0.285576
vt 0.828191 0.279366
vt 0.831637 0.282568
vt 0.827898 0.289386
vt 0.153217 0.804644
vt 0.884132 0.291792
vt 0.878157 0.288273
vt 0.882634 0.285826
vt 0.160875 0.817976
vt 0.874234 0.297255
vt 0.868856 0.291368
vt 0.873558 0.289989
vt 0.832382 0.293559
vt 0.835821 0.286026
vt 0.840425 0.288848
vt 0.837362 0.297093
vt 0.843014 0.298484
vt 0.845394 0.290194
vt 0.850365 0.291080
vt 0.848544 0.299260
vt 0.853622 0.300926
vt 0.855012 0.292399
vt 0.859645 0.293295
vt 0.858845 0.302058
vt 0.864000 0.301054
vt 0.864238 0.292720
vt 0.848854 0.217022
vt 0.882941 0.206478
vt 0.858807 0.201199
vt 0.850840 0.218104
vt 0.860252 0.201866
vt 0.852704 0.219162
vt 0.861603 0.202496
vt 0.854482 0.220119
vt 0.863019 0.203140
vt 0.856374 0.221069
vt 0.878634 0.225218
vt 0.879554 0.206375
vt 0.881219 0.206419
vt 0.880889 0.225095
vt 0.874213 0.225301
vt 0.876321 0.206292
vt 0.877938 0.206340
vt 0.876425 0.225285
vt 0.864650 0.203841
vt 0.858589 0.222097
vt 0.866348 0.204509
vt 0.860902 0.223044
vt 0.868070 0.205076
vt 0.863221 0.223776
vt 0.869808 0.205534
vt 0.865519 0.224351
vt 0.871507 0.205860
vt 0.867740 0.224807
vt 0.873171 0.206083
vt 0.869949 0.225129
vt 0.874749 0.206215
vt 0.872078 0.225270
vt 0.853825 0.275765
vt 0.857751 0.276917
vt 0.858001 0.257345
vt 0.861237 0.258228
vt 0.864480 0.258879
vt 0.861704 0.277733
vt 0.845339 0.273957
vt 0.849607 0.275052
vt 0.851061 0.255783
vt 0.854554 0.256697
vt 0.837700 0.268867
vt 0.841335 0.271664
vt 0.844596 0.252061
vt 0.847707 0.254087
vt 0.832053 0.263603
vt 0.834700 0.266297
vt 0.839631 0.248248
vt 0.841991 0.250195
vt 0.885347 0.271261
vt 0.829512 0.260438
vt 0.884109 0.255366
vt 0.837284 0.245971
vt 0.877487 0.274181
vt 0.881375 0.272457
vt 0.877482 0.257064
vt 0.880768 0.256060
vt 0.869563 0.276398
vt 0.873563 0.275415
vt 0.870907 0.258271
vt 0.874211 0.257751
vt 0.865632 0.277362
vt 0.867686 0.258768
vt 0.861755 0.240856
vt 0.864453 0.241508
vt 0.867153 0.241998
vt 0.856035 0.239434
vt 0.858918 0.240241
vt 0.850520 0.236741
vt 0.853199 0.238180
vt 0.846159 0.234042
vt 0.848252 0.235413
vt 0.883491 0.240652
vt 0.844019 0.232465
vt 0.877912 0.241445
vt 0.880673 0.240980
vt 0.872445 0.241922
vt 0.875184 0.241736
vt 0.869792 0.242070
vt 0.143559 0.577570
vt 0.142400 0.555761
vt 0.145597 0.530761
vt 0.158954 0.623475
vt 0.148706 0.601516
vt 0.184421 0.654524
vt 0.171008 0.640604
vt 0.209136 0.673088
vt 0.197521 0.665443
vt 0.219195 0.676874
vt 0.228199 0.678305
vt 0.237602 0.678450
vt 0.248420 0.677574
vt 0.264733 0.679065
vt 0.155616 0.498110
vt 0.811481 0.344744
vt 0.820205 0.340969
vt 0.190328 0.493939
vt 0.228764 0.491485
vt 0.828855 0.336032
vt 0.809530 0.326815
vt 0.816011 0.322775
vt 0.800273 0.307187
vt 0.807032 0.304112
vt 0.791841 0.283400
vt 0.799666 0.279959
vt 0.783054 0.258313
vt 0.791134 0.254400
vt 0.774731 0.233781
vt 0.781009 0.230401
vt 0.767177 0.209893
vt 0.771353 0.207834
vt 0.760412 0.186819
vt 0.763668 0.185506
vt 0.754497 0.164238
vt 0.757391 0.163298
vt 0.749638 0.142720
vt 0.752135 0.142163
vt 0.745150 0.121089
vt 0.747304 0.120857
vt 0.741018 0.098255
vt 0.742970 0.098129
vt 0.736796 0.073208
vt 0.738665 0.072948
vt 0.732087 0.044250
vt 0.733998 0.043756
vt 0.728348 0.014356
vt 0.730075 0.013838
vt 0.727587 0.002606
vt 0.727470 0.001462
vt 0.802508 0.330602
vt 0.794764 0.311014
vt 0.787085 0.286512
vt 0.778988 0.260519
vt 0.770751 0.235020
vt 0.763318 0.210232
vt 0.756949 0.186703
vt 0.751386 0.164045
vt 0.746678 0.142460
vt 0.742271 0.120851
vt 0.738349 0.098088
vt 0.734459 0.072980
vt 0.730171 0.043865
vt 0.726907 0.014038
vt 0.727034 0.003053
vt 0.400135 0.122628
vt 0.382239 0.116797
vt 0.363458 0.117019
vt 0.346872 0.123872
vt 0.342354 0.129264
vt 0.341422 0.131826
vt 0.340043 0.134597
vt 0.344784 0.138191
vt 0.361154 0.139974
vt 0.379439 0.141543
vt 0.397122 0.145730
vt 0.413254 0.147969
vt 0.418625 0.145521
vt 0.417959 0.142398
vt 0.417646 0.139696
vt 0.414461 0.133425
vt 0.454528 0.217913
vt 0.454183 0.218268
vt 0.440151 0.206417
vt 0.440413 0.205952
vt 0.462564 0.235278
vt 0.462137 0.235439
vt 0.423651 0.200687
vt 0.423712 0.200128
vt 0.408066 0.201890
vt 0.407902 0.201415
vt 0.395107 0.209517
vt 0.394855 0.209120
vt 0.383899 0.227319
vt 0.383544 0.227085
vt 0.462118 0.254373
vt 0.461697 0.254237
vt 0.453401 0.271249
vt 0.453092 0.270900
vt 0.439054 0.283879
vt 0.438930 0.283380
vt 0.421374 0.290415
vt 0.421473 0.289893
vt 0.384916 0.276182
vt 0.385254 0.275811
vt 0.392980 0.284326
vt 0.392701 0.284783
vt 0.380254 0.265246
vt 0.380679 0.264903
vt 0.404480 0.289659
vt 0.404267 0.290167
vt 0.378712 0.249647
vt 0.379136 0.249528
vt 0.284959 0.193428
vt 0.285187 0.193861
vt 0.272574 0.208289
vt 0.272221 0.208017
vt 0.302114 0.185914
vt 0.302237 0.186424
vt 0.319776 0.185457
vt 0.319677 0.186013
vt 0.334369 0.191424
vt 0.334079 0.191858
vt 0.344618 0.202173
vt 0.344265 0.202493
vt 0.350721 0.222206
vt 0.350310 0.222324
vt 0.267941 0.226675
vt 0.267503 0.226685
vt 0.271898 0.245039
vt 0.271509 0.245287
vt 0.282312 0.260610
vt 0.282052 0.261061
vt 0.297284 0.271394
vt 0.297224 0.271936
vt 0.336073 0.269452
vt 0.335853 0.269015
vt 0.343691 0.259981
vt 0.343983 0.260413
vt 0.325976 0.275072
vt 0.325834 0.274549
vt 0.313439 0.276639
vt 0.313382 0.276084
vt 0.349421 0.245368
vt 0.349793 0.245600
vt 0.360531 0.005283
vt 0.286637 0.903857
vt 0.310623 0.006088
vt 0.257569 0.006376
vt 0.224590 0.008459
vt 0.193159 0.012330
vt 0.154073 0.015912
vt 0.122482 0.010800
vt 0.681240 0.081653
vt 0.434131 0.015835
vt 0.481745 0.030586
vt 0.532516 0.045592
vt 0.563555 0.056715
vt 0.592623 0.069102
vt 0.629119 0.083297
vt 0.660819 0.087040
vt 0.410993 0.816303
vt 0.410811 0.822173
vt 0.992852 0.150069
vt 0.419954 0.827933
vt 0.985645 0.142196
vt 0.436949 0.822968
vt 0.978596 0.133249
vt 0.449940 0.808386
vt 0.967409 0.128368
vt 0.418409 0.802856
vt 0.413385 0.809706
vt 0.433308 0.791686
vt 0.425688 0.796304
vt 0.450573 0.794958
vt 0.957329 0.126029
vt 0.440455 0.790436
vt 0.869075 0.299140
vt 0.161187 0.823740
vt 0.158377 0.827878
vt 0.152105 0.829650
vt 0.144020 0.828961
vt 0.135008 0.825008
vt 0.126911 0.818681
vt 0.121809 0.810622
vt 0.119932 0.802730
vt 0.879282 0.294990
vt 0.158356 0.811414
vt 0.815282 0.272023
vt 0.145816 0.798206
vt 0.121060 0.797068
vt 0.124881 0.793668
vt 0.131053 0.792323
vt 0.570257 0.021189
vt 0.877064 0.186446
vt 0.610877 0.012290
vt 0.566604 0.025130
vt 0.871465 0.185152
vt 0.567592 0.023999
vt 0.565048 0.027425
vt 0.869097 0.184230
vt 0.610121 0.011403
vt 0.609538 0.010428
vt 0.609069 0.009241
vt 0.608700 0.007866
vt 0.608411 0.003963
vt 0.867001 0.183350
vt 0.608432 0.006450
vt 0.568551 0.022927
vt 0.002160 0.011221
vt 0.002104 0.012345
vt 0.899677 0.221198
vt 0.001453 0.016548
vt 0.001162 0.017960
vt 0.896730 0.216986
vt 0.000677 0.019211
vt 0.616784 0.001818
vt 0.614745 0.010219
vt 0.900883 0.223234
vt 0.615974 0.008153
vt 0.888953 0.209885
vt 0.617072 0.002949
vt 0.617088 0.004118
vt 0.616843 0.005425
vt 0.001908 0.013644
vt 0.571166 0.020553
vt 0.613918 0.011040
vt 0.575615 0.014075
vt 0.578195 0.017348
vt 0.574627 0.010006
vt 0.581364 0.019448
vt 0.585197 0.020421
vt 0.575596 0.005927
vt 0.578109 0.002718
vt 0.581194 0.000822
vt 0.541688 0.019378
vt 0.598065 0.028011
vt 0.596032 0.026691
vt 0.600395 0.027895
vt 0.602781 0.025679
vt 0.604310 0.022320
vt 0.594959 0.023904
vt 0.560524 0.004990
vt 0.605365 0.019199
vt 0.606620 0.016379
vt 0.594414 0.020436
vt 0.558629 0.005303
vt 0.589672 0.020297
vt 0.589471 0.000288
vt 0.550340 0.023376
vt 0.554238 0.025385
vt 0.557707 0.027090
vt 0.560708 0.028116
vt 0.608793 0.002861
vt 0.608223 0.014025
vt 0.648906 0.015773
vt 0.646060 0.018819
vt 0.650231 0.011801
vt 0.642726 0.020645
vt 0.029703 0.013307
vt 0.649607 0.007656
vt 0.647372 0.004248
vt 0.644457 0.002100
vt 0.640725 0.001022
vt 0.625366 0.027779
vt 0.627503 0.026634
vt 0.623054 0.027468
vt 0.620863 0.025061
vt 0.012494 0.003551
vt 0.628806 0.023947
vt 0.629270 0.021381
vt 0.618830 0.018386
vt 0.007772 0.008126
vt 0.629640 0.020537
vt 0.630820 0.020315
vt 0.634377 0.020796
vt 0.636253 0.000874
vt 0.631670 0.000882
vt 0.009141 0.026237
vt 0.005616 0.024652
vt 0.002913 0.022994
vt 0.000000 0.020301
vt 0.616416 0.012991
vt 0.516171 0.027716
vt 0.230582 0.572871
vt 0.228287 0.573230
vt 0.226452 0.571955
vt 0.225325 0.569794
vt 0.522172 0.028302
vt 0.232946 0.569301
vt 0.225060 0.567371
vt 0.225776 0.565294
vt 0.227564 0.564054
vt 0.229689 0.563946
vt 0.231250 0.565126
vt 0.336338 0.570847
vt 0.338165 0.572340
vt 0.070989 0.017728
vt 0.342264 0.571438
vt 0.073969 0.012424
vt 0.336224 0.566480
vt 0.335768 0.568733
vt 0.343647 0.566714
vt 0.077123 0.006597
vt 0.341108 0.563504
vt 0.656135 0.012838
vt 0.337445 0.564721
vt 0.487107 0.000548
vt 0.487940 0.001046
vt 0.529672 0.016382
vt 0.531415 0.020623
vt 0.531297 0.021483
vt 0.481710 0.000363
vt 0.498916 0.000631
vt 0.502831 0.000060
vt 0.504182 0.022580
vt 0.501984 0.034965
vt 0.498104 0.034208
vt 0.500819 0.013092
vt 0.513881 0.006533
vt 0.495153 0.013035
vt 0.489788 0.024498
vt 0.512461 0.019215
vt 0.520734 0.012088
vt 0.492642 0.009236
vt 0.485257 0.017186
vt 0.514785 0.021870
vt 0.504449 0.033977
vt 0.531408 0.019339
vt 0.479015 0.019297
vt 0.532024 0.028602
vt 0.490826 0.005501
vt 0.524006 0.013710
vt 0.528022 0.015461
vt 0.659399 0.002313
vt 0.067197 0.000229
vt 0.066081 0.000777
vt 0.070712 0.000683
vt 0.657450 0.005160
vt 0.656330 0.006707
vt 0.039291 0.022617
vt 0.692854 0.001167
vt 0.687134 0.000056
vt 0.696252 0.008762
vt 0.045923 0.027624
vt 0.051451 0.025827
vt 0.680047 0.001129
vt 0.674184 0.002351
vt 0.057145 0.021498
vt 0.061729 0.017645
vt 0.671322 0.002432
vt 0.669634 0.002354
vt 0.063976 0.016270
vt 0.065079 0.016577
vt 0.040073 0.025155
vt 0.658443 0.003257
vt 0.069063 0.020460
vt 0.653208 0.010924
vt 0.665516 0.001863
vt 0.667679 0.002168
vt 0.663330 0.001636
vt 0.234779 0.472373
vt 0.752833 0.362430
vt 0.203336 0.476502
vt 0.179137 0.475735
vt 0.400014 0.463975
vt 0.331877 0.472393
vt 0.362834 0.476296
vt 0.387751 0.475016
vt 0.843426 0.328429
vt 0.725457 0.001412
vt 0.717056 0.012261
vt 0.718136 0.045378
vt 0.721998 0.075664
vt 0.725630 0.101327
vt 0.728550 0.124432
vt 0.731019 0.146209
vt 0.733531 0.167882
vt 0.735979 0.190650
vt 0.738866 0.213991
vt 0.743703 0.238806
vt 0.748710 0.265714
vt 0.753054 0.293701
vt 0.757709 0.319229
vt 0.760563 0.339164
vt 0.423446 0.470940
vt 0.166985 0.464985
vt 0.470681 0.492747
vt 0.523802 0.544679
vt 0.559831 0.620161
vt 0.570300 0.697220
vt 0.567896 0.768547
vt 0.555268 0.833133
vt 0.550445 0.860090
vt 0.397580 0.460137
vt 0.449251 0.478371
vt 0.730657 0.281726
vt 0.718322 0.331548
vt 0.732690 0.231683
vt 0.725378 0.184347
vt 0.711897 0.140837
vt 0.693045 0.377123
vt 0.658943 0.416052
vt 0.616545 0.447434
vt 0.567160 0.469677
vt 0.507134 0.482778
vt 0.693687 0.103861
vt 0.104282 0.000035
vt 0.199086 0.302667
vt 0.191827 0.305160
vt 0.745614 0.359258
vt 0.202035 0.278613
vt 0.882740 0.432760
vt 0.194050 0.243368
vt 0.853099 0.424026
vt 0.183612 0.224585
vt 0.838997 0.428613
vt 0.170347 0.226020
vt 0.822129 0.427492
vt 0.160300 0.244409
vt 0.792244 0.410608
vt 0.164857 0.279115
vt 0.757825 0.393894
vt 0.182734 0.301826
vt 0.506649 0.346439
vt 0.803769 0.602856
vt 0.505958 0.336953
vt 0.511004 0.322877
vt 0.519830 0.307398
vt 0.528402 0.291085
vt 0.536592 0.278964
vt 0.543111 0.275476
vt 0.548974 0.277294
vt 0.555452 0.280522
vt 0.560165 0.287664
vt 0.560423 0.301377
vt 0.556369 0.318588
vt 0.546465 0.333545
vt 0.534516 0.344732
vt 0.522564 0.350132
vt 0.711815 0.622507
vt 0.739578 0.619308
vt 0.684946 0.618701
vt 0.767771 0.608114
vt 0.793386 0.588646
vt 0.658738 0.607469
vt 0.635634 0.589625
vt 0.604095 0.509806
vt 0.606861 0.540521
vt 0.612758 0.477535
vt 0.618052 0.567176
vt 0.813955 0.559585
vt 0.827581 0.522688
vt 0.633405 0.445132
vt 0.661438 0.417762
vt 0.835015 0.486255
vt 0.841325 0.463578
vt 0.853181 0.453603
vt 0.863632 0.453152
vt 0.873656 0.455801
vt 0.885002 0.461341
vt 0.690082 0.397957
vt 0.711253 0.380107
vt 0.719530 0.363508
vt 0.765227 0.848464
vt 0.739378 0.837846
vt 0.792120 0.852098
vt 0.715284 0.819417
vt 0.695919 0.793726
vt 0.820393 0.848406
vt 0.847476 0.837506
vt 0.899507 0.769249
vt 0.888504 0.798060
vt 0.899932 0.735837
vt 0.870494 0.820676
vt 0.684014 0.760173
vt 0.680918 0.720965
vt 0.888858 0.699044
vt 0.869310 0.665089
vt 0.683653 0.683884
vt 0.683733 0.660347
vt 0.675031 0.647526
vt 0.665095 0.644254
vt 0.654728 0.644080
vt 0.642303 0.646327
vt 0.847117 0.638250
vt 0.831586 0.615322
vt 0.628651 0.650340
vt 0.899048 0.438579
vt 0.811526 0.573736
vt 0.732681 0.353039
vt 0.818310 0.583453
vt 0.897213 0.459004
vt 0.821290 0.591028
vt 0.897049 0.468913
vt 0.723718 0.362102
vt 0.828126 0.597099
vt 0.824476 0.594609
vt 0.841702 0.230957
vt 0.883207 0.225004
vt 0.834672 0.243911
vt 0.826571 0.257662
vt 0.819466 0.268292
vt 0.857271 0.200504
vt 0.864408 0.182300
vt 0.889265 0.289096
vt 0.921799 0.167409
vt 0.912690 0.180150
vt 0.930092 0.155225
vt 0.938603 0.141724
vt 0.944796 0.130538
vt 0.901864 0.195200
vt 0.902373 0.225662
vt 0.946196 0.125110
vn 0.475928 0.177692 0.861347
vn 0.403685 0.259355 0.877367
vn 0.328926 0.216103 0.919297
vn 0.419327 0.140792 0.896852
vn 0.447505 0.247800 0.859264
vn 0.349381 0.216013 0.911741
vn 0.353800 0.205523 0.912461
vn 0.350277 0.196028 0.915904
vn 0.430986 0.114588 0.895053
vn 0.452401 0.213301 0.865931
vn 0.372278 0.191399 0.908171
vn 0.423294 0.250564 0.870655
vn 0.363630 0.203548 0.909033
vn 0.361693 0.199866 0.910621
vn 0.363258 0.196185 0.910799
vn 0.391800 0.354144 0.849161
vn 0.359447 0.252154 0.898452
vn 0.382176 0.495311 0.780133
vn 0.370918 0.393852 0.841011
vn 0.360420 0.360334 0.860382
vn 0.362293 0.232226 0.902671
vn 0.370655 0.191233 0.908870
vn 0.426181 0.109210 0.898022
vn 0.366134 0.204191 0.907883
vn 0.370334 0.203233 0.906394
vn 0.374935 0.188741 0.907635
vn 0.408925 0.098130 0.907277
vn 0.369027 0.201960 0.907211
vn 0.368586 0.202360 0.907301
vn 0.369763 0.204270 0.906393
vn 0.371050 0.203345 0.906075
vn 0.364026 0.220912 0.904811
vn 0.339262 0.323312 0.883386
vn 0.309924 0.303588 0.900989
vn 0.360266 0.218748 0.906839
vn 0.365789 0.179099 0.913303
vn 0.375251 0.081285 0.923352
vn 0.362271 0.195238 0.911396
vn 0.307075 0.143991 0.940729
vn 0.315315 0.111227 0.942446
vn 0.321773 0.018620 0.946634
vn 0.361240 0.198229 0.911159
vn 0.357290 0.202844 0.911701
vn 0.285182 0.188237 0.939808
vn 0.300534 0.164459 0.939485
vn 0.344003 0.218043 0.913301
vn 0.272006 0.287175 0.918446
vn 0.192042 0.289958 0.937574
vn 0.261916 0.224284 0.938667
vn 0.455772 0.755582 0.470498
vn 0.626991 0.693987 0.353928
vn 0.249653 0.560337 -0.789744
vn 0.101506 0.819512 -0.564001
vn 0.766860 0.597178 0.235169
vn 0.302825 0.357204 -0.883573
vn -0.234422 -0.040606 -0.971287
vn -0.272024 0.027781 -0.961889
vn -0.297969 0.154831 -0.941935
vn 0.881894 0.456264 0.118684
vn 0.354136 0.182370 -0.917240
vn 0.974029 0.225012 0.025253
vn 0.426099 -0.001392 -0.904676
vn -0.171251 -0.167452 -0.970893
vn -0.202947 -0.102654 -0.973794
vn 0.997571 -0.062907 0.029912
vn 0.535773 -0.208460 -0.818225
vn 0.945283 -0.289102 0.151196
vn 0.663844 -0.467746 -0.583546
vn -0.024769 -0.359823 -0.932692
vn -0.136367 -0.244712 -0.959959
vn -0.369376 -0.054034 -0.927708
vn -0.398209 0.081610 -0.913657
vn -0.337415 -0.106567 -0.935305
vn -0.370119 -0.108649 -0.922609
vn -0.410715 -0.055391 -0.910080
vn -0.473305 0.068899 -0.878200
vn -0.308560 -0.155542 -0.938401
vn -0.289003 -0.206521 -0.934787
vn -0.310215 -0.235307 -0.921085
vn -0.333937 -0.167816 -0.927536
vn -0.266919 -0.266237 -0.926214
vn -0.159751 -0.388282 -0.907588
vn -0.228203 -0.447721 -0.864563
vn -0.296825 -0.307330 -0.904126
vn -0.445379 -0.042748 -0.894321
vn -0.542924 0.074262 -0.836492
vn -0.391755 -0.098906 -0.914738
vn -0.413884 -0.085148 -0.906339
vn -0.487015 -0.027350 -0.872965
vn -0.634228 0.094265 -0.767378
vn -0.344750 -0.169876 -0.923195
vn -0.312634 -0.264289 -0.912366
vn -0.304868 -0.291498 -0.906689
vn -0.351293 -0.162654 -0.922029
vn -0.305619 -0.360173 -0.881404
vn -0.279094 -0.509078 -0.814215
vn -0.301583 -0.591989 -0.747393
vn -0.301040 -0.424675 -0.853830
vn -0.549870 -0.014918 -0.835117
vn -0.745951 0.108848 -0.657046
vn -0.448113 -0.064702 -0.891632
vn -0.508122 -0.016620 -0.861125
vn -0.642784 0.015914 -0.765882
vn -0.844993 0.138015 -0.516662
vn -0.361389 -0.142578 -0.921450
vn -0.292257 -0.313970 -0.903332
vn -0.282218 -0.317616 -0.905248
vn -0.387041 -0.104390 -0.916134
vn -0.283865 -0.494936 -0.821255
vn -0.302533 -0.686673 -0.661025
vn -0.239441 -0.762544 -0.600994
vn -0.235946 -0.543018 -0.805891
vn 0.426029 -0.705372 -0.566525
vn 0.192810 -0.849040 -0.491889
vn 0.831796 -0.434216 0.345792
vn 0.640404 -0.506395 0.577449
vn 0.003916 -0.931976 -0.362500
vn -0.107265 -0.976352 -0.187699
vn 0.448177 -0.478310 0.755220
vn 0.315332 -0.442925 0.839275
vn -0.160329 -0.987051 -0.004991
vn -0.099329 -0.992844 0.066288
vn 0.227668 -0.461133 0.857627
vn 0.345126 -0.425127 0.836753
vn -0.325120 0.694812 -0.641508
vn -0.563281 0.557917 -0.609461
vn -0.033653 0.799001 0.600387
vn 0.249676 0.790886 0.558714
vn -0.718507 0.467194 -0.515244
vn -0.844048 0.395367 -0.362308
vn -0.628079 0.598749 0.497008
vn -0.337185 0.746104 0.574139
vn -0.935517 0.316380 -0.157203
vn -0.937324 0.343902 0.056175
vn 0.008895 0.542798 0.839816
vn -0.663747 0.450473 0.597088
vn -0.000000 -0.665891 -0.746049
vn 0.149714 -0.659405 -0.736730
vn 0.185666 -0.655387 -0.732117
vn -0.000000 -0.647769 -0.761837
vn 0.255585 -0.646844 -0.718519
vn 0.320637 -0.685611 -0.653551
vn 0.691799 -0.300323 -0.656674
vn 0.355108 -0.142197 -0.923947
vn -0.000000 -0.107067 -0.994252
vn 0.364225 -0.629660 -0.686198
vn 0.431043 -0.704864 -0.563355
vn 0.508389 -0.592835 -0.624569
vn 0.597437 -0.639310 -0.484099
vn 0.652582 -0.658390 -0.375046
vn 0.530353 -0.733903 -0.424396
vn 0.613374 -0.762639 -0.205315
vn 0.842064 -0.468042 -0.268076
vn 0.685027 -0.691037 -0.230665
vn 0.679376 -0.731659 -0.055893
vn 0.625502 -0.780030 0.017307
vn 0.854719 -0.517325 0.042787
vn 0.589846 -0.782209 0.200576
vn 0.804096 -0.516033 0.295194
vn 0.631685 -0.764288 0.129759
vn 0.589568 -0.770029 0.243853
vn 0.520258 -0.791894 0.319741
vn 0.563835 -0.557795 0.609061
vn 0.455480 -0.845279 0.279360
vn 0.404025 -0.858905 0.314717
vn 0.575584 -0.769905 0.275588
vn 0.577220 -0.715837 0.392931
vn 0.515095 -0.734736 0.441407
vn 0.438999 -0.798403 0.412107
vn 0.000174 -0.481777 0.876294
vn 0.242367 -0.490357 0.837143
vn 0.255477 -0.922980 0.287818
vn -0.000462 -0.970332 0.241777
vn 0.260732 -0.885427 0.384758
vn 0.000318 -0.913608 0.406597
vn 0.467861 -0.409196 0.783368
vn 0.431224 -0.358091 0.828140
vn 0.598386 -0.569401 0.563663
vn 0.637159 -0.430204 0.639494
vn 0.358687 -0.376013 0.854376
vn 0.187589 -0.362113 0.913063
vn 0.346539 -0.098845 0.932813
vn 0.343045 -0.008960 0.939276
vn 0.001322 0.662685 0.748897
vn 0.157646 0.729185 0.665910
vn 0.186034 0.843836 0.503321
vn 0.001742 0.832602 0.553869
vn 0.380646 0.725007 0.573998
vn 0.406819 0.819841 0.402939
vn 0.412946 0.870455 0.267925
vn 0.227734 0.929407 0.290412
vn 0.000427 0.951098 0.308889
vn 0.552902 0.655376 0.514570
vn 0.589195 0.728398 0.349694
vn 0.748019 0.495592 0.441425
vn 0.791246 0.540626 0.285749
vn 0.809516 0.553732 0.195104
vn 0.591618 0.766829 0.248919
vn 0.571903 0.806275 0.151154
vn 0.404054 0.899379 0.166908
vn 0.736588 0.668795 0.100750
vn 0.714810 0.691082 -0.107015
vn 0.570374 0.819621 -0.053802
vn 0.415312 0.909326 -0.025357
vn 0.230755 0.957248 0.174435
vn 0.000055 0.983658 0.180049
vn 0.238608 0.971076 -0.008767
vn -0.000001 0.999997 -0.002578
vn 0.247489 0.941823 -0.227417
vn -0.000007 0.973647 -0.228060
vn 0.435256 0.864226 -0.252320
vn 0.443707 0.747555 -0.494253
vn 0.250780 0.829574 -0.498915
vn 0.000005 0.857032 -0.515263
vn 0.584300 0.754318 -0.299329
vn 0.679330 0.658157 -0.324560
vn 0.659926 0.520706 -0.541629
vn 0.571397 0.631564 -0.524053
vn 0.516631 0.490217 -0.701983
vn 0.382645 0.569212 -0.727723
vn 0.576587 0.428849 -0.695439
vn 0.578812 0.450177 -0.679939
vn 0.475868 0.459855 -0.749723
vn 0.336949 0.489545 -0.804245
vn 0.221139 0.604653 -0.765175
vn 0.000009 0.619094 -0.785317
vn 0.191235 0.507581 -0.840114
vn 0.000005 0.514713 -0.857363
vn 0.185469 0.489328 -0.852150
vn -0.000012 0.497341 -0.867555
vn 0.344806 0.467568 -0.813934
vn 0.346547 0.309075 -0.885651
vn 0.180547 0.318891 -0.930436
vn -0.000010 0.322649 -0.946519
vn 0.481455 0.435568 -0.760579
vn 0.598933 0.405512 -0.690535
vn 0.638527 0.278672 -0.717373
vn 0.496728 0.294902 -0.816268
vn 0.504690 0.116626 -0.855387
vn 0.343529 0.119023 -0.931569
vn 0.671503 0.113372 -0.732278
vn 0.670700 -0.087904 -0.736501
vn 0.498239 -0.106133 -0.860519
vn 0.337659 -0.105455 -0.935342
vn 0.175633 0.123716 -0.976651
vn -0.000002 0.126965 -0.991907
vn 0.173489 -0.097811 -0.979967
vn -0.000001 -0.093345 -0.995634
vn 0.175059 -0.306822 -0.935529
vn -0.000000 -0.303556 -0.952814
vn 0.328395 -0.312662 -0.891291
vn 0.313899 -0.448854 -0.836659
vn 0.174539 -0.459610 -0.870801
vn -0.000000 -0.463612 -0.886038
vn 0.470340 -0.307433 -0.827204
vn 0.624813 -0.273781 -0.731199
vn 0.576498 -0.416078 -0.703228
vn 0.435442 -0.430583 -0.790562
vn 0.395216 -0.521447 -0.756238
vn 0.283995 -0.549754 -0.785568
vn 0.538906 -0.517420 -0.664723
vn 0.164174 -0.572839 -0.803058
vn -0.000000 -0.582226 -0.813027
vn 0.678915 -0.550395 -0.485942
vn 0.727421 -0.432071 -0.533080
vn 0.822661 -0.454789 -0.341170
vn 0.753048 -0.555233 -0.353036
vn 0.776300 -0.232681 -0.585848
vn 0.796248 -0.060296 -0.601958
vn 0.861602 -0.109610 -0.495609
vn 0.884205 -0.254161 -0.391898
vn 0.922830 -0.307739 -0.231693
vn 0.863678 -0.440604 -0.244805
vn 0.930065 -0.245611 -0.273231
vn 0.956235 -0.273105 -0.105019
vn 0.943194 -0.310024 -0.119462
vn 0.899577 -0.411893 -0.145280
vn 0.793278 -0.546075 -0.269279
vn 0.817507 -0.559202 -0.137753
vn 0.783698 0.097845 -0.613387
vn 0.730305 0.261957 -0.630899
vn 0.729590 0.243348 -0.639124
vn 0.784436 0.072351 -0.615976
vn 0.647407 0.376276 -0.662782
vn 0.667965 0.345764 -0.658992
vn 0.919162 0.311041 0.241651
vn 0.917538 0.350924 0.187022
vn 0.914081 0.335047 0.228473
vn 0.922986 0.246251 0.295732
vn 0.880795 0.310003 0.357907
vn 0.900187 0.187965 0.392852
vn 0.971849 -0.047929 0.230680
vn 0.938928 0.189174 0.287449
vn 0.917785 0.166069 0.360681
vn 0.936920 -0.036990 0.347580
vn 0.836420 0.177755 0.518464
vn 0.772993 0.025062 0.633919
vn 0.810067 -0.582908 0.063320
vn 0.913268 -0.405746 0.036222
vn 0.890717 -0.408665 0.199041
vn 0.763214 -0.608831 0.216402
vn 0.962100 -0.268723 0.046383
vn 0.977002 -0.199270 0.075889
vn 0.949926 -0.243798 0.195459
vn 0.915731 -0.240523 0.321848
vn 0.838583 -0.437408 0.324734
vn 0.734759 -0.193777 0.650061
vn 0.727668 -0.610857 0.312016
vn -0.000009 0.216152 0.976360
vn 0.263525 0.252152 0.931114
vn 0.334514 0.421100 0.843075
vn 0.359850 0.244958 0.900280
vn 0.286240 0.135768 0.948490
vn 0.243705 0.536246 0.808114
vn 0.265659 0.422997 0.866313
vn 0.316514 0.594090 0.739511
vn 0.609871 0.337731 0.716934
vn 0.468884 0.108564 0.876562
vn 0.371906 0.429180 0.823098
vn 0.511696 0.311202 0.800825
vn 0.499010 0.113560 0.859124
vn 0.387811 0.201411 0.899465
vn 0.426223 -0.305852 0.851345
vn 0.310306 -0.199361 0.929497
vn 0.560459 -0.201425 0.803314
vn 0.231345 0.013921 0.972772
vn 0.327202 0.106209 0.938967
vn 0.695931 0.177116 0.695924
vn 0.832984 0.148270 0.533061
vn 0.616293 0.127533 0.777122
vn 0.599165 0.124542 0.790880
vn 0.791259 0.240616 0.562150
vn 0.652468 0.377883 0.656879
vn 0.313354 -0.111168 0.943107
vn 0.464958 -0.002576 0.885329
vn 0.399114 0.011270 0.916832
vn 0.438311 0.175157 0.881591
vn 0.385235 0.051849 0.921361
vn 0.562350 0.102949 0.820465
vn 0.493011 0.470566 0.731784
vn 0.361848 0.516756 0.775905
vn 0.217764 -0.213944 0.952264
vn 0.225747 -0.175065 0.958327
vn 0.195818 0.500244 0.843452
vn 0.047262 0.386081 0.921253
vn 0.386574 -0.120552 0.914346
vn 0.305276 -0.213367 0.928052
vn 0.272309 -0.024371 0.961901
vn 0.264025 0.217552 0.939660
vn 0.366973 0.046098 0.929089
vn 0.349424 0.175953 0.920295
vn 0.000796 0.268331 0.963326
vn 0.125316 0.195884 0.972587
vn 0.000053 0.233179 0.972434
vn 0.300283 0.217081 0.928820
vn 0.500920 0.170923 0.848448
vn 0.435034 0.092468 0.895654
vn -0.000015 0.165685 0.986179
vn 0.387476 0.182116 0.903712
vn 0.622693 0.151312 0.767696
vn 0.488428 0.105166 0.866244
vn 0.467138 0.147864 0.871733
vn 0.498298 0.105750 0.860532
vn 0.391322 -0.483395 0.783069
vn 0.158124 -0.513753 0.843240
vn 0.409601 -0.189481 0.892370
vn 0.288816 -0.173379 0.941555
vn 0.235666 -0.391235 0.889605
vn 0.001063 -0.395314 0.918546
vn 0.184414 0.003249 0.982843
vn 0.000841 0.004885 0.999988
vn -0.003626 -0.210096 0.977674
vn 0.107124 -0.213947 0.970954
vn 0.104693 0.063900 0.992450
vn -0.008946 0.065679 0.997801
vn 0.326698 -0.171709 0.929400
vn 0.398730 0.069224 0.914452
vn 0.407549 0.307620 0.859810
vn 0.146386 0.377021 0.914564
vn -0.012157 0.369124 0.929301
vn 0.629373 0.336505 -0.700467
vn 0.633748 0.205680 -0.745694
vn 0.697646 0.482848 -0.529290
vn 0.110650 0.511162 -0.852332
vn 0.219735 0.257852 -0.940866
vn 0.346928 0.065688 -0.935589
vn 0.738146 0.600731 -0.307023
vn 0.801464 0.581385 -0.140168
vn 0.366943 0.902026 -0.227383
vn 0.068147 0.771733 -0.632284
vn 0.694832 0.035202 -0.718310
vn 0.804614 -0.176846 -0.566853
vn 0.470112 -0.111543 -0.875530
vn 0.644600 -0.347489 -0.680986
vn 0.892265 -0.328794 -0.309449
vn 0.944811 -0.314350 -0.092281
vn 0.817013 -0.501367 -0.284817
vn 0.917028 -0.398821 -0.001192
vn 0.926434 0.256877 0.275200
vn 0.897266 0.372237 0.237388
vn 0.967940 0.059283 0.244087
vn 0.931083 0.185355 0.314210
vn 0.890137 0.337391 0.306307
vn 0.867560 0.411934 0.278656
vn 0.980600 -0.169446 0.098546
vn 0.972600 -0.128161 0.193969
vn 0.869196 0.493155 0.036022
vn 0.908055 0.403196 0.113442
vn 0.855975 0.469985 0.215457
vn 0.780560 0.601713 0.169315
vn 0.903063 0.388418 0.183327
vn 0.859240 0.446788 0.249171
vn -0.671977 0.220128 -0.707101
vn -0.474001 0.142868 -0.868857
vn -0.833059 0.394662 -0.387628
vn -0.304283 0.004859 -0.952569
vn -0.144448 -0.224103 -0.963801
vn -0.009299 -0.456469 -0.889691
vn 0.109396 -0.722563 -0.682594
vn 0.367588 -0.924185 -0.103740
vn 0.710367 -0.523631 0.470307
vn 0.833632 -0.003432 0.552310
vn 0.824787 0.299171 0.479816
vn 0.572710 0.126687 0.809910
vn 0.720793 0.359267 0.592777
vn 0.831232 0.369892 0.415010
vn 0.801310 0.406272 0.439142
vn 0.790517 0.352126 0.501090
vn 0.739031 0.359393 0.569798
vn 0.724357 0.451205 0.521269
vn 0.536630 0.553933 0.636542
vn 0.600594 0.371461 0.708028
vn -0.391472 0.830969 0.395273
vn 0.815495 0.287308 0.502416
vn 0.818917 0.119614 0.561309
vn 0.855583 0.348214 0.383047
vn 0.918579 0.316574 0.236628
vn 0.943948 0.206763 0.257315
vn 0.973329 -0.026268 0.227903
vn 0.781218 0.000010 0.624259
vn 0.567077 0.034569 0.822939
vn 0.940521 -0.209964 0.267089
vn 0.842147 -0.342133 0.416814
vn 0.856949 0.371117 0.357646
vn 0.726918 0.467620 0.502913
vn 0.764767 0.549969 0.335656
vn 0.900263 0.374277 0.222358
vn 0.496675 0.391440 0.774653
vn 0.391480 0.183334 0.901739
vn 0.404642 0.670018 0.622367
vn 0.501998 0.692111 0.518634
vn 0.366446 0.105952 0.924387
vn 0.379939 0.079883 0.921556
vn 0.341086 0.583431 0.737068
vn 0.381087 0.614913 0.690402
vn 0.406835 0.156864 0.899933
vn 0.362146 0.243160 0.899847
vn 0.694298 -0.366312 0.619488
vn 0.529752 -0.299598 0.793476
vn 0.421282 0.035729 0.906226
vn 0.512122 -0.031877 0.858321
vn 0.201505 0.491909 0.847007
vn 0.275838 0.553137 0.786100
vn 0.500903 0.381931 0.776676
vn 0.594180 0.392073 0.702303
vn 0.425700 0.346098 0.836060
vn 0.270380 -0.159569 0.949438
vn 0.187984 -0.101916 0.976870
vn 0.115790 -0.050380 0.991995
vn 0.379516 0.298531 0.875698
vn 0.376160 -0.224722 0.898891
vn 0.698049 0.360828 0.618490
vn 0.796245 0.252370 0.549821
vn 0.058682 0.013892 0.998180
vn 0.024714 0.119085 0.992576
vn 0.639681 -0.054141 0.766731
vn 0.753690 -0.020396 0.656913
vn 0.055100 0.351295 0.934642
vn 0.117139 0.426472 0.896884
vn 0.822373 0.089630 0.561844
vn 0.023744 0.248006 0.968468
vn 0.856437 0.236979 0.458647
vn 0.931028 0.001477 0.364944
vn 0.777662 0.310165 0.546845
vn 0.852436 -0.186581 0.488406
vn 0.736183 -0.235152 0.634616
vn 0.728486 0.311114 0.610341
vn 0.626545 0.421244 0.655741
vn 0.476418 0.625510 0.617870
vn 0.383636 0.770317 0.509347
vn 0.348297 0.761816 0.546192
vn 0.292012 0.719541 0.630071
vn 0.628950 -0.245580 0.737639
vn 0.521590 -0.280279 0.805846
vn 0.209483 0.660009 0.721461
vn 0.095686 0.601059 0.793456
vn 0.069541 -0.200439 0.977235
vn 0.049892 -0.078097 0.995697
vn 0.150423 -0.402408 0.903018
vn 0.376013 -0.337488 0.862969
vn 0.021921 0.010735 0.999702
vn -0.034318 0.104979 0.993882
vn -0.045638 0.537117 0.842272
vn -0.245768 0.424307 0.871528
vn -0.120579 0.227809 0.966211
vn -0.441289 0.890509 -0.110715
vn -0.608899 0.788398 0.087581
vn -0.647984 0.759203 0.061057
vn -0.488108 0.861505 -0.139858
vn -0.226891 0.927763 -0.296271
vn -0.240107 0.896997 -0.371141
vn 0.241697 0.884863 -0.398247
vn 0.285617 0.817048 -0.500856
vn 0.747743 0.474463 -0.464505
vn 0.715873 0.420215 -0.557624
vn -0.784505 0.548259 0.289767
vn -0.859546 0.055432 0.508043
vn -0.884574 0.058867 0.462670
vn -0.809249 0.531159 0.250971
vn -0.667463 -0.457351 0.587643
vn -0.402859 -0.752958 0.520345
vn -0.426991 -0.755406 0.497032
vn -0.692890 -0.456814 0.557875
vn 0.296673 -0.952313 0.071304
vn 0.557756 -0.815488 -0.154555
vn 0.474923 -0.850352 -0.226605
vn 0.226560 -0.973890 -0.014457
vn 0.033477 -0.964809 0.260812
vn -0.019544 -0.980628 0.194904
vn -0.165603 -0.904552 0.392887
vn -0.201022 -0.913386 0.353999
vn 0.747570 -0.554570 -0.365502
vn 0.834052 -0.186329 -0.519268
vn 0.777130 -0.213835 -0.591899
vn 0.667043 -0.612148 -0.424652
vn 0.842969 0.109443 -0.526713
vn 0.785941 0.105095 -0.609304
vn -0.000000 -0.983342 0.181767
vn 0.315505 -0.897141 0.309184
vn 0.230536 -0.775825 0.587323
vn 0.000001 -0.885217 0.465177
vn 0.411797 -0.533095 0.739076
vn 0.385873 -0.450467 0.805097
vn 0.238656 -0.734417 0.635355
vn -0.000228 -0.848184 0.529701
vn 0.443403 -0.189869 0.875981
vn 0.392009 0.059114 0.918060
vn 0.407806 0.055118 0.911403
vn 0.443351 -0.177536 0.878590
vn 0.217172 0.286595 0.933113
vn 0.000000 0.352230 0.935913
vn -0.000001 0.570954 0.820982
vn 0.211252 0.445087 0.870212
vn 0.282426 -0.726703 0.626209
vn -0.000613 -0.816168 0.577815
vn 0.448738 -0.475339 0.756761
vn 0.516000 -0.483681 0.706963
vn 0.314787 -0.702026 0.638802
vn -0.000288 -0.787449 0.616380
vn 0.545633 -0.162413 0.822135
vn 0.519539 0.125172 0.845228
vn 0.577338 0.229418 0.783612
vn 0.644371 -0.142540 0.751312
vn 0.232979 0.631314 0.739705
vn 0.000010 0.752003 0.659160
vn -0.000081 0.811803 0.583931
vn 0.247332 0.691025 0.679199
vn 0.266801 -0.846400 0.460896
vn 0.288119 -0.154729 0.945012
vn 0.375528 -0.914885 -0.148202
vn 0.043484 -0.982561 -0.180782
vn 0.223599 -0.821704 -0.524220
vn 0.159213 -0.744581 -0.648268
vn -0.315610 -0.748561 -0.583135
vn -0.730218 0.306347 0.610683
vn -0.944711 0.303818 0.123349
vn 0.386631 -0.111401 0.915482
vn 0.383778 -0.326538 0.863764
vn -0.052833 0.782814 0.620009
vn -0.315022 0.868174 0.383451
vn -0.176842 0.858576 0.481221
vn -0.297000 0.911236 0.285376
vn 0.231812 -0.402709 0.885488
vn 0.000004 -0.421719 0.906727
vn -0.129628 0.900429 0.415240
vn -0.221615 0.950219 0.219025
vn 0.000021 0.932577 0.360970
vn 0.000000 0.982902 0.184127
vn 0.266305 -0.910116 -0.317444
vn -0.000001 -0.913050 -0.407848
vn 0.180176 -0.775667 -0.604878
vn -0.000000 -0.770460 -0.637488
vn -0.000000 -0.707947 -0.706266
vn 0.155371 -0.713056 -0.683675
vn 0.130956 -0.663591 -0.736544
vn 0.116270 -0.718601 -0.685634
vn -0.000000 -0.644871 -0.764292
vn -0.000000 -0.588372 -0.808590
vn 0.108055 -0.608056 -0.786506
vn 0.102940 -0.668135 -0.736885
vn -0.350330 -0.761195 -0.545758
vn -0.987943 0.003965 0.154770
vn -0.294650 -0.792823 -0.533491
vn -0.938151 -0.192006 0.288108
vn -0.388487 0.767207 0.510364
vn -0.299143 0.830303 0.470224
vn -0.386912 0.686688 0.615434
vn -0.283771 0.760436 0.584133
vn -0.224960 0.874789 0.429111
vn -0.000000 0.908384 0.418138
vn -0.208362 0.803238 0.558026
vn -0.000001 0.836277 0.548307
vn 0.006261 -0.897544 0.440881
vn 0.297712 -0.847466 0.439509
vn 0.309256 -0.861440 0.402842
vn 0.002617 -0.902034 0.431657
vn 0.750579 -0.542464 0.377312
vn 0.768903 -0.577677 0.274004
vn 0.720432 -0.517273 0.461959
vn 0.276101 -0.757236 0.591913
vn 0.000303 -0.770907 0.636948
vn 0.978130 0.022732 0.206751
vn 0.998277 0.001968 0.058649
vn 0.808856 0.587646 0.020599
vn 0.811595 0.576751 -0.093125
vn 0.784801 0.593699 0.177790
vn 0.959598 0.033508 0.279371
vn 0.363568 0.921214 -0.138506
vn 0.364036 0.920097 -0.144564
vn -0.014372 0.986273 -0.164499
vn -0.009771 0.989212 -0.146166
vn -0.007965 0.989135 0.146793
vn 0.344122 0.926543 0.151980
vn 0.581704 0.378285 0.720084
vn 0.302902 0.731029 0.611431
vn 0.352305 0.843549 0.405348
vn 0.665711 0.493278 0.559916
vn 0.000549 0.832020 0.554746
vn -0.003921 0.944103 0.329626
vn 0.572539 -0.464888 0.675335
vn 0.693648 -0.015168 0.720154
vn 0.772681 0.061015 0.631855
vn 0.627563 -0.384156 0.677193
vn 0.001106 -0.746038 0.665902
vn 0.285254 -0.701427 0.653170
vn 0.253014 -0.732723 0.631745
vn 0.004684 -0.806602 0.591076
vn 0.262270 0.777081 0.572153
vn 0.654422 0.544042 0.525119
vn -0.009580 0.791099 0.611613
vn 0.807136 0.073273 0.585801
vn 0.574886 -0.390258 0.719170
vn 0.186300 -0.539548 0.821085
vn -0.001528 -0.510913 0.859631
vn 0.262418 0.701146 0.662971
vn 0.550077 0.282822 0.785765
vn 0.000155 0.810108 0.586280
vn 0.666578 -0.091952 0.739743
vn 0.558722 -0.451551 0.695652
vn 0.319639 -0.680040 0.659830
vn 0.000481 -0.742122 0.670265
vn -0.063284 -0.758866 0.648165
vn -0.304717 -0.840620 0.447778
vn -0.469537 -0.407514 0.783241
vn -0.035624 -0.396382 0.917395
vn -0.348297 -0.894731 0.279546
vn -0.721673 -0.365822 0.587675
vn -0.761875 0.106518 0.638906
vn -0.470388 0.042473 0.881437
vn 0.003040 -0.015169 0.999880
vn -0.226612 -0.829220 0.510922
vn 0.144327 -0.954909 0.259457
vn 0.622879 -0.517527 0.586675
vn -0.142247 -0.370081 0.918044
vn 0.398427 -0.909352 -0.119726
vn 0.863619 -0.483014 -0.144431
vn 0.975238 -0.155401 -0.157360
vn 0.758332 -0.121152 0.640511
vn -0.082206 0.012404 0.996538
vn -0.370965 0.486504 0.791011
vn 0.050405 0.372332 0.926730
vn -0.605116 0.547230 0.578251
vn -0.128416 0.947717 0.292133
vn -0.140614 0.872350 0.468223
vn 0.102958 0.723170 0.682953
vn 0.745496 0.309627 0.590226
vn -0.021966 0.397798 0.917210
vn 0.968427 0.207393 -0.138337
vn 0.644433 0.757868 -0.101700
vn 0.429498 0.863524 0.264308
vn 0.056640 0.856714 0.512673
vn -0.011033 0.975861 0.218112
vn 0.138361 0.922077 0.361429
vn -0.001638 0.984519 0.175271
vn 0.025228 0.999681 0.000700
vn 0.006475 0.999960 -0.006237
vn 0.146338 0.989032 0.020051
vn 0.104409 0.976045 0.190879
vn 0.085695 0.980331 0.177787
vn 0.157569 0.919487 0.360161
vn 0.124522 0.969312 0.211962
vn 0.118930 0.992903 0.000338
vn 0.080805 0.996730 0.000098
vn -0.075557 0.966472 -0.245404
vn 0.120570 0.936675 -0.328789
vn 0.014780 0.975325 -0.220278
vn -0.043720 0.852784 -0.520430
vn -0.257443 0.796866 -0.546560
vn 0.057000 0.727016 -0.684251
vn 0.085000 0.968186 -0.235354
vn 0.112448 0.961680 -0.250054
vn 0.078733 0.848200 -0.523792
vn 0.070952 0.849716 -0.522445
vn -0.444675 0.397836 -0.802490
vn -0.019511 0.366638 -0.930159
vn -0.160000 0.455243 -0.875873
vn -0.231829 0.032340 -0.972219
vn -0.517381 0.037268 -0.854943
vn -0.072530 -0.005898 -0.997349
vn -0.002688 0.456824 -0.889553
vn -0.017556 0.471122 -0.881893
vn -0.103738 0.016562 -0.994467
vn -0.076348 0.013115 -0.996995
vn -0.514634 -0.345338 -0.784789
vn -0.108187 -0.422980 -0.899657
vn -0.256418 -0.406013 -0.877157
vn -0.218021 -0.845217 -0.487930
vn -0.393178 -0.771528 -0.500155
vn -0.109722 -0.789129 -0.604348
vn -0.134544 -0.445345 -0.885192
vn -0.162595 -0.464540 -0.870497
vn -0.166453 -0.893339 -0.417420
vn -0.161794 -0.873330 -0.459475
vn -0.250881 -0.944433 -0.212378
vn -0.090845 -0.957255 -0.274608
vn -0.163795 -0.969689 -0.181313
vn -0.149141 -0.988816 0.000663
vn -0.182988 -0.983093 -0.006667
vn -0.078136 -0.996824 0.015395
vn -0.151649 -0.974750 -0.163904
vn -0.137245 -0.980995 -0.137160
vn -0.125514 -0.992092 0.000171
vn -0.147449 -0.989070 0.000209
vn -0.195682 -0.961816 0.191361
vn -0.072585 -0.948568 0.308139
vn -0.186195 -0.971927 0.143837
vn -0.155782 -0.981093 0.114839
vn -0.128589 -0.986010 0.106067
vn -0.106183 -0.961726 0.252604
vn -0.168773 -0.975702 0.139720
vn -0.069345 -0.997361 -0.021518
vn -0.093368 -0.988458 -0.119300
vn 0.588916 -0.730895 -0.344922
vn 0.648092 -0.761480 -0.011168
vn -0.102689 -0.947271 -0.303533
vn 0.380684 -0.619199 -0.686785
vn 0.592869 -0.207771 -0.778034
vn 0.843380 -0.310171 -0.438752
vn 0.938213 -0.346043 -0.003347
vn -0.095156 -0.951974 0.291017
vn -0.093208 -0.991980 0.085368
vn 0.605188 -0.724331 0.330289
vn 0.406811 -0.626105 0.665204
vn 0.844794 -0.310781 0.435589
vn 0.615777 -0.215335 0.757925
vn 0.913132 0.165057 -0.372754
vn 0.983047 0.183349 0.001657
vn 0.681836 0.193281 -0.705509
vn 0.612526 0.653151 -0.445204
vn 0.670647 0.712758 -0.205448
vn 0.692550 0.721215 0.014950
vn 0.911605 0.172066 0.373322
vn 0.708800 0.209312 0.673640
vn 0.671067 0.705731 0.227183
vn 0.627790 0.645645 0.434767
vn -0.156920 -0.982390 -0.101419
vn -0.141109 -0.989994 -0.001002
vn -0.200570 -0.906829 -0.370719
vn -0.261682 -0.907228 -0.329332
vn -0.255737 -0.964338 -0.068194
vn -0.252656 -0.967538 -0.005973
vn -0.208186 -0.473718 -0.855716
vn -0.138505 0.026201 -0.990015
vn -0.036678 0.014051 -0.999228
vn -0.175126 -0.493677 -0.851830
vn -0.153743 -0.983945 0.090635
vn -0.183673 -0.923281 0.337368
vn -0.264400 -0.962789 0.055947
vn -0.262177 -0.912569 0.313816
vn -0.054827 0.009051 0.998455
vn -0.088232 -0.493551 0.865230
vn -0.191143 -0.489023 0.851070
vn -0.125127 0.025371 0.991816
vn -0.149515 -0.528897 0.835412
vn 0.013516 0.006428 0.999888
vn -0.028282 0.492100 -0.870079
vn 0.103193 0.855541 -0.507347
vn 0.229781 0.847942 -0.477697
vn 0.102649 0.487121 -0.867281
vn 0.165521 0.956098 -0.241827
vn 0.187489 0.982266 0.001315
vn 0.318765 0.947815 0.005994
vn 0.291018 0.933772 -0.208273
vn 0.176293 0.958053 0.225956
vn 0.137674 0.875206 0.463746
vn 0.269259 0.850333 0.452143
vn 0.307341 0.928218 0.209650
vn 0.061402 0.484671 0.872539
vn 0.009283 0.512056 0.858902
vn 0.167318 0.519621 0.837854
vn -0.183373 -0.979616 0.082019
vn -0.440871 -0.865791 0.236724
vn 0.042072 -0.993639 0.104461
vn 0.167032 -0.970074 -0.176230
vn -0.185901 -0.982232 0.025730
vn -0.472940 -0.834730 0.282053
vn 0.548091 -0.639346 0.539289
vn 0.724268 -0.115291 0.679812
vn 0.885612 -0.141308 -0.442406
vn 0.750472 -0.522480 -0.404731
vn -0.787007 -0.343457 0.512501
vn -0.810052 0.127173 0.572400
vn -0.734004 -0.322377 0.597755
vn -0.730557 0.116905 0.672770
vn 0.707543 0.448563 0.546053
vn 0.348251 0.929548 0.121087
vn 0.459675 0.872019 -0.168172
vn 0.873214 0.280348 -0.398626
vn 0.127423 0.988603 0.080176
vn -0.167734 0.959070 0.228144
vn -0.183590 0.940759 0.285074
vn 0.146372 0.988960 0.023086
vn -0.652399 0.563419 0.506888
vn -0.599126 0.528947 0.601051
vn -0.133922 -0.989867 0.047207
vn -0.409299 -0.832059 0.374368
vn 0.251122 -0.938704 -0.236165
vn 0.743554 -0.456408 -0.488692
vn 0.848733 -0.135372 -0.511202
vn -0.582607 -0.310487 0.751110
vn -0.547275 0.087277 0.832390
vn 0.847730 0.218952 -0.483129
vn 0.526500 0.821875 -0.217531
vn 0.200999 0.978014 0.055576
vn -0.113607 0.915795 0.385245
vn -0.454064 0.472782 0.755184
vn -0.320151 -0.946031 -0.050285
vn -0.327794 -0.944627 -0.015228
vn -0.271266 -0.915910 -0.295843
vn -0.005814 -0.543297 -0.839521
vn 0.226666 -0.062892 -0.971940
vn -0.334539 -0.942050 0.025026
vn -0.277126 -0.920025 0.277046
vn 0.035922 -0.581932 0.812444
vn 0.297554 -0.081585 0.951213
vn 0.343893 0.389843 -0.854260
vn 0.410081 0.791589 -0.453012
vn 0.447649 0.877196 -0.173603
vn 0.470666 0.882202 0.013915
vn 0.463978 0.864873 0.191623
vn 0.452117 0.780523 0.431711
vn 0.423228 0.414677 0.805556
vn 0.000000 -0.833731 0.552171
vn 0.080510 -0.836164 0.542539
vn 0.103358 -0.590852 0.800131
vn -0.000000 -0.592811 0.805341
vn -0.125387 -0.813226 0.568280
vn -0.116211 -0.564001 0.817556
vn -0.112070 -0.433049 0.894376
vn 0.119436 -0.492005 0.862361
vn -0.000000 -0.500126 0.865953
vn 0.000000 -0.048662 0.998815
vn 0.162803 -0.041509 0.985785
vn 0.194933 0.209988 0.958074
vn 0.000000 0.191356 0.981521
vn -0.005489 -0.004284 0.999976
vn 0.122165 0.251305 0.960167
vn 0.476231 0.411843 0.776910
vn 0.234458 0.313385 0.920228
vn -0.000000 0.297245 0.954801
vn 0.266984 0.336675 0.902978
vn 0.000000 0.327797 0.944748
vn 0.511293 0.355956 0.782225
vn 0.535944 0.294943 0.791058
vn 0.285812 0.282961 0.915557
vn 0.000000 0.280883 0.959742
vn 0.296503 0.069453 0.952503
vn -0.000000 0.074950 0.997187
vn 0.578445 0.147462 0.802282
vn 0.355527 0.295781 -0.886631
vn -0.000000 0.296021 -0.955181
vn 0.704912 0.282086 -0.650789
vn 0.682727 0.221356 -0.696337
vn 0.351942 0.205502 -0.913184
vn 0.000000 0.200209 -0.979753
vn 0.358489 0.131688 -0.924199
vn 0.000000 0.116958 -0.993137
vn 0.673756 0.180392 -0.716597
vn 0.609426 0.287202 -0.738996
vn 0.317814 0.208562 -0.924931
vn 0.000000 0.173452 -0.984842
vn 0.238712 0.248005 -0.938888
vn 0.000652 0.217746 -0.976005
vn 0.421934 0.289690 -0.859099
vn 0.367015 0.081995 -0.926594
vn 0.190379 0.085410 -0.977988
vn 0.003660 0.099496 -0.995031
vn 0.004824 -0.866469 -0.499208
vn 0.223314 -0.828385 -0.513720
vn 0.163814 -0.959986 -0.227137
vn 0.001533 -0.964758 -0.263136
vn 0.138712 -0.776124 -0.615134
vn -0.224288 -0.947705 -0.227046
vn -0.280333 -0.959827 0.012024
vn 0.141191 -0.988930 0.045642
vn -0.001763 -0.999366 -0.035571
vn 0.097488 -0.969085 0.226652
vn 0.000000 -0.972534 0.232760
vn -0.247831 -0.935848 0.250537
vn 0.860173 -0.503796 -0.079328
vn 0.788904 -0.458463 -0.409196
vn 0.800639 -0.406881 -0.439801
vn 0.873734 -0.461497 -0.153653
vn 0.611313 -0.474898 -0.633063
vn 0.651981 -0.430576 -0.624120
vn 0.702384 -0.364908 -0.611146
vn 0.827191 -0.323393 -0.459535
vn 0.914306 -0.340808 -0.218848
vn 0.564394 -0.706777 0.426528
vn 0.790239 -0.582460 0.190427
vn 0.829484 -0.548949 0.103011
vn 0.747003 -0.604988 0.275639
vn 0.922936 -0.383611 0.032131
vn 0.881339 -0.419366 0.217655
vn 0.964121 0.172725 -0.201587
vn 0.887893 0.128832 -0.441643
vn 0.865036 0.310393 -0.394168
vn 0.919581 0.355420 -0.167474
vn 0.800627 0.086673 -0.592861
vn 0.789376 0.274697 -0.549024
vn 0.780734 0.379433 -0.496472
vn 0.835682 0.427912 -0.344276
vn 0.867981 0.480538 -0.125269
vn 0.961554 0.185683 0.202329
vn 0.979965 0.192995 0.049216
vn 0.925631 0.374308 0.055682
vn 0.908568 0.371111 0.191785
vn 0.848905 0.522958 0.076652
vn 0.815771 0.543112 0.198865
vn -0.651880 -0.755836 -0.061358
vn -0.565148 -0.808379 -0.164715
vn 0.001487 -0.997391 -0.072169
vn 0.000367 -0.997844 -0.065637
vn -0.582716 -0.775472 -0.243076
vn 0.000507 -0.988951 -0.148241
vn 0.583135 -0.773109 -0.249511
vn 0.570780 -0.806033 -0.156593
vn 0.652379 -0.755750 -0.056945
vn 0.319994 -0.576441 -0.751877
vn 0.464569 -0.506629 -0.726294
vn 0.378245 -0.563169 -0.734692
vn 0.368768 -0.448970 -0.813902
vn 0.533722 -0.430522 -0.727868
vn -0.000001 -1.000000 -0.000000
vn -0.208083 -0.977597 -0.031709
vn 0.000346 -0.998839 -0.048180
vn -0.000000 -1.000000 -0.000000
vn 0.211306 -0.976901 -0.031852
vn 0.000000 -1.000000 0.000000
vn -0.422621 -0.247064 0.871981
vn -0.471500 -0.356958 0.806392
vn 0.168742 -0.597027 0.784274
vn 0.211843 -0.470211 0.856752
vn -0.260432 -0.663651 0.701243
vn 0.151201 -0.746702 0.647746
vn 0.354514 -0.718829 0.598001
vn 0.470113 -0.626812 0.621370
vn 0.593026 -0.491157 0.638032
vn 0.627155 0.292862 -0.721740
vn 0.624040 0.072512 -0.778021
vn 0.688326 0.395266 -0.608253
vn 0.855630 0.363706 -0.368260
vn 0.811305 0.463002 -0.356950
vn 0.920927 0.388776 -0.027307
vn 0.844165 0.531772 -0.067845
vn 0.854340 0.432424 0.288292
vn 0.770889 0.613529 0.171211
vn 0.676883 0.664619 0.316403
vn 0.100596 0.470208 0.876804
vn -0.110885 0.321865 0.940270
vn 0.396018 0.401443 0.825841
vn 0.462395 0.522259 0.716545
vn -0.206225 0.149618 0.966998
vn 0.367147 0.187775 0.911012
vn 0.743179 0.179835 0.644472
vn 0.692656 0.392296 0.605254
vn 0.636110 0.486488 0.598911
vn -0.717263 -0.659041 -0.226271
vn -0.795899 -0.605337 0.010582
vn -0.248755 -0.728135 -0.638702
vn -0.450579 -0.605570 -0.655945
vn -0.854633 -0.461439 -0.238069
vn -0.910875 -0.412600 0.008251
vn 0.287001 -0.587614 -0.756532
vn 0.579142 -0.500660 -0.643377
vn 0.549235 -0.502392 -0.667790
vn 0.168830 -0.570633 -0.803663
vn 0.786871 -0.481112 -0.386479
vn 0.861182 -0.506643 -0.040970
vn 0.864438 -0.502305 -0.020909
vn 0.797382 -0.481431 -0.363876
vn -0.721268 -0.648630 0.243006
vn -0.437751 -0.726417 0.529804
vn -0.846034 -0.472710 0.246521
vn -0.530732 -0.628416 0.568698
vn 0.792271 -0.563725 0.233497
vn 0.528929 -0.686527 0.498914
vn 0.497607 -0.671293 0.549321
vn 0.791832 -0.555092 0.254706
vn 0.045071 -0.786225 0.616294
vn -0.008830 -0.748210 0.663403
vn -0.035871 -0.710629 0.702652
vn -0.869563 -0.375594 -0.320610
vn -0.926412 -0.376510 0.001315
vn -0.515833 -0.412287 -0.750957
vn -0.610065 -0.120487 -0.783137
vn -0.917522 -0.183184 -0.352983
vn -0.976596 -0.213726 0.024097
vn 0.024304 -0.388160 -0.921271
vn 0.528856 -0.376511 -0.760625
vn 0.593398 -0.128316 -0.794616
vn -0.045637 -0.089467 -0.994944
vn 0.852075 -0.385879 -0.353645
vn 0.903991 -0.427409 -0.011024
vn 0.975951 -0.216429 0.026040
vn 0.924132 -0.188872 -0.332126
vn -0.841629 -0.450232 0.298247
vn -0.492732 -0.588602 0.640908
vn -0.895737 -0.270150 0.353094
vn -0.540146 -0.273991 0.795721
vn 0.816209 -0.502104 0.285824
vn 0.483227 -0.618309 0.619828
vn 0.539792 -0.280113 0.793827
vn 0.899255 -0.274557 0.340528
vn -0.013574 -0.643900 0.764989
vn -0.006061 -0.250463 0.968107
vn -0.931570 -0.249572 -0.264370
vn -0.979396 -0.201929 0.002855
vn -0.857738 -0.211927 -0.468372
vn -0.341895 0.331512 -0.879322
vn -0.052715 0.389218 -0.919636
vn -0.057227 -0.000000 -0.998361
vn -0.414223 0.000001 -0.910175
vn 0.239178 0.331511 -0.912630
vn 0.307508 -0.000000 -0.951546
vn 0.239173 -0.331515 -0.912630
vn -0.052714 -0.389224 -0.919634
vn -0.341891 -0.331515 -0.879323
vn 0.935502 -0.252888 -0.246745
vn 0.857249 -0.218385 -0.466297
vn 0.978909 -0.204154 0.007645
vn -0.317439 0.786970 0.529066
vn -0.687933 0.587058 0.426745
vn -0.846563 -0.000001 0.532289
vn -0.468398 0.000001 0.883518
vn -0.933145 0.150964 0.326269
vn -0.943860 -0.000001 0.330346
vn -0.933144 -0.150971 0.326268
vn -0.687929 -0.587064 0.426742
vn -0.317433 -0.786978 0.529057
vn 0.937515 0.139450 0.318778
vn 0.698206 0.578922 0.421139
vn 0.852933 -0.000001 0.522021
vn 0.946700 0.000000 0.322118
vn 0.318142 0.786661 0.529104
vn 0.466155 0.000001 0.884703
vn 0.318136 -0.786669 0.529095
vn 0.698200 -0.578931 0.421135
vn 0.937514 -0.139458 0.318777
vn -0.003044 0.834188 0.551473
vn -0.005488 0.000000 0.999985
vn -0.003044 -0.834194 0.551462
vn -0.903242 0.217764 0.369774
vn -0.224810 0.838306 0.496693
vn -0.979796 -0.061074 0.190448
vn -0.966559 0.250494 -0.054929
vn -0.389320 0.920453 -0.034606
vn 0.000000 1.000000 0.000000
vn -0.990344 -0.074755 0.116746
vn -0.954654 -0.292049 0.057818
vn -0.966557 -0.250500 -0.054929
vn -0.998439 0.000000 -0.055850
vn -0.506295 -0.861985 0.025440
vn -0.000001 -1.000000 0.000000
vn -0.000000 -1.000000 -0.000000
vn -0.389323 -0.920451 -0.034607
vn 0.911993 0.187836 0.364674
vn 0.979525 -0.070942 0.188409
vn 0.224809 0.835482 0.501429
vn 0.000000 1.000000 -0.000000
vn 0.399293 0.916121 -0.035894
vn 0.969195 0.240060 -0.055072
vn 0.519034 -0.854348 0.026333
vn 0.000001 -1.000000 0.000000
vn 0.957177 -0.283562 0.058345
vn 0.969193 -0.240066 -0.055073
vn 0.399291 -0.916121 -0.035894
vn 0.000000 -1.000000 -0.000000
vn 0.990255 -0.075314 0.117147
vn 0.998438 0.000001 -0.055875
vn -0.002875 0.882924 0.469508
vn 0.000000 1.000000 0.000000
vn -0.000000 -1.000000 0.000000
vn 0.000000 -1.000000 -0.000000
vn -0.302000 0.952400 -0.041604
vn 0.000000 1.000000 -0.000000
vn -0.935212 0.325966 -0.138290
vn -0.924326 0.372727 -0.081828
vn -0.259187 0.965711 -0.014943
vn 0.000000 1.000000 -0.000000
vn 0.000000 1.000000 -0.000000
vn 0.000000 1.000000 -0.000000
vn 0.000000 1.000000 -0.000000
vn 0.000000 1.000000 -0.000000
vn 0.309117 0.950059 -0.042830
vn 0.938933 0.314719 -0.139127
vn 0.265243 0.964062 -0.015175
vn 0.929150 0.360371 -0.082544
vn 0.988721 0.000001 -0.149768
vn 0.938931 -0.314727 -0.139127
vn 0.995631 0.000001 -0.093379
vn 0.929146 -0.360381 -0.082543
vn 0.309117 -0.950059 -0.042829
vn 0.000000 -1.000000 -0.000000
vn 0.265244 -0.964062 -0.015175
vn 0.000000 -1.000000 0.000000
vn 0.000000 -1.000000 -0.000000
vn -0.000000 -1.000000 -0.000000
vn -0.000000 -1.000000 0.000000
vn -0.000000 -1.000000 0.000000
vn -0.302001 -0.952399 -0.041604
vn -0.935210 -0.325972 -0.138289
vn -0.259187 -0.965712 -0.014943
vn -0.924323 -0.372735 -0.081827
vn -0.988743 -0.000000 -0.149623
vn -0.995644 0.000000 -0.093239
vn -0.291014 0.951653 0.098328
vn -0.045347 0.995268 0.085937
vn -0.916763 0.383514 0.111635
vn -0.000349 0.996658 0.081688
vn 0.045786 0.995234 0.086101
vn 0.297714 0.949577 0.098339
vn 0.922788 0.369081 0.110641
vn 0.993509 -0.000000 0.113757
vn 0.922785 -0.369089 0.110641
vn 0.297702 -0.949581 0.098335
vn 0.045786 -0.995234 0.086101
vn -0.000349 -0.996658 0.081688
vn -0.045347 -0.995268 0.085937
vn -0.291004 -0.951656 0.098324
vn -0.916759 -0.383523 0.111635
vn -0.993360 -0.000001 0.115052
vn -0.053623 0.076412 -0.995633
vn -0.484963 0.057715 -0.872628
vn 0.408067 0.056085 -0.911228
vn 0.727101 -0.109938 -0.677670
vn 0.535208 -0.663703 -0.522543
vn -0.019422 -0.889873 -0.455795
vn -0.571518 -0.660359 -0.487128
vn -0.772438 -0.103535 -0.626594
vn -0.598519 -0.325265 0.732105
vn -0.608230 -0.176257 0.773945
vn -0.334436 -0.697492 0.633765
vn 0.098544 -0.817482 0.567462
vn 0.441891 -0.738579 0.509149
vn 0.645929 -0.620961 0.444053
vn 0.795389 -0.449850 0.406190
vn -0.258905 0.255282 0.931558
vn 0.028329 0.497820 0.866818
vn -0.414642 0.067889 0.907449
vn 0.862761 0.365890 0.348953
vn 0.915032 0.170829 0.365422
vn 0.764023 0.528854 0.369570
vn 0.554361 0.653497 0.515389
vn 0.897733 0.280114 -0.340018
vn 0.964431 0.264244 -0.006974
vn 0.860456 0.256658 -0.440161
vn 0.904553 0.220996 -0.364616
vn 0.929141 0.208455 -0.305358
vn 0.985078 0.172054 0.004380
vn 0.873498 0.214053 -0.437244
vn 0.876500 0.233617 -0.420918
vn 0.910977 0.250142 -0.327948
vn 0.915531 0.209181 -0.343578
vn 0.910704 0.281219 0.302547
vn 0.812545 0.327554 0.482160
vn 0.937957 0.190136 0.289974
vn 0.879735 0.233347 0.414265
vn 0.741693 0.328846 0.584596
vn 0.731851 0.300316 0.611722
vn 0.815305 0.264986 0.514840
vn 0.767313 0.295843 0.568953
vn 0.887060 0.265978 -0.377333
vn 0.914834 0.236839 -0.327088
vn 0.923177 0.298939 -0.241620
vn 0.914328 0.290774 -0.281878
vn 0.956745 0.208765 -0.202626
vn 0.967601 0.244607 0.062578
vn 0.927375 0.369115 0.061072
vn 0.929784 0.324417 -0.173943
vn 0.930135 0.202873 0.306090
vn 0.862165 0.171431 0.476741
vn 0.847225 0.341632 0.406815
vn 0.885440 0.358309 0.295990
vn 0.766292 0.256686 0.588990
vn 0.794174 0.325677 0.513052
vn 0.871162 -0.228233 -0.434726
vn 0.942361 -0.334372 0.012316
vn 0.790346 -0.097527 -0.604848
vn 0.263037 -0.633370 -0.727773
vn 0.258904 -0.875286 -0.408465
vn 0.248040 -0.968556 0.019369
vn 0.708921 0.022501 -0.704929
vn 0.634670 0.218313 -0.741305
vn 0.222084 0.085784 -0.971246
vn 0.244734 -0.293416 -0.924128
vn 0.870954 -0.229342 0.434559
vn 0.767037 -0.096453 0.634312
vn 0.255632 -0.860088 0.441476
vn 0.257424 -0.593562 0.762507
vn 0.590907 0.007940 0.806701
vn 0.457119 0.191225 0.868605
vn 0.238279 -0.266276 0.933981
vn 0.223924 0.081553 0.971189
vn 0.627374 0.407933 -0.663319
vn 0.682782 0.527238 -0.505795
vn 0.218539 0.671066 -0.708457
vn 0.213785 0.395289 -0.893332
vn 0.701048 0.632897 -0.328591
vn 0.698907 0.714325 0.035620
vn 0.207798 0.977831 0.025806
vn 0.211472 0.890166 -0.403590
vn 0.654807 0.643633 0.396187
vn 0.582612 0.559943 0.589090
vn 0.222595 0.672770 0.705572
vn 0.213685 0.868489 0.447286
vn 0.443443 0.409159 0.797463
vn 0.220455 0.418239 0.881179
vn 0.019829 -0.999630 0.018622
vn 0.024343 -0.946518 -0.321731
vn -0.022947 -0.952402 -0.303980
vn -0.027542 -0.999496 0.015782
vn 0.037582 -0.754873 -0.654793
vn -0.006403 -0.769909 -0.638122
vn 0.057627 -0.402761 -0.913489
vn 0.025022 -0.413858 -0.909998
vn 0.078281 0.002830 -0.996927
vn 0.061238 -0.004029 -0.998115
vn 0.037264 -0.712332 0.700852
vn 0.023563 -0.932872 0.359436
vn -0.023830 -0.941205 0.336996
vn -0.006564 -0.733188 0.679995
vn 0.077151 -0.004245 0.997010
vn 0.056253 -0.365266 0.929202
vn 0.023918 -0.379881 0.924726
vn 0.058914 -0.010504 0.998208
vn 0.096646 0.347082 -0.932842
vn 0.095469 0.351262 -0.931397
vn 0.117999 0.674683 -0.728615
vn 0.133702 0.689345 -0.711988
vn 0.135028 0.912600 -0.385914
vn 0.161687 0.917363 -0.363733
vn 0.142141 0.989532 0.024962
vn 0.171400 0.984973 0.021215
vn 0.134584 0.893820 0.427755
vn 0.160397 0.902888 0.398830
vn 0.119048 0.675197 0.727968
vn 0.134293 0.692162 0.709139
vn 0.099046 0.359260 0.927967
vn 0.097316 0.362979 0.926702
vn 0.092859 0.891388 0.443627
vn 0.093583 0.995261 0.026428
vn 0.092806 0.674158 0.732733
vn 0.085921 0.672241 0.735329
vn 0.085770 0.893167 0.441471
vn 0.086236 0.995926 0.026369
vn 0.091735 0.912258 -0.399213
vn 0.091136 0.673509 -0.733539
vn 0.084716 0.913839 -0.397141
vn 0.084319 0.671726 -0.735986
vn 0.091509 0.359115 -0.928796
vn 0.096380 0.025154 -0.995027
vn 0.084566 0.351110 -0.932508
vn 0.088993 0.013385 -0.995942
vn 0.103277 -0.374344 -0.921521
vn 0.107492 -0.724044 -0.681326
vn 0.095293 -0.387681 -0.916855
vn 0.098987 -0.736204 -0.669481
vn 0.108479 -0.929507 -0.352491
vn 0.108485 -0.993908 0.019446
vn 0.099441 -0.935123 -0.340083
vn 0.099159 -0.994879 0.019555
vn 0.107157 -0.914677 0.389723
vn 0.105303 -0.680828 0.724834
vn 0.098294 -0.920520 0.378130
vn 0.097039 -0.692930 0.714445
vn 0.100711 -0.337927 0.935768
vn 0.097142 0.019218 0.995085
vn 0.092891 -0.349789 0.932212
vn 0.089626 0.006710 0.995953
vn 0.094322 0.374414 0.922452
vn 0.087207 0.364658 0.927049
vn 0.091316 0.894206 0.438243
vn 0.094177 0.995212 0.026161
vn 0.087126 0.672696 0.734771
vn 0.090756 0.914487 -0.394306
vn 0.085832 0.672521 -0.735084
vn 0.081008 0.348155 -0.933930
vn 0.079455 0.008038 -0.996806
vn 0.078315 -0.394895 -0.915382
vn 0.075487 -0.744948 -0.662838
vn 0.071484 -0.940703 -0.331615
vn 0.069398 -0.997400 0.019437
vn 0.070572 -0.926269 0.370198
vn 0.074176 -0.701165 0.709131
vn 0.076363 -0.356780 0.931062
vn 0.079627 0.000976 0.996824
vn 0.083433 0.360963 0.928840
vn 0.591869 -0.247465 -0.767106
vn 0.766985 -0.194633 -0.611434
vn 0.358201 -0.242682 -0.901553
vn 0.873589 -0.142575 -0.465311
vn 0.966842 -0.111591 -0.229705
vn 0.994610 -0.098781 0.031523
vn 0.971406 -0.110018 0.210396
vn 0.909817 -0.151885 0.386217
vn 0.720715 -0.199828 0.663806
vn -0.343580 -0.098256 0.933969
vn 0.288668 -0.197424 0.936853
vn -0.074390 -0.300077 0.951010
vn -0.526692 -0.091571 0.845110
vn 0.138081 -0.361909 0.921930
vn -0.000000 -0.368488 0.929632
vn 0.238147 -0.153817 -0.958972
vn 0.009956 0.007414 -0.999923
vn 0.365386 -0.429773 -0.825705
vn 0.670252 -0.345556 -0.656775
vn 0.465373 0.171964 -0.868249
vn 0.027169 0.451877 -0.891666
vn 0.000694 -0.838075 -0.545555
vn 0.504047 -0.721859 -0.474191
vn 0.318744 -0.632125 -0.706272
vn 0.003437 -0.756630 -0.653834
vn 0.594603 -0.803848 0.016626
vn 0.979893 -0.061562 -0.189790
vn -0.022734 -0.999476 0.023030
vn -0.036714 -0.929815 0.366192
vn 0.630278 -0.741492 0.230085
vn 0.972744 0.105395 -0.206544
vn 0.712232 -0.667282 0.217855
vn 0.910242 0.222838 -0.349001
vn -0.041760 -0.889777 0.454482
vn -0.070083 -0.880977 0.467940
vn 0.754573 -0.626407 0.195537
vn 0.864649 0.334426 -0.374888
vn 0.619763 -0.747482 0.239090
vn 0.901788 0.324932 -0.284953
vn -0.102324 -0.903769 0.415609
vn -0.109442 -0.955881 0.272606
vn 0.435973 -0.878737 0.194290
vn 0.978822 0.147027 -0.142449
vn 0.405846 -0.911395 0.068175
vn 0.997323 0.004740 -0.072971
vn -0.075044 -0.991793 0.103514
vn -0.026270 -0.999604 0.010045
vn 0.442220 -0.896419 -0.029571
vn 0.994815 -0.020541 -0.099602
vn 0.425288 -0.899585 -0.099381
vn 0.982823 -0.035592 -0.181084
vn -0.001932 -0.999455 -0.032954
vn 0.000255 -0.998910 -0.046669
vn 0.351755 -0.923534 -0.152819
vn 0.952303 -0.071575 -0.296643
vn 0.283299 -0.946319 -0.155631
vn 0.917621 -0.118048 -0.379522
vn -0.003013 -0.998725 -0.050391
vn -0.004801 -0.997582 -0.069328
vn 0.254130 -0.958352 -0.130309
vn 0.954749 -0.045788 -0.293866
vn 0.244284 -0.964777 -0.097629
vn 0.984185 0.166442 -0.060642
vn -0.007954 -0.995536 -0.094051
vn -0.011927 -0.991175 -0.132023
vn 0.278290 -0.959936 -0.032831
vn 0.900038 0.305718 0.310595
vn 0.426818 -0.896225 0.120856
vn 0.803723 0.219789 0.552921
vn 0.036359 -0.990983 -0.128958
vn 0.000003 -0.983170 -0.182693
vn 0.019617 -0.945057 -0.326316
vn -0.082849 -0.295533 -0.951733
vn 0.627486 0.678546 -0.381886
vn 0.052080 0.905534 -0.421066
vn 0.568567 0.715667 -0.405650
vn 0.049650 0.913892 -0.402910
vn 0.496714 0.689154 -0.527581
vn 0.029126 0.861244 -0.507356
vn 0.495303 0.694548 -0.521803
vn 0.048256 0.845919 -0.531124
vn 0.531579 0.728134 -0.432719
vn 0.085932 0.872638 -0.480748
vn 0.552491 0.783341 -0.284835
vn 0.100645 0.940301 -0.325124
vn 0.533633 0.835130 -0.133392
vn 0.075361 0.987495 -0.138471
vn 0.514107 0.853832 -0.081637
vn 0.036311 0.998153 -0.048700
vn 0.522309 0.845361 -0.112064
vn 0.015735 0.999739 -0.016585
vn 0.542478 0.820905 -0.178420
vn 0.013241 0.999911 0.001345
vn 0.528016 0.830190 -0.178842
vn -0.002880 0.999354 0.035812
vn 0.468974 0.880497 -0.069200
vn -0.012637 0.997676 0.066958
vn 0.405032 0.912225 0.061609
vn -0.023694 0.996226 0.083504
vn 0.383984 0.897644 0.216315
vn -0.026681 0.996262 0.082160
vn 0.439888 0.813673 0.380046
vn 0.078729 0.982459 0.169043
vn 0.009065 0.997858 -0.064793
vn -0.000003 0.993045 0.117736
vn -0.475928 0.177692 0.861347
vn -0.419328 0.140792 0.896851
vn -0.328926 0.216103 0.919297
vn -0.403684 0.259355 0.877368
vn -0.430986 0.114588 0.895054
vn -0.350277 0.196028 0.915904
vn -0.353800 0.205523 0.912461
vn -0.349380 0.216013 0.911741
vn -0.447505 0.247801 0.859263
vn -0.372278 0.191399 0.908171
vn -0.452403 0.213301 0.865930
vn -0.363258 0.196185 0.910799
vn -0.361694 0.199866 0.910621
vn -0.363630 0.203548 0.909033
vn -0.423294 0.250564 0.870655
vn -0.359447 0.252153 0.898453
vn -0.391797 0.354143 0.849163
vn -0.362294 0.232226 0.902671
vn -0.360419 0.360334 0.860382
vn -0.370918 0.393853 0.841011
vn -0.382174 0.495312 0.780134
vn -0.426181 0.109210 0.898022
vn -0.370654 0.191234 0.908870
vn -0.408924 0.098130 0.907277
vn -0.374935 0.188741 0.907635
vn -0.370334 0.203233 0.906393
vn -0.366134 0.204191 0.907883
vn -0.369027 0.201960 0.907211
vn -0.371050 0.203345 0.906075
vn -0.369764 0.204270 0.906393
vn -0.368587 0.202360 0.907301
vn -0.364026 0.220912 0.904811
vn -0.360266 0.218749 0.906839
vn -0.309923 0.303587 0.900990
vn -0.339262 0.323313 0.883386
vn -0.375250 0.081285 0.923353
vn -0.365789 0.179099 0.913303
vn -0.321772 0.018618 0.946634
vn -0.315315 0.111227 0.942446
vn -0.307075 0.143990 0.940729
vn -0.362271 0.195238 0.911396
vn -0.361240 0.198229 0.911159
vn -0.300534 0.164459 0.939485
vn -0.285182 0.188237 0.939807
vn -0.357290 0.202844 0.911701
vn -0.344003 0.218043 0.913301
vn -0.261916 0.224284 0.938667
vn -0.192041 0.289958 0.937574
vn -0.272005 0.287175 0.918446
vn -0.455773 0.755585 0.470492
vn -0.101507 0.819512 -0.564000
vn -0.249656 0.560340 -0.789741
vn -0.626991 0.693987 0.353927
vn 0.297970 0.154832 -0.941935
vn 0.272025 0.027780 -0.961889
vn 0.234422 -0.040607 -0.971287
vn -0.302826 0.357204 -0.883573
vn -0.766860 0.597178 0.235170
vn -0.354135 0.182370 -0.917240
vn -0.881894 0.456265 0.118684
vn 0.202947 -0.102654 -0.973794
vn 0.171251 -0.167452 -0.970893
vn -0.426099 -0.001393 -0.904676
vn -0.974028 0.225013 0.025252
vn -0.535773 -0.208459 -0.818225
vn -0.997571 -0.062905 0.029909
vn 0.136366 -0.244711 -0.959959
vn 0.024768 -0.359824 -0.932691
vn -0.663841 -0.467745 -0.583549
vn -0.945283 -0.289101 0.151196
vn 0.398210 0.081610 -0.913657
vn 0.369377 -0.054034 -0.927708
vn 0.473306 0.068899 -0.878199
vn 0.410715 -0.055391 -0.910080
vn 0.370119 -0.108648 -0.922609
vn 0.337415 -0.106567 -0.935305
vn 0.308560 -0.155542 -0.938402
vn 0.333937 -0.167816 -0.927537
vn 0.310215 -0.235308 -0.921085
vn 0.289003 -0.206521 -0.934787
vn 0.266918 -0.266238 -0.926214
vn 0.296825 -0.307330 -0.904126
vn 0.228203 -0.447720 -0.864564
vn 0.159751 -0.388282 -0.907588
vn 0.542925 0.074262 -0.836491
vn 0.445379 -0.042748 -0.894321
vn 0.634228 0.094265 -0.767378
vn 0.487016 -0.027350 -0.872965
vn 0.413884 -0.085148 -0.906339
vn 0.391755 -0.098905 -0.914738
vn 0.344751 -0.169876 -0.923195
vn 0.351293 -0.162654 -0.922029
vn 0.304891 -0.291525 -0.906672
vn 0.312634 -0.264289 -0.912366
vn 0.305618 -0.360173 -0.881404
vn 0.301105 -0.424681 -0.853804
vn 0.301628 -0.591949 -0.747407
vn 0.279094 -0.509077 -0.814216
vn 0.745951 0.108848 -0.657046
vn 0.549871 -0.014918 -0.835117
vn 0.844992 0.138015 -0.516663
vn 0.642783 0.015914 -0.765883
vn 0.508122 -0.016620 -0.861125
vn 0.448114 -0.064702 -0.891632
vn 0.361389 -0.142578 -0.921449
vn 0.387041 -0.104390 -0.916134
vn 0.282163 -0.317394 -0.905343
vn 0.292250 -0.313816 -0.903388
vn 0.283944 -0.494556 -0.821456
vn 0.235847 -0.542783 -0.806079
vn 0.239454 -0.761987 -0.601696
vn 0.302906 -0.686343 -0.661196
vn -0.192808 -0.849040 -0.491890
vn -0.426024 -0.705371 -0.566529
vn -0.640403 -0.506393 0.577451
vn -0.831795 -0.434216 0.345793
vn 0.107265 -0.976352 -0.187698
vn -0.003916 -0.931976 -0.362499
vn -0.315332 -0.442924 0.839276
vn -0.448177 -0.478309 0.755220
vn 0.100065 -0.992951 0.063527
vn 0.160882 -0.986956 -0.005825
vn -0.345204 -0.425760 0.836399
vn -0.227433 -0.461553 0.857463
vn 0.325119 0.694811 -0.641510
vn -0.249678 0.790890 0.558708
vn 0.033652 0.799003 0.600385
vn 0.563283 0.557919 -0.609458
vn 0.718508 0.467194 -0.515244
vn 0.337185 0.746105 0.574138
vn 0.628077 0.598749 0.497010
vn 0.844047 0.395366 -0.362312
vn 0.935516 0.316380 -0.157205
vn 0.663744 0.450472 0.597092
vn -0.008901 0.542799 0.839816
vn 0.937324 0.343903 0.056176
vn -0.185667 -0.655387 -0.732117
vn -0.149714 -0.659404 -0.736731
vn -0.355108 -0.142197 -0.923947
vn -0.691799 -0.300323 -0.656674
vn -0.320638 -0.685611 -0.653551
vn -0.255585 -0.646844 -0.718519
vn -0.431042 -0.704864 -0.563355
vn -0.364226 -0.629661 -0.686198
vn -0.530354 -0.733903 -0.424396
vn -0.652582 -0.658390 -0.375045
vn -0.597437 -0.639310 -0.484099
vn -0.508389 -0.592835 -0.624569
vn -0.842064 -0.468042 -0.268076
vn -0.613374 -0.762639 -0.205315
vn -0.854719 -0.517324 0.042788
vn -0.625502 -0.780030 0.017307
vn -0.679376 -0.731659 -0.055894
vn -0.685027 -0.691037 -0.230665
vn -0.804096 -0.516032 0.295194
vn -0.589846 -0.782209 0.200576
vn -0.563617 -0.558336 0.608766
vn -0.520242 -0.791876 0.319813
vn -0.589568 -0.770030 0.243853
vn -0.631685 -0.764288 0.129758
vn -0.405298 -0.858123 0.315213
vn -0.455238 -0.844829 0.281110
vn -0.427034 -0.804265 0.413280
vn -0.500539 -0.749549 0.433170
vn -0.582149 -0.722309 0.373325
vn -0.574394 -0.770508 0.276386
vn -0.256989 -0.922315 0.288604
vn -0.241971 -0.490916 0.836930
vn -0.261349 -0.885435 0.384320
vn -0.388686 -0.378368 0.840095
vn -0.471478 -0.397761 0.787080
vn -0.262286 0.006053 0.964971
vn -0.262476 -0.009547 0.964891
vn -0.186569 -0.272337 0.943941
vn -0.390529 -0.329840 0.859472
vn -0.651864 -0.415376 0.634457
vn -0.629541 -0.560545 0.538022
vn -0.183639 0.843989 0.503944
vn -0.155497 0.729201 0.666398
vn -0.227071 0.929534 0.290526
vn -0.412761 0.870525 0.267981
vn -0.406334 0.819906 0.403295
vn -0.379924 0.725031 0.574446
vn -0.588905 0.728504 0.349961
vn -0.552453 0.655517 0.514872
vn -0.591529 0.766884 0.248962
vn -0.809483 0.553773 0.195124
vn -0.791090 0.540762 0.285926
vn -0.747785 0.495771 0.441622
vn -0.404041 0.899384 0.166913
vn -0.571888 0.806284 0.151165
vn -0.415308 0.909327 -0.025361
vn -0.570369 0.819624 -0.053807
vn -0.714809 0.691083 -0.107019
vn -0.736580 0.668804 0.100752
vn -0.230696 0.957261 0.174443
vn -0.238600 0.971078 -0.008771
vn -0.247490 0.941819 -0.227432
vn -0.250775 0.829565 -0.498933
vn -0.443710 0.747554 -0.494251
vn -0.435252 0.864226 -0.252329
vn -0.584299 0.754318 -0.299329
vn -0.571400 0.631563 -0.524052
vn -0.659927 0.520706 -0.541629
vn -0.679331 0.658158 -0.324557
vn -0.382651 0.569203 -0.727727
vn -0.516632 0.490213 -0.701985
vn -0.336952 0.489538 -0.804249
vn -0.475871 0.459856 -0.749720
vn -0.578813 0.450177 -0.679938
vn -0.576587 0.428847 -0.695440
vn -0.221134 0.604642 -0.765185
vn -0.191236 0.507575 -0.840117
vn -0.185479 0.489341 -0.852140
vn -0.180555 0.318910 -0.930428
vn -0.346541 0.309087 -0.885649
vn -0.344802 0.467567 -0.813937
vn -0.481455 0.435567 -0.760581
vn -0.496725 0.294904 -0.816269
vn -0.638527 0.278672 -0.717374
vn -0.598934 0.405512 -0.690535
vn -0.343528 0.119024 -0.931570
vn -0.504690 0.116626 -0.855387
vn -0.337659 -0.105455 -0.935343
vn -0.498240 -0.106133 -0.860519
vn -0.670700 -0.087904 -0.736501
vn -0.671502 0.113372 -0.732278
vn -0.175633 0.123719 -0.976651
vn -0.173489 -0.097810 -0.979967
vn -0.175059 -0.306822 -0.935529
vn -0.174540 -0.459610 -0.870801
vn -0.313899 -0.448854 -0.836659
vn -0.328395 -0.312662 -0.891291
vn -0.470340 -0.307433 -0.827204
vn -0.435442 -0.430582 -0.790563
vn -0.576498 -0.416078 -0.703228
vn -0.624813 -0.273781 -0.731199
vn -0.283995 -0.549754 -0.785568
vn -0.395216 -0.521448 -0.756238
vn -0.538906 -0.517421 -0.664723
vn -0.164174 -0.572839 -0.803058
vn -0.678915 -0.550396 -0.485942
vn -0.753048 -0.555233 -0.353036
vn -0.822660 -0.454789 -0.341170
vn -0.727421 -0.432071 -0.533079
vn -0.776300 -0.232681 -0.585847
vn -0.884205 -0.254161 -0.391898
vn -0.861602 -0.109610 -0.495609
vn -0.796248 -0.060296 -0.601958
vn -0.863678 -0.440604 -0.244805
vn -0.922830 -0.307739 -0.231693
vn -0.899577 -0.411893 -0.145280
vn -0.943194 -0.310023 -0.119463
vn -0.956235 -0.273104 -0.105020
vn -0.930065 -0.245611 -0.273231
vn -0.793279 -0.546075 -0.269279
vn -0.817507 -0.559202 -0.137753
vn -0.783697 0.097844 -0.613388
vn -0.784436 0.072351 -0.615976
vn -0.729590 0.243348 -0.639125
vn -0.730304 0.261957 -0.630900
vn -0.647406 0.376277 -0.662783
vn -0.667964 0.345765 -0.658993
vn -0.919161 0.311044 0.241649
vn -0.922986 0.246257 0.295727
vn -0.914054 0.335074 0.228539
vn -0.917535 0.350926 0.187031
vn -0.900187 0.187966 0.392852
vn -0.880755 0.310063 0.357955
vn -0.971849 -0.047929 0.230680
vn -0.936920 -0.036990 0.347581
vn -0.917785 0.166069 0.360682
vn -0.938928 0.189174 0.287449
vn -0.772993 0.025062 0.633919
vn -0.836420 0.177755 0.518464
vn -0.810067 -0.582908 0.063319
vn -0.763214 -0.608831 0.216402
vn -0.890717 -0.408665 0.199041
vn -0.913268 -0.405746 0.036221
vn -0.962100 -0.268723 0.046383
vn -0.949925 -0.243798 0.195460
vn -0.977002 -0.199270 0.075889
vn -0.838583 -0.437408 0.324734
vn -0.915731 -0.240523 0.321848
vn -0.734759 -0.193777 0.650061
vn -0.727668 -0.610857 0.312016
vn -0.359835 0.244953 0.900287
vn -0.334514 0.421100 0.843075
vn -0.263525 0.252152 0.931114
vn -0.609880 0.337725 0.716930
vn -0.316513 0.594091 0.739510
vn -0.265659 0.422998 0.866313
vn -0.243705 0.536245 0.808114
vn -0.286239 0.135768 0.948490
vn -0.371906 0.429180 0.823099
vn -0.468884 0.108564 0.876562
vn -0.387810 0.201411 0.899465
vn -0.499009 0.113560 0.859124
vn -0.511696 0.311201 0.800825
vn -0.310307 -0.199362 0.929497
vn -0.426224 -0.305853 0.851344
vn -0.560458 -0.201425 0.803315
vn -0.327193 0.106208 0.938970
vn -0.231344 0.013921 0.972772
vn -0.695931 0.177116 0.695924
vn -0.599165 0.124542 0.790880
vn -0.616293 0.127533 0.777122
vn -0.832984 0.148270 0.533060
vn -0.791253 0.240706 0.562120
vn -0.464960 -0.002577 0.885328
vn -0.313345 -0.111264 0.943099
vn -0.652369 0.378065 0.656872
vn -0.438311 0.175158 0.881591
vn -0.399113 0.011270 0.916833
vn -0.385223 0.051795 0.921369
vn -0.562350 0.102947 0.820466
vn -0.492696 0.470734 0.731888
vn -0.225664 -0.175350 0.958294
vn -0.217154 -0.214188 0.952349
vn -0.361266 0.516691 0.776220
vn -0.194371 0.500058 0.843897
vn -0.303674 -0.212382 0.928804
vn -0.384809 -0.118243 0.915391
vn -0.044580 0.386706 0.921125
vn -0.264023 0.217488 0.939676
vn -0.271961 -0.023413 0.962024
vn -0.366201 0.046895 0.929353
vn -0.349391 0.175857 0.920326
vn -0.124350 0.196470 0.972593
vn -0.433499 0.095230 0.896108
vn -0.500485 0.171186 0.848652
vn -0.299159 0.217617 0.929057
vn -0.387443 0.182118 0.903726
vn -0.622721 0.151317 0.767673
vn -0.467133 0.147865 0.871736
vn -0.488417 0.105163 0.866250
vn -0.498113 0.106043 0.860603
vn -0.391323 -0.483395 0.783068
vn -0.288815 -0.173379 0.941555
vn -0.409601 -0.189481 0.892370
vn -0.158123 -0.513753 0.843240
vn -0.232596 -0.392245 0.889968
vn -0.176799 0.006516 0.984225
vn -0.110509 0.076229 0.990947
vn -0.112004 -0.202135 0.972932
vn -0.150324 0.366784 0.918081
vn -0.393390 0.320694 0.861626
vn -0.399495 0.079536 0.913279
vn -0.326444 -0.163555 0.930959
vn -0.633748 0.205680 -0.745694
vn -0.629373 0.336505 -0.700467
vn -0.346927 0.065688 -0.935589
vn -0.219736 0.257853 -0.940865
vn -0.110651 0.511163 -0.852331
vn -0.697646 0.482849 -0.529289
vn -0.738146 0.600732 -0.307021
vn -0.068149 0.771732 -0.632286
vn -0.366937 0.902027 -0.227387
vn -0.801463 0.581387 -0.140168
vn -0.804614 -0.176846 -0.566853
vn -0.694832 0.035202 -0.718310
vn -0.644601 -0.347490 -0.680985
vn -0.470112 -0.111543 -0.875530
vn -0.944811 -0.314351 -0.092281
vn -0.892264 -0.328794 -0.309449
vn -0.917028 -0.398822 -0.001192
vn -0.817013 -0.501368 -0.284818
vn -0.897266 0.372238 0.237389
vn -0.926434 0.256877 0.275200
vn -0.867561 0.411935 0.278654
vn -0.890137 0.337391 0.306306
vn -0.931083 0.185355 0.314210
vn -0.967940 0.059283 0.244087
vn -0.980600 -0.169446 0.098546
vn -0.972600 -0.128163 0.193968
vn -0.869197 0.493152 0.036018
vn -0.780560 0.601712 0.169317
vn -0.855975 0.469984 0.215458
vn -0.908056 0.403192 0.113443
vn -0.903063 0.388417 0.183329
vn -0.859241 0.446789 0.249169
vn 0.474002 0.142868 -0.868856
vn 0.671976 0.220127 -0.707101
vn 0.833058 0.394659 -0.387632
vn 0.144712 -0.224443 -0.963682
vn 0.304283 0.004858 -0.952569
vn -0.107922 -0.722946 -0.682423
vn 0.010372 -0.457073 -0.889369
vn -0.710233 -0.523842 0.470276
vn -0.366506 -0.924485 -0.104881
vn -0.824788 0.299172 0.479814
vn -0.833631 -0.003432 0.552311
vn -0.720791 0.359265 0.592781
vn -0.572709 0.126684 0.809911
vn -0.801311 0.406272 0.439139
vn -0.831233 0.369894 0.415005
vn -0.739027 0.359390 0.569805
vn -0.790512 0.352123 0.501098
vn -0.536629 0.553931 0.636545
vn -0.724358 0.451205 0.521268
vn -0.600591 0.371460 0.708031
vn 0.391473 0.830969 0.395271
vn -0.818916 0.119614 0.561310
vn -0.815494 0.287309 0.502416
vn -0.973330 -0.026268 0.227901
vn -0.943949 0.206763 0.257313
vn -0.918580 0.316576 0.236624
vn -0.855582 0.348213 0.383050
vn -0.567072 0.034569 0.822942
vn -0.781214 0.000012 0.624264
vn -0.842147 -0.342133 0.416813
vn -0.940522 -0.209964 0.267085
vn -0.856947 0.371116 0.357651
vn -0.900265 0.374276 0.222354
vn -0.764768 0.549968 0.335657
vn -0.726919 0.467619 0.502913
vn -0.496671 0.391436 0.774659
vn -0.501997 0.692110 0.518635
vn -0.404640 0.670015 0.622372
vn -0.391479 0.183329 0.901740
vn -0.366448 0.105950 0.924386
vn -0.381090 0.614911 0.690402
vn -0.341088 0.583431 0.737067
vn -0.379940 0.079884 0.921555
vn -0.362145 0.243159 0.899847
vn -0.406832 0.156861 0.899935
vn -0.529750 -0.299593 0.793479
vn -0.694295 -0.366309 0.619494
vn -0.421282 0.035729 0.906226
vn -0.275837 0.553134 0.786102
vn -0.201503 0.491911 0.847007
vn -0.512121 -0.031878 0.858321
vn -0.594182 0.392076 0.702299
vn -0.500904 0.381934 0.776673
vn -0.115790 -0.050380 0.991995
vn -0.187982 -0.101916 0.976871
vn -0.270379 -0.159571 0.949438
vn -0.425700 0.346100 0.836059
vn -0.379515 0.298532 0.875698
vn -0.376160 -0.224722 0.898890
vn -0.796245 0.252369 0.549821
vn -0.698050 0.360830 0.618488
vn -0.024715 0.119091 0.992576
vn -0.058683 0.013891 0.998180
vn -0.639679 -0.054140 0.766733
vn -0.117136 0.426476 0.896882
vn -0.055100 0.351296 0.934642
vn -0.753687 -0.020395 0.656917
vn -0.822373 0.089630 0.561844
vn -0.023743 0.248008 0.968467
vn -0.931029 0.001476 0.364943
vn -0.856435 0.236981 0.458649
vn -0.777660 0.310167 0.546846
vn -0.736184 -0.235152 0.634616
vn -0.852435 -0.186581 0.488408
vn -0.728488 0.311113 0.610340
vn -0.626545 0.421242 0.655741
vn -0.476416 0.625510 0.617872
vn -0.383638 0.770318 0.509344
vn -0.348296 0.761811 0.546200
vn -0.292014 0.719538 0.630074
vn -0.521589 -0.280277 0.805847
vn -0.628952 -0.245580 0.737638
vn -0.209485 0.660005 0.721463
vn -0.095688 0.601059 0.793456
vn -0.049893 -0.078097 0.995697
vn -0.069542 -0.200441 0.977235
vn -0.150424 -0.402411 0.903016
vn -0.376011 -0.337485 0.862971
vn 0.034316 0.104978 0.993882
vn -0.021923 0.010735 0.999702
vn 0.045637 0.537118 0.842272
vn 0.245766 0.424305 0.871530
vn 0.120578 0.227810 0.966211
vn 0.226891 0.927762 -0.296273
vn 0.240106 0.896996 -0.371143
vn 0.488109 0.861504 -0.139857
vn 0.441290 0.890509 -0.110712
vn 0.647984 0.759202 0.061056
vn 0.608899 0.788398 0.087584
vn -0.747743 0.474464 -0.464505
vn -0.715874 0.420215 -0.557624
vn -0.285617 0.817048 -0.500855
vn -0.241700 0.884862 -0.398248
vn 0.809249 0.531160 0.250968
vn 0.784504 0.548259 0.289767
vn 0.884575 0.058866 0.462669
vn 0.859546 0.055434 0.508042
vn 0.692891 -0.456815 0.557873
vn 0.667463 -0.457350 0.587642
vn 0.426991 -0.755406 0.497032
vn 0.402860 -0.752958 0.520344
vn -0.033477 -0.964809 0.260810
vn 0.019544 -0.980628 0.194903
vn -0.226560 -0.973890 -0.014457
vn -0.296674 -0.952313 0.071304
vn -0.474923 -0.850352 -0.226604
vn -0.557756 -0.815488 -0.154555
vn 0.201022 -0.913387 0.353998
vn 0.165604 -0.904553 0.392885
vn -0.667043 -0.612148 -0.424651
vn -0.747569 -0.554570 -0.365502
vn -0.777130 -0.213835 -0.591898
vn -0.834052 -0.186329 -0.519267
vn -0.785942 0.105095 -0.609304
vn -0.842969 0.109443 -0.526713
vn -0.230535 -0.775824 0.587325
vn -0.315506 -0.897140 0.309187
vn -0.238671 -0.734418 0.635347
vn -0.385876 -0.450547 0.805051
vn -0.411796 -0.533095 0.739076
vn -0.443403 -0.189869 0.875982
vn -0.443349 -0.177537 0.878591
vn -0.407806 0.055115 0.911404
vn -0.392009 0.059115 0.918060
vn -0.217172 0.286594 0.933113
vn -0.211252 0.445084 0.870214
vn -0.282590 -0.726587 0.626270
vn -0.315130 -0.701795 0.638887
vn -0.516218 -0.483495 0.706931
vn -0.448668 -0.475542 0.756675
vn -0.545627 -0.162410 0.822140
vn -0.644341 -0.142509 0.751342
vn -0.577205 0.229347 0.783732
vn -0.519521 0.125171 0.845240
vn -0.232981 0.631303 0.739714
vn -0.247277 0.690636 0.679614
vn -0.291004 -0.142656 0.946026
vn -0.266801 -0.846396 0.460902
vn 0.728219 0.308736 0.611865
vn 0.944710 0.303822 0.123354
vn 0.315610 -0.748561 -0.583135
vn -0.043481 -0.982558 -0.180802
vn -0.159214 -0.744582 -0.648266
vn -0.223596 -0.821701 -0.524225
vn -0.375528 -0.914884 -0.148211
vn -0.381056 -0.326680 0.864914
vn -0.379704 -0.106233 0.918989
vn 0.178091 0.859425 0.479241
vn 0.297001 0.911238 0.285370
vn 0.315021 0.868177 0.383446
vn 0.055510 0.785666 0.616155
vn -0.231823 -0.403261 0.885234
vn 0.221615 0.950220 0.219017
vn 0.129923 0.900706 0.414546
vn -0.266306 -0.910118 -0.317438
vn -0.155371 -0.713055 -0.683676
vn -0.180175 -0.775664 -0.604882
vn -0.116272 -0.718604 -0.685631
vn -0.130957 -0.663595 -0.736541
vn -0.102941 -0.668132 -0.736887
vn -0.108057 -0.608066 -0.786498
vn 0.987942 0.003964 0.154776
vn 0.350331 -0.761199 -0.545751
vn 0.938150 -0.192005 0.288113
vn 0.294649 -0.792823 -0.533492
vn 0.299143 0.830300 0.470229
vn 0.388487 0.767207 0.510364
vn 0.283767 0.760421 0.584154
vn 0.386911 0.686683 0.615439
vn 0.224959 0.874789 0.429113
vn 0.208359 0.803224 0.558049
vn -0.314817 -0.848195 0.425975
vn -0.297579 -0.851039 0.432642
vn -0.288825 -0.741846 0.605182
vn -0.715366 -0.486608 0.501462
vn -0.769963 -0.561414 0.303267
vn -0.759267 -0.554178 0.341175
vn -0.996761 0.006341 0.080170
vn -0.984024 0.024450 0.176349
vn -0.945185 0.043547 0.323620
vn -0.773674 0.604117 0.190974
vn -0.801089 0.590564 -0.097425
vn -0.792469 0.609312 0.027048
vn -0.368085 0.917139 -0.152873
vn -0.370314 0.922460 -0.109252
vn -0.352339 0.924998 0.142251
vn -0.582211 0.378509 0.719556
vn -0.659164 0.498678 0.562870
vn -0.350674 0.832080 0.429732
vn -0.302313 0.730882 0.611898
vn -0.573306 -0.463915 0.675354
vn -0.635548 -0.382966 0.670385
vn -0.775140 0.062093 0.628731
vn -0.693670 -0.015611 0.720123
vn -0.254233 -0.736617 0.626706
vn -0.285892 -0.701492 0.652821
vn -0.666674 0.522890 0.531161
vn -0.287373 0.766066 0.574944
vn -0.585787 -0.388288 0.711398
vn -0.807493 0.060204 0.586797
vn -0.196831 -0.531851 0.823645
vn -0.549623 0.282698 0.786127
vn -0.262474 0.700481 0.663652
vn -0.559216 -0.450646 0.695842
vn -0.666387 -0.091868 0.739925
vn -0.319670 -0.679983 0.659875
vn 0.063284 -0.758863 0.648168
vn 0.035624 -0.396381 0.917395
vn 0.469536 -0.407512 0.783243
vn 0.304724 -0.840615 0.447783
vn -0.003040 -0.015167 0.999880
vn 0.470388 0.042473 0.881437
vn 0.761876 0.106515 0.638905
vn 0.721671 -0.365829 0.587673
vn 0.348298 -0.894728 0.279555
vn 0.226617 -0.829221 0.510918
vn 0.142241 -0.370084 0.918044
vn -0.622888 -0.517524 0.586668
vn -0.144328 -0.954910 0.259453
vn 0.082198 0.012404 0.996539
vn -0.758336 -0.121145 0.640508
vn -0.975237 -0.155399 -0.157365
vn -0.863620 -0.483012 -0.144429
vn -0.398433 -0.909350 -0.119721
vn -0.050404 0.372327 0.926732
vn 0.370962 0.486501 0.791015
vn -0.102959 0.723171 0.682952
vn 0.140613 0.872352 0.468220
vn 0.128414 0.947718 0.292131
vn 0.605116 0.547230 0.578251
vn 0.021966 0.397801 0.917209
vn -0.745493 0.309630 0.590228
vn -0.056641 0.856716 0.512669
vn -0.429497 0.863525 0.264306
vn -0.644434 0.757866 -0.101702
vn -0.968427 0.207392 -0.138343
vn -0.138362 0.922080 0.361419
vn 0.011034 0.975863 0.218104
vn -0.146338 0.989031 0.020050
vn -0.006469 0.999960 -0.006239
vn -0.025227 0.999682 0.000701
vn 0.001638 0.984519 0.175271
vn -0.085695 0.980330 0.177790
vn -0.104409 0.976046 0.190874
vn -0.080806 0.996730 0.000099
vn -0.118930 0.992903 0.000342
vn -0.124524 0.969311 0.211967
vn -0.157571 0.919487 0.360160
vn -0.120571 0.936675 -0.328789
vn 0.075561 0.966472 -0.245405
vn -0.057001 0.727016 -0.684250
vn 0.257441 0.796869 -0.546556
vn 0.043719 0.852785 -0.520430
vn -0.014778 0.975324 -0.220282
vn -0.085000 0.968186 -0.235354
vn -0.070951 0.849715 -0.522448
vn -0.078728 0.848199 -0.523795
vn -0.112445 0.961681 -0.250051
vn 0.019512 0.366635 -0.930160
vn 0.444676 0.397844 -0.802486
vn 0.072530 -0.005899 -0.997349
vn 0.517379 0.037268 -0.854944
vn 0.231827 0.032342 -0.972219
vn 0.159999 0.455252 -0.875869
vn 0.002687 0.456827 -0.889551
vn 0.076348 0.013113 -0.996995
vn 0.103737 0.016563 -0.994467
vn 0.017557 0.471127 -0.881891
vn 0.108186 -0.422979 -0.899658
vn 0.514625 -0.345339 -0.784794
vn 0.109724 -0.789120 -0.604359
vn 0.393169 -0.771531 -0.500159
vn 0.218023 -0.845216 -0.487931
vn 0.256415 -0.406006 -0.877161
vn 0.134544 -0.445342 -0.885194
vn 0.161797 -0.873329 -0.459476
vn 0.166451 -0.893338 -0.417422
vn 0.162595 -0.464535 -0.870500
vn 0.090845 -0.957256 -0.274603
vn 0.250872 -0.944435 -0.212382
vn 0.078137 -0.996824 0.015404
vn 0.182985 -0.983093 -0.006668
vn 0.149143 -0.988815 0.000651
vn 0.163797 -0.969688 -0.181317
vn 0.151653 -0.974749 -0.163909
vn 0.147449 -0.989070 0.000204
vn 0.125510 -0.992092 0.000171
vn 0.137242 -0.980995 -0.137162
vn 0.072585 -0.948568 0.308141
vn 0.195690 -0.961815 0.191359
vn 0.186201 -0.971926 0.143834
vn 0.155778 -0.981094 0.114839
vn 0.168770 -0.975701 0.139727
vn 0.106181 -0.961726 0.252604
vn 0.128585 -0.986010 0.106065
vn 0.069341 -0.997361 -0.021529
vn -0.648093 -0.761480 -0.011174
vn -0.588914 -0.730895 -0.344923
vn 0.093371 -0.988458 -0.119303
vn -0.938210 -0.346049 -0.003348
vn -0.843381 -0.310170 -0.438752
vn -0.592871 -0.207772 -0.778033
vn -0.380684 -0.619203 -0.686781
vn 0.102689 -0.947270 -0.303538
vn 0.095148 -0.951967 0.291042
vn -0.406811 -0.626102 0.665208
vn -0.605191 -0.724331 0.330285
vn 0.093204 -0.991981 0.085364
vn -0.615776 -0.215343 0.757923
vn -0.844792 -0.310789 0.435588
vn -0.983046 0.183351 0.001656
vn -0.913131 0.165058 -0.372756
vn -0.692550 0.721215 0.014950
vn -0.670647 0.712759 -0.205444
vn -0.612525 0.653152 -0.445204
vn -0.681835 0.193281 -0.705510
vn -0.708799 0.209305 0.673643
vn -0.911605 0.172064 0.373324
vn -0.627788 0.645645 0.434769
vn -0.671065 0.705734 0.227181
vn 0.141108 -0.989994 -0.001004
vn 0.156921 -0.982390 -0.101419
vn 0.252657 -0.967538 -0.005977
vn 0.255737 -0.964338 -0.068197
vn 0.261682 -0.907228 -0.329332
vn 0.200571 -0.906830 -0.370717
vn 0.208184 -0.473712 -0.855720
vn 0.175125 -0.493677 -0.851830
vn 0.036678 0.014049 -0.999228
vn 0.138505 0.026199 -0.990015
vn 0.183674 -0.923278 0.337374
vn 0.153744 -0.983946 0.090631
vn 0.262177 -0.912565 0.313828
vn 0.264401 -0.962789 0.055948
vn 0.054826 0.009050 0.998455
vn 0.125126 0.025371 0.991817
vn 0.191140 -0.489022 0.851072
vn 0.088235 -0.493551 0.865230
vn -0.013516 0.006429 0.999888
vn 0.149514 -0.528892 0.835415
vn 0.028282 0.492100 -0.870079
vn -0.102650 0.487115 -0.867284
vn -0.229785 0.847940 -0.477699
vn -0.103194 0.855540 -0.507349
vn -0.165522 0.956099 -0.241822
vn -0.291021 0.933772 -0.208269
vn -0.318765 0.947815 0.005993
vn -0.187489 0.982266 0.001317
vn -0.176292 0.958052 0.225958
vn -0.307340 0.928219 0.209648
vn -0.269259 0.850333 0.452143
vn -0.137674 0.875206 0.463747
vn -0.009283 0.512056 0.858902
vn -0.061402 0.484668 0.872540
vn -0.167320 0.519621 0.837853
vn 0.440868 -0.865792 0.236727
vn 0.183373 -0.979616 0.082021
vn 0.472939 -0.834730 0.282054
vn 0.185904 -0.982231 0.025733
vn -0.167032 -0.970073 -0.176233
vn -0.042074 -0.993639 0.104459
vn -0.548099 -0.639349 0.539278
vn -0.750471 -0.522475 -0.404738
vn -0.885612 -0.141309 -0.442405
vn -0.724278 -0.115287 0.679802
vn 0.810054 0.127170 0.572399
vn 0.787003 -0.343460 0.512506
vn 0.730556 0.116905 0.672771
vn 0.734001 -0.322377 0.597760
vn -0.707545 0.448556 0.546057
vn -0.873216 0.280351 -0.398619
vn -0.459680 0.872017 -0.168169
vn -0.348251 0.929548 0.121084
vn -0.127424 0.988603 0.080168
vn -0.146375 0.988960 0.023085
vn 0.183590 0.940759 0.285075
vn 0.167734 0.959072 0.228136
vn 0.652400 0.563419 0.506885
vn 0.599126 0.528949 0.601050
vn 0.409302 -0.832061 0.374361
vn 0.133927 -0.989866 0.047209
vn -0.251123 -0.938703 -0.236166
vn -0.743554 -0.456408 -0.488692
vn -0.848732 -0.135378 -0.511202
vn 0.547270 0.087277 0.832393
vn 0.582604 -0.310490 0.751112
vn -0.847728 0.218951 -0.483133
vn -0.526494 0.821875 -0.217544
vn -0.200998 0.978014 0.055566
vn 0.113607 0.915795 0.385244
vn 0.454060 0.472789 0.755182
vn 0.327794 -0.944626 -0.015234
vn 0.320149 -0.946032 -0.050293
vn 0.271265 -0.915910 -0.295845
vn 0.005813 -0.543299 -0.839519
vn -0.226665 -0.062893 -0.971940
vn 0.277126 -0.920021 0.277060
vn 0.334541 -0.942049 0.025028
vn -0.297551 -0.081588 0.951213
vn -0.035916 -0.581935 0.812442
vn -0.343892 0.389839 -0.854263
vn -0.410080 0.791589 -0.453014
vn -0.447650 0.877196 -0.173600
vn -0.470669 0.882200 0.013915
vn -0.463980 0.864872 0.191621
vn -0.452118 0.780522 0.431711
vn -0.423231 0.414669 0.805559
vn -0.103359 -0.590852 0.800132
vn -0.080510 -0.836164 0.542539
vn -0.119436 -0.492005 0.862361
vn 0.112070 -0.433049 0.894376
vn 0.116211 -0.564000 0.817557
vn 0.125388 -0.813226 0.568280
vn -0.194933 0.209988 0.958074
vn -0.162803 -0.041509 0.985785
vn -0.234458 0.313385 0.920228
vn -0.476231 0.411842 0.776910
vn -0.122165 0.251305 0.960167
vn 0.005489 -0.004284 0.999976
vn -0.266984 0.336675 0.902978
vn -0.285812 0.282961 0.915557
vn -0.535944 0.294943 0.791058
vn -0.511293 0.355956 0.782225
vn -0.296502 0.069452 0.952504
vn -0.578445 0.147462 0.802282
vn -0.355527 0.295781 -0.886631
vn -0.351942 0.205502 -0.913184
vn -0.682727 0.221356 -0.696337
vn -0.704912 0.282086 -0.650789
vn -0.358489 0.131688 -0.924199
vn -0.317813 0.208562 -0.924931
vn -0.609426 0.287202 -0.738996
vn -0.673756 0.180392 -0.716597
vn -0.238538 0.249217 -0.938611
vn -0.189800 0.091672 -0.977534
vn -0.370883 0.086133 -0.924677
vn -0.422495 0.290455 -0.858565
vn -0.161306 -0.959840 -0.229536
vn -0.218990 -0.832191 -0.509412
vn -0.141039 -0.988996 0.044674
vn 0.280333 -0.959827 0.012024
vn 0.223828 -0.947911 -0.226640
vn -0.141760 -0.778602 -0.611296
vn -0.097488 -0.969085 0.226652
vn 0.247831 -0.935848 0.250537
vn -0.860173 -0.503796 -0.079328
vn -0.873734 -0.461497 -0.153653
vn -0.800639 -0.406881 -0.439801
vn -0.788904 -0.458463 -0.409196
vn -0.914306 -0.340808 -0.218848
vn -0.827191 -0.323393 -0.459535
vn -0.702384 -0.364908 -0.611146
vn -0.651981 -0.430576 -0.624120
vn -0.611313 -0.474898 -0.633063
vn -0.564394 -0.706777 0.426528
vn -0.747003 -0.604988 0.275638
vn -0.829484 -0.548949 0.103011
vn -0.790239 -0.582461 0.190427
vn -0.881339 -0.419366 0.217655
vn -0.922936 -0.383611 0.032130
vn -0.964121 0.172725 -0.201587
vn -0.919581 0.355420 -0.167474
vn -0.865036 0.310393 -0.394168
vn -0.887893 0.128832 -0.441643
vn -0.867981 0.480538 -0.125269
vn -0.835682 0.427912 -0.344276
vn -0.780734 0.379433 -0.496472
vn -0.789376 0.274696 -0.549024
vn -0.800627 0.086673 -0.592861
vn -0.961554 0.185683 0.202329
vn -0.908568 0.371111 0.191785
vn -0.925631 0.374308 0.055682
vn -0.979965 0.192995 0.049216
vn -0.815771 0.543112 0.198865
vn -0.848905 0.522958 0.076653
vn 0.651879 -0.755836 -0.061358
vn -0.000367 -0.997844 -0.065637
vn -0.001487 -0.997391 -0.072169
vn 0.565148 -0.808379 -0.164715
vn -0.652379 -0.755750 -0.056945
vn -0.570780 -0.806033 -0.156593
vn -0.583135 -0.773110 -0.249511
vn -0.000507 -0.988951 -0.148241
vn 0.582716 -0.775472 -0.243076
vn -0.379400 -0.563764 -0.733639
vn -0.467070 -0.507688 -0.723947
vn -0.328796 -0.583197 -0.742815
vn -0.537144 -0.430337 -0.725457
vn -0.383296 -0.448151 -0.807617
vn 0.000001 -1.000000 -0.000000
vn 0.000000 -1.000000 -0.000000
vn -0.000346 -0.998839 -0.048180
vn 0.208081 -0.977598 -0.031709
vn -0.000000 -1.000000 0.000000
vn -0.211305 -0.976901 -0.031852
vn 0.422621 -0.247064 0.871981
vn -0.211843 -0.470211 0.856752
vn -0.168742 -0.597027 0.784274
vn 0.471500 -0.356958 0.806392
vn -0.593026 -0.491157 0.638032
vn -0.470113 -0.626812 0.621370
vn -0.354514 -0.718828 0.598001
vn -0.151201 -0.746702 0.647746
vn 0.260432 -0.663652 0.701243
vn -0.624953 0.073125 -0.777230
vn -0.627333 0.292987 -0.721535
vn -0.688326 0.395266 -0.608253
vn -0.811305 0.463002 -0.356950
vn -0.855630 0.363706 -0.368260
vn -0.844165 0.531773 -0.067845
vn -0.920927 0.388776 -0.027307
vn -0.770888 0.613529 0.171211
vn -0.854340 0.432424 0.288292
vn -0.676883 0.664619 0.316404
vn -0.100596 0.470207 0.876804
vn -0.462395 0.522259 0.716545
vn -0.396017 0.401442 0.825841
vn 0.110884 0.321865 0.940270
vn -0.636110 0.486488 0.598911
vn -0.692656 0.392296 0.605254
vn -0.743179 0.179836 0.644472
vn -0.367147 0.187776 0.911012
vn 0.206225 0.149618 0.966998
vn 0.795899 -0.605337 0.010582
vn 0.717235 -0.659093 -0.226209
vn 0.910875 -0.412600 0.008251
vn 0.854633 -0.461439 -0.238069
vn 0.450579 -0.605569 -0.655945
vn 0.248629 -0.728405 -0.638444
vn -0.287272 -0.587671 -0.756384
vn -0.168830 -0.570633 -0.803663
vn -0.549235 -0.502392 -0.667790
vn -0.579142 -0.500660 -0.643377
vn -0.786870 -0.481112 -0.386479
vn -0.797382 -0.481431 -0.363876
vn -0.864438 -0.502305 -0.020909
vn -0.861182 -0.506643 -0.040970
vn 0.437751 -0.726417 0.529804
vn 0.721268 -0.648630 0.243006
vn 0.530732 -0.628416 0.568698
vn 0.846033 -0.472710 0.246521
vn -0.792271 -0.563725 0.233497
vn -0.791832 -0.555092 0.254706
vn -0.497606 -0.671293 0.549321
vn -0.528929 -0.686527 0.498914
vn 0.008831 -0.748210 0.663403
vn -0.045070 -0.786226 0.616294
vn 0.035871 -0.710629 0.702652
vn 0.926412 -0.376510 0.001315
vn 0.869563 -0.375593 -0.320610
vn 0.976596 -0.213726 0.024097
vn 0.917522 -0.183184 -0.352983
vn 0.610065 -0.120487 -0.783137
vn 0.515833 -0.412287 -0.750957
vn -0.024304 -0.388160 -0.921271
vn 0.045637 -0.089467 -0.994944
vn -0.593398 -0.128317 -0.794615
vn -0.528856 -0.376511 -0.760625
vn -0.852075 -0.385880 -0.353645
vn -0.924132 -0.188872 -0.332126
vn -0.975951 -0.216429 0.026040
vn -0.903991 -0.427409 -0.011024
vn 0.492732 -0.588602 0.640907
vn 0.841629 -0.450233 0.298247
vn 0.540146 -0.273990 0.795721
vn 0.895736 -0.270150 0.353094
vn -0.816209 -0.502103 0.285823
vn -0.899255 -0.274558 0.340527
vn -0.539792 -0.280115 0.793826
vn -0.483227 -0.618308 0.619828
vn 0.013574 -0.643900 0.764989
vn 0.006061 -0.250462 0.968107
vn 0.979396 -0.201929 0.002855
vn 0.931570 -0.249572 -0.264369
vn 0.857738 -0.211926 -0.468372
vn 0.341896 0.331512 -0.879322
vn 0.414223 0.000000 -0.910175
vn 0.057227 -0.000000 -0.998361
vn 0.052714 0.389218 -0.919636
vn 0.341891 -0.331515 -0.879323
vn 0.052714 -0.389224 -0.919634
vn -0.239173 -0.331514 -0.912631
vn -0.307508 0.000001 -0.951546
vn -0.239178 0.331512 -0.912630
vn -0.857249 -0.218384 -0.466296
vn -0.935503 -0.252886 -0.246746
vn -0.978909 -0.204153 0.007644
vn 0.317440 0.786970 0.529066
vn 0.468398 0.000000 0.883518
vn 0.846563 -0.000001 0.532288
vn 0.687933 0.587059 0.426744
vn 0.317433 -0.786978 0.529057
vn 0.687930 -0.587063 0.426742
vn 0.933143 -0.150973 0.326268
vn 0.943860 0.000001 0.330346
vn 0.933145 0.150963 0.326269
vn -0.937515 0.139451 0.318778
vn -0.946699 0.000001 0.322118
vn -0.852933 -0.000001 0.522021
vn -0.698204 0.578925 0.421138
vn -0.937514 -0.139459 0.318777
vn -0.698201 -0.578930 0.421136
vn -0.318136 -0.786670 0.529094
vn -0.466155 -0.000000 0.884703
vn -0.318142 0.786661 0.529104
vn 0.005488 -0.000000 0.999985
vn 0.003044 0.834187 0.551473
vn 0.003044 -0.834195 0.551462
vn 0.224810 0.838306 0.496693
vn 0.903242 0.217762 0.369775
vn 0.000000 1.000000 0.000000
vn 0.389324 0.920451 -0.034607
vn 0.966559 0.250492 -0.054929
vn 0.979796 -0.061075 0.190448
vn 0.990345 -0.074754 0.116746
vn 0.998439 0.000001 -0.055850
vn 0.966557 -0.250500 -0.054928
vn 0.954654 -0.292049 0.057818
vn 0.506292 -0.861987 0.025440
vn 0.389319 -0.920453 -0.034606
vn 0.000000 -1.000000 -0.000000
vn 0.000001 -1.000000 0.000000
vn -0.979525 -0.070941 0.188410
vn -0.911993 0.187836 0.364673
vn -0.969195 0.240058 -0.055072
vn -0.399295 0.916120 -0.035895
vn 0.000000 1.000000 -0.000000
vn -0.224810 0.835480 0.501432
vn -0.000001 -1.000000 0.000000
vn -0.519035 -0.854347 0.026333
vn -0.000000 -1.000000 -0.000000
vn -0.399291 -0.916121 -0.035894
vn -0.969193 -0.240066 -0.055073
vn -0.957177 -0.283563 0.058345
vn -0.990255 -0.075315 0.117147
vn -0.998438 0.000001 -0.055875
vn 0.002875 0.882924 0.469507
vn 0.000000 1.000000 -0.000000
vn 0.000000 -1.000000 0.000000
vn -0.000000 -1.000000 0.000000
vn 0.000000 1.000000 -0.000000
vn 0.302002 0.952399 -0.041604
vn 0.000000 1.000000 -0.000000
vn 0.259187 0.965712 -0.014943
vn 0.924327 0.372726 -0.081828
vn 0.935214 0.325962 -0.138290
vn 0.000000 1.000000 -0.000000
vn 0.000000 1.000000 0.000000
vn 0.000000 1.000000 0.000000
vn 0.000000 1.000000 0.000000
vn -0.938935 0.314714 -0.139128
vn -0.309117 0.950059 -0.042830
vn -0.929151 0.360368 -0.082544
vn -0.265243 0.964062 -0.015175
vn -0.938930 -0.314728 -0.139127
vn -0.988721 0.000001 -0.149768
vn -0.929146 -0.360381 -0.082543
vn -0.995631 -0.000000 -0.093379
vn -0.000000 -1.000000 -0.000000
vn -0.309116 -0.950059 -0.042829
vn -0.000000 -1.000000 0.000000
vn -0.265243 -0.964062 -0.015175
vn 0.000000 -1.000000 -0.000000
vn -0.000000 -1.000000 -0.000000
vn 0.000000 -1.000000 0.000000
vn 0.000000 -1.000000 0.000000
vn 0.935211 -0.325971 -0.138290
vn 0.301999 -0.952400 -0.041603
vn 0.924323 -0.372735 -0.081827
vn 0.259187 -0.965712 -0.014943
vn 0.988743 -0.000000 -0.149623
vn 0.995644 0.000000 -0.093239
vn 0.045347 0.995268 0.085937
vn 0.291015 0.951652 0.098328
vn 0.916762 0.383518 0.111635
vn -0.045786 0.995234 0.086101
vn 0.000349 0.996658 0.081688
vn -0.922787 0.369083 0.110642
vn -0.297712 0.949577 0.098338
vn -0.922785 -0.369089 0.110641
vn -0.993509 -0.000001 0.113758
vn -0.045786 -0.995234 0.086101
vn -0.297702 -0.949581 0.098335
vn 0.045347 -0.995268 0.085937
vn 0.000349 -0.996658 0.081688
vn 0.916759 -0.383524 0.111635
vn 0.291003 -0.951656 0.098324
vn 0.993360 -0.000000 0.115052
vn 0.484964 0.057716 -0.872628
vn 0.053625 0.076412 -0.995633
vn -0.408066 0.056084 -0.911228
vn -0.727102 -0.109937 -0.677671
vn -0.535208 -0.663703 -0.522543
vn 0.019421 -0.889874 -0.455794
vn 0.571518 -0.660359 -0.487128
vn 0.772438 -0.103535 -0.626594
vn 0.608230 -0.176257 0.773944
vn 0.598519 -0.325265 0.732105
vn 0.334436 -0.697492 0.633765
vn -0.098544 -0.817482 0.567462
vn -0.441891 -0.738579 0.509149
vn -0.645929 -0.620961 0.444053
vn -0.795389 -0.449851 0.406190
vn -0.028329 0.497820 0.866818
vn 0.258904 0.255282 0.931558
vn 0.414642 0.067889 0.907449
vn -0.915032 0.170830 0.365422
vn -0.862761 0.365890 0.348953
vn -0.764023 0.528854 0.369570
vn -0.554361 0.653497 0.515389
vn -0.964431 0.264244 -0.006974
vn -0.897733 0.280114 -0.340018
vn -0.985078 0.172054 0.004380
vn -0.929141 0.208455 -0.305358
vn -0.904553 0.220996 -0.364616
vn -0.860456 0.256658 -0.440161
vn -0.873498 0.214053 -0.437244
vn -0.915531 0.209181 -0.343578
vn -0.910977 0.250142 -0.327947
vn -0.876500 0.233617 -0.420918
vn -0.812545 0.327555 0.482160
vn -0.910704 0.281219 0.302547
vn -0.879735 0.233347 0.414264
vn -0.937957 0.190136 0.289974
vn -0.731852 0.300316 0.611722
vn -0.741693 0.328846 0.584595
vn -0.767314 0.295843 0.568953
vn -0.815306 0.264986 0.514839
vn -0.887060 0.265978 -0.377332
vn -0.914328 0.290773 -0.281878
vn -0.923177 0.298939 -0.241620
vn -0.914834 0.236839 -0.327088
vn -0.956744 0.208765 -0.202626
vn -0.929784 0.324417 -0.173943
vn -0.927375 0.369115 0.061073
vn -0.967601 0.244607 0.062579
vn -0.930135 0.202873 0.306089
vn -0.885441 0.358309 0.295990
vn -0.847225 0.341632 0.406813
vn -0.862166 0.171430 0.476740
vn -0.766292 0.256686 0.588990
vn -0.794174 0.325677 0.513051
vn -0.942361 -0.334372 0.012316
vn -0.871162 -0.228232 -0.434728
vn -0.248040 -0.968556 0.019364
vn -0.258904 -0.875286 -0.408465
vn -0.263037 -0.633371 -0.727773
vn -0.790347 -0.097527 -0.604848
vn -0.708922 0.022501 -0.704928
vn -0.244734 -0.293416 -0.924128
vn -0.222084 0.085785 -0.971247
vn -0.634670 0.218312 -0.741305
vn -0.767036 -0.096452 0.634313
vn -0.870953 -0.229343 0.434560
vn -0.257424 -0.593561 0.762508
vn -0.255631 -0.860090 0.441472
vn -0.457119 0.191225 0.868605
vn -0.590908 0.007940 0.806700
vn -0.223923 0.081553 0.971189
vn -0.238279 -0.266276 0.933981
vn -0.627374 0.407932 -0.663320
vn -0.213784 0.395288 -0.893333
vn -0.218539 0.671067 -0.708456
vn -0.682783 0.527238 -0.505794
vn -0.701049 0.632897 -0.328591
vn -0.211472 0.890166 -0.403589
vn -0.207798 0.977831 0.025808
vn -0.698908 0.714324 0.035623
vn -0.654805 0.643635 0.396187
vn -0.213683 0.868491 0.447284
vn -0.222594 0.672771 0.705572
vn -0.582612 0.559944 0.589090
vn -0.443440 0.409156 0.797466
vn -0.220454 0.418235 0.881181
vn -0.019829 -0.999630 0.018618
vn 0.027542 -0.999496 0.015786
vn 0.022947 -0.952404 -0.303973
vn -0.024342 -0.946520 -0.321727
vn 0.006403 -0.769906 -0.638126
vn -0.037582 -0.754875 -0.654791
vn -0.025022 -0.413854 -0.909999
vn -0.057627 -0.402759 -0.913490
vn -0.061238 -0.004030 -0.998115
vn -0.078281 0.002829 -0.996927
vn -0.037264 -0.712333 0.700851
vn 0.006564 -0.733185 0.679998
vn 0.023830 -0.941205 0.336996
vn -0.023563 -0.932873 0.359434
vn -0.077151 -0.004245 0.997010
vn -0.058914 -0.010504 0.998208
vn -0.023918 -0.379879 0.924727
vn -0.056253 -0.365266 0.929202
vn -0.095468 0.351261 -0.931398
vn -0.096646 0.347082 -0.932842
vn -0.133702 0.689345 -0.711988
vn -0.118000 0.674684 -0.728614
vn -0.161687 0.917362 -0.363736
vn -0.135028 0.912598 -0.385917
vn -0.171400 0.984973 0.021216
vn -0.142141 0.989532 0.024957
vn -0.160397 0.902888 0.398831
vn -0.134584 0.893817 0.427760
vn -0.134293 0.692161 0.709139
vn -0.119047 0.675194 0.727970
vn -0.097315 0.362978 0.926702
vn -0.099046 0.359262 0.927966
vn -0.093583 0.995261 0.026427
vn -0.092859 0.891389 0.443626
vn -0.086236 0.995926 0.026366
vn -0.085770 0.893166 0.441472
vn -0.085921 0.672239 0.735332
vn -0.092806 0.674156 0.732735
vn -0.091137 0.673511 -0.733537
vn -0.091735 0.912258 -0.399212
vn -0.084319 0.671726 -0.735985
vn -0.084716 0.913837 -0.397146
vn -0.096380 0.025154 -0.995027
vn -0.091509 0.359115 -0.928796
vn -0.088993 0.013385 -0.995942
vn -0.084566 0.351112 -0.932507
vn -0.107491 -0.724044 -0.681327
vn -0.103277 -0.374343 -0.921521
vn -0.098987 -0.736204 -0.669482
vn -0.095293 -0.387681 -0.916855
vn -0.108485 -0.993908 0.019443
vn -0.108479 -0.929507 -0.352489
vn -0.099159 -0.994879 0.019555
vn -0.099442 -0.935126 -0.340076
vn -0.105303 -0.680830 0.724832
vn -0.107158 -0.914678 0.389719
vn -0.097039 -0.692931 0.714444
vn -0.098294 -0.920522 0.378123
vn -0.097142 0.019218 0.995085
vn -0.100710 -0.337928 0.935768
vn -0.089626 0.006710 0.995953
vn -0.092891 -0.349790 0.932211
vn -0.094321 0.374411 0.922453
vn -0.087207 0.364656 0.927050
vn -0.094176 0.995212 0.026154
vn -0.091317 0.894205 0.438245
vn -0.087127 0.672694 0.734773
vn -0.085831 0.672520 -0.735085
vn -0.090755 0.914484 -0.394313
vn -0.079455 0.008038 -0.996806
vn -0.081008 0.348156 -0.933930
vn -0.075487 -0.744951 -0.662835
vn -0.078315 -0.394897 -0.915381
vn -0.069397 -0.997400 0.019433
vn -0.071484 -0.940705 -0.331610
vn -0.074177 -0.701168 0.709127
vn -0.070571 -0.926271 0.370191
vn -0.079627 0.000976 0.996824
vn -0.076364 -0.356781 0.931062
vn -0.083433 0.360963 0.928841
vn -0.766985 -0.194633 -0.611434
vn -0.594409 -0.246284 -0.765521
vn -0.369329 -0.234162 -0.899313
vn -0.966842 -0.111591 -0.229705
vn -0.873589 -0.142575 -0.465311
vn -0.971406 -0.110018 0.210396
vn -0.994610 -0.098781 0.031523
vn -0.720715 -0.199828 0.663806
vn -0.909817 -0.151885 0.386217
vn -0.288668 -0.197424 0.936853
vn 0.343580 -0.098256 0.933969
vn 0.526692 -0.091572 0.845110
vn 0.074390 -0.300077 0.951010
vn -0.138081 -0.361909 0.921930
vn -0.238291 -0.139542 -0.961117
vn -0.421555 0.184303 -0.887876
vn -0.646796 -0.351403 -0.676883
vn -0.378374 -0.429500 -0.819977
vn -0.316622 -0.643493 -0.696899
vn -0.493115 -0.718386 -0.490672
vn -0.984665 -0.089731 -0.149608
vn -0.606727 -0.794711 0.017818
vn -0.987656 -0.057359 0.145756
vn -0.549670 -0.757628 0.351941
vn -0.935570 -0.227248 0.270309
vn -0.467019 -0.760623 0.450939
vn -0.884193 -0.360364 0.297221
vn -0.415806 -0.779939 0.467760
vn -0.898092 -0.379082 0.222998
vn -0.414194 -0.808955 0.417175
vn -0.962326 -0.261410 0.074791
vn -0.452026 -0.848261 0.275910
vn -0.996242 -0.083958 -0.021307
vn -0.485242 -0.868027 0.105208
vn -0.999705 -0.001267 0.024266
vn -0.474324 -0.879397 0.040948
vn -0.990030 0.027694 0.138107
vn -0.402766 -0.914302 0.042789
vn -0.956053 0.072878 0.283993
vn -0.302696 -0.951477 0.055373
vn -0.933508 0.084418 0.348478
vn -0.248950 -0.967417 0.046142
vn -0.968623 -0.015344 0.248060
vn -0.229417 -0.973275 -0.010163
vn -0.985226 -0.168990 0.027783
vn -0.216806 -0.972400 -0.086217
vn -0.915354 -0.273783 -0.295247
vn -0.220705 -0.954458 -0.200745
vn -0.758997 -0.265027 -0.594714
vn -0.229777 -0.920916 -0.314828
vn -0.576276 0.732704 -0.362010
vn -0.555485 0.789957 -0.259623
vn -0.549403 0.770482 -0.323288
vn -0.536187 0.753500 -0.380449
vn -0.494937 0.769738 -0.403165
vn -0.453212 0.836926 -0.306845
vn -0.434152 0.889883 -0.140072
vn -0.448130 0.893719 -0.021101
vn -0.452332 0.889298 0.067423
vn -0.422725 0.893837 0.149530
vn -0.408477 0.893781 0.185207
vn -0.418500 0.894255 0.158639
vn -0.444200 0.892290 0.080653
vn -0.469728 0.879339 -0.078228
vn -0.454834 0.860933 -0.227860
vn 0.110291 0.197262 0.974127
vn 0.000031 0.176560 0.984290
vn -0.109724 0.198117 0.974018
vn -0.209880 0.238771 0.948124
vn -0.214194 0.335993 0.917186
vn -0.246264 -0.059243 0.967391
vn -0.275633 -0.879966 0.386893
vn -0.352938 -0.925790 -0.135453
vn -0.246402 -0.917357 -0.312637
vn -0.000000 -0.913587 -0.406643
vn 0.246401 -0.917352 -0.312652
vn 0.352937 -0.925788 -0.135467
vn 0.275632 -0.879964 0.386898
vn 0.245822 -0.070952 0.966715
vn 0.220017 0.328955 0.918358
vn 0.212745 0.235546 0.948292
vn -0.223508 0.789672 0.571369
vn -0.551553 0.819506 0.155560
vn -0.378321 0.925221 -0.028982
vn -0.118696 0.883869 0.452423
vn -0.354247 0.602374 0.715301
vn -0.732656 0.580828 0.354758
vn -0.189800 0.966137 -0.174800
vn -0.029897 0.926845 0.374251
vn -0.043197 0.975068 -0.217659
vn 0.256038 0.885256 0.388287
vn 0.523544 0.831043 -0.187805
vn 0.523097 0.830140 -0.192969
vn 0.493395 0.774208 0.396438
vn 0.902403 0.230954 0.363770
vn 0.918435 0.251864 -0.305027
vn 0.925610 0.105608 -0.363446
vn 0.912668 0.130499 0.387309
vn -0.419375 0.443196 0.792276
vn -0.803509 0.373691 0.463388
vn -0.745669 -0.220871 0.628644
vn -0.448834 -0.154893 0.880089
vn -0.408579 -0.383060 0.828449
vn -0.632472 -0.448271 0.631690
vn -0.227232 -0.648520 0.726490
vn -0.362909 -0.751009 0.551618
vn 0.011488 -0.684586 0.728842
vn -0.110008 -0.889176 0.444144
vn 0.572169 -0.221739 0.789591
vn 0.669951 -0.742015 0.024081
vn 0.391183 -0.894215 0.217613
vn 0.370335 -0.387112 0.844391
vn 0.915916 -0.313717 0.250358
vn 0.854925 -0.478908 -0.199373
vn 0.109056 -0.929174 0.353189
vn 0.212035 -0.559587 0.801189
vn 0.882785 0.012193 0.469619
vn 0.918656 -0.157548 -0.362285
vn 0.223511 0.789675 0.571363
vn 0.551552 0.819507 0.155562
vn 0.732656 0.580828 0.354759
vn 0.354249 0.602377 0.715297
vn 0.118699 0.883870 0.452421
vn 0.378319 0.925222 -0.028974
vn 0.029901 0.926846 0.374249
vn 0.189797 0.966140 -0.174789
vn -0.256037 0.885256 0.388286
vn 0.043195 0.975071 -0.217649
vn -0.523544 0.831042 -0.187805
vn -0.493394 0.774205 0.396445
vn -0.523098 0.830140 -0.192970
vn -0.918435 0.251864 -0.305029
vn -0.902403 0.230954 0.363772
vn -0.912672 0.130511 0.387295
vn -0.925668 0.105604 -0.363298
vn 0.803509 0.373692 0.463388
vn 0.419376 0.443197 0.792276
vn 0.448836 -0.154894 0.880088
vn 0.745668 -0.220870 0.628646
vn 0.632473 -0.448272 0.631689
vn 0.408580 -0.383062 0.828448
vn 0.362911 -0.751010 0.551615
vn 0.227231 -0.648521 0.726490
vn 0.110035 -0.889193 0.444104
vn -0.011499 -0.684578 0.728849
vn -0.572145 -0.221652 0.789633
vn -0.669953 -0.742013 0.024084
vn -0.854987 -0.478859 -0.199227
vn -0.915889 -0.313259 0.251032
vn -0.370255 -0.387066 0.844447
vn -0.391176 -0.894230 0.217565
vn -0.212033 -0.559548 0.801217
vn -0.109019 -0.929216 0.353089
vn -0.918780 -0.157508 -0.361988
vn -0.882771 0.012194 0.469646
vn -0.101581 0.865402 0.490675
vn -0.203770 0.776388 0.596405
vn -0.009504 0.911484 0.411226
vn 0.316363 0.847225 0.426760
vn 0.486643 0.761158 0.428739
vn -0.391312 -0.384198 0.836222
vn -0.203745 -0.650630 0.731552
vn -0.425182 -0.151544 0.892331
vn -0.328674 0.593525 0.734643
vn -0.391206 0.443018 0.806655
vn 0.218437 -0.528340 0.820453
vn 0.046846 -0.656894 0.752526
vn 0.894286 0.143111 0.423995
vn 0.890380 0.228534 0.393695
vn 0.851041 0.018373 0.524778
vn 0.745895 -0.047073 0.664398
vn 0.009503 0.911479 0.411237
vn 0.101582 0.865398 0.490680
vn 0.203772 0.776389 0.596403
vn -0.486642 0.761154 0.428747
vn -0.316366 0.847220 0.426768
vn 0.425184 -0.151545 0.892330
vn 0.391312 -0.384199 0.836221
vn 0.203742 -0.650631 0.731552
vn 0.328676 0.593525 0.734643
vn 0.391207 0.443018 0.806655
vn -0.218488 -0.528246 0.820500
vn -0.046883 -0.656870 0.752545
vn -0.851043 0.018387 0.524775
vn -0.894292 0.143137 0.423973
vn -0.890379 0.228534 0.393697
vn -0.745853 -0.047056 0.664447
s 1
g Rat:Rat_Model_mesh:pCube11
usemtl aiStandardSurface1SG
f 918/805/805 2160/806/806 2850/807/807 2163/808/808
f 2160/806/806 919/809/809 2161/810/810 2850/807/807
f 2850/807/807 2161/810/810 920/811/811 2162/812/812
f 2163/808/808 2850/807/807 2162/812/812 921/813/813
f 919/809/809 2164/814/814 2851/815/815 2161/810/810
f 2164/814/814 922/816/816 2165/817/817 2851/815/815
f 2851/815/815 2165/817/817 923/818/818 2166/819/819
f 2161/810/810 2851/815/815 2166/819/819 920/811/811
f 922/816/816 2167/820/820 2852/821/821 2165/817/817
f 2167/820/820 924/822/822 2168/823/823 2852/821/821
f 2852/821/821 2168/823/823 925/824/824 2169/825/825
f 2165/817/817 2852/821/821 2169/825/825 923/818/818
f 921/813/813 2162/812/812 2853/826/826 2172/827/827
f 2162/812/812 920/811/811 2170/828/828 2853/826/826
f 2853/826/826 2170/828/828 926/829/829 2171/830/830
f 2172/827/827 2853/826/826 2171/830/830 927/831/831
f 920/811/811 2166/819/819 2854/832/832 2170/828/828
f 2166/819/819 923/818/818 2173/833/833 2854/832/832
f 2854/832/832 2173/833/833 928/834/834 2174/835/835
f 2170/828/828 2854/832/832 2174/835/835 926/829/829
f 923/818/818 2169/825/825 2855/836/836 2173/833/833
f 2169/825/825 925/824/824 2175/837/837 2855/836/836
f 2855/836/836 2175/837/837 929/838/838 2176/839/839
f 2173/833/833 2855/836/836 2176/839/839 928/834/834
f 927/831/831 2171/830/830 2856/840/840 2179/841/841
f 2171/830/830 926/829/829 2177/842/842 2856/840/840
f 2856/840/840 2177/842/842 930/843/843 2178/844/844
f 2179/841/841 2856/840/840 2178/844/844 931/845/845
f 926/829/829 2174/835/835 2857/846/846 2177/842/842
f 2174/835/835 928/834/834 2180/847/847 2857/846/846
f 2857/846/846 2180/847/847 932/848/848 2181/849/849
f 2177/842/842 2857/846/846 2181/849/849 930/843/843
f 928/834/834 2176/839/839 2858/850/850 2180/847/847
f 2176/839/839 929/838/838 2182/851/851 2858/850/850
f 2858/850/850 2182/851/851 933/852/852 2183/853/853
f 2180/847/847 2858/850/850 2183/853/853 932/848/848
f 817/854/854 2184/855/855 2859/856/856 2187/857/857
f 2184/855/855 818/858/858 2185/859/859 2859/856/856
f 2859/856/856 2185/859/859 822/860/860 2186/861/861
f 2187/857/857 2859/856/856 2186/861/861 821/862/862
f 818/858/858 2188/863/863 2860/864/864 2185/859/859
f 2188/863/863 819/865/865 2189/866/866 2860/864/864
f 2860/864/864 2189/866/866 823/867/867 2190/868/868
f 2185/859/859 2860/864/864 2190/868/868 822/860/860
f 819/865/865 2191/869/869 2861/870/870 2189/866/866
f 2191/869/869 820/871/871 2192/872/872 2861/870/870
f 2861/870/870 2192/872/872 824/873/873 2193/874/874
f 2189/866/866 2861/870/870 2193/874/874 823/867/867
f 821/862/862 2186/861/861 2862/875/875 2196/876/876
f 2186/861/861 822/860/860 2194/877/877 2862/875/875
f 2862/875/875 2194/877/877 826/878/878 2195/879/879
f 2196/876/876 2862/875/875 2195/879/879 825/880/880
f 822/860/860 2190/868/868 2863/881/881 2194/877/877
f 2190/868/868 823/867/867 2197/882/882 2863/881/881
f 2863/881/881 2197/882/882 827/883/883 2198/884/884
f 2194/877/877 2863/881/881 2198/884/884 826/878/878
f 823/867/867 2193/874/874 2864/885/885 2197/882/882
f 2193/874/874 824/873/873 2199/886/886 2864/885/885
f 2864/885/885 2199/886/886 828/887/887 2200/888/888
f 2197/882/882 2864/885/885 2200/888/888 827/883/883
f 825/880/880 2195/879/879 2865/889/889 2203/890/890
f 2195/879/879 826/878/878 2201/891/891 2865/889/889
f 2865/889/889 2201/891/891 830/892/892 2202/893/893
f 2203/890/890 2865/889/889 2202/893/893 829/894/894
f 826/878/878 2198/884/884 2866/895/895 2201/891/891
f 2198/884/884 827/883/883 2204/896/896 2866/895/895
f 2866/895/895 2204/896/896 831/897/897 2205/898/898
f 2201/891/891 2866/895/895 2205/898/898 830/892/892
f 827/883/883 2200/888/888 2867/899/899 2204/896/896
f 2200/888/888 828/887/887 2206/900/900 2867/899/899
f 2867/899/899 2206/900/900 832/901/901 2207/902/902
f 2204/896/896 2867/899/899 2207/902/902 831/897/897
f 829/894/894 2202/893/893 2868/903/903 2210/904/904
f 2202/893/893 830/892/892 2208/905/905 2868/903/903
f 2868/903/903 2208/905/905 806/906/906 2209/907/907
f 2210/904/904 2868/903/903 2209/907/907 805/908/908
f 830/892/892 2205/898/898 2869/909/909 2208/905/905
f 2205/898/898 831/897/897 2211/910/910 2869/909/909
f 2869/909/909 2211/910/910 807/911/911 2212/912/912
f 2208/905/905 2869/909/909 2212/912/912 806/906/906
f 831/897/897 2207/902/902 2870/913/913 2211/910/910
f 2207/902/902 832/901/901 2213/914/914 2870/913/913
f 2870/913/913 2213/914/914 808/915/915 2214/916/916
f 2211/910/910 2870/913/913 2214/916/916 807/911/911
f 828/887/887 2199/886/886 2871/917/917 2216/918/918
f 2199/886/886 824/873/873 2192/872/872 2871/917/917
f 2871/917/917 2192/872/872 820/871/871 2215/919/919
f 2216/918/918 2871/917/917 2215/919/919 816/920/920
f 832/901/901 2206/900/900 2872/921/921 2218/922/922
f 2206/900/900 828/887/887 2216/918/918 2872/921/921
f 2872/921/921 2216/918/918 816/920/920 2217/923/923
f 2218/922/922 2872/921/921 2217/923/923 814/924/924
f 808/915/915 2213/914/914 2873/925/925 2220/926/926
f 2213/914/914 832/901/901 2218/922/922 2873/925/925
f 2873/925/925 2218/922/922 814/924/924 2219/927/927
f 2220/926/926 2873/925/925 2219/927/927 812/928/928
f 821/862/862 2196/876/876 2874/929/929 2187/857/857
f 2196/876/876 825/880/880 2221/930/930 2874/929/929
f 2874/929/929 2221/930/930 815/931/931 2222/932/932
f 2187/857/857 2874/929/929 2222/932/932 817/854/854
f 825/880/880 2203/890/890 2875/933/933 2221/930/930
f 2203/890/890 829/894/894 2223/934/934 2875/933/933
f 2875/933/933 2223/934/934 813/935/935 2224/936/936
f 2221/930/930 2875/933/933 2224/936/936 815/931/931
f 829/894/894 2210/904/904 2876/937/937 2223/934/934
f 2210/904/904 805/908/908 2225/938/938 2876/937/937
f 2876/937/937 2225/938/938 809/939/939 2226/940/940
f 2223/934/934 2876/937/937 2226/940/940 813/935/935
f 840/3883/941 2227/942/942 2877/943/943 2230/3889/944
f 2227/942/942 861/945/945 2228/946/946 2877/943/943
f 2877/943/943 2228/946/946 879/3642/947 2229/3643/948
f 2230/3889/944 2877/943/943 2229/3643/948 860/3636/949
f 861/945/945 2231/950/950 2878/951/951 2228/946/946
f 2231/950/950 833/952/952 2232/953/953 2878/951/951
f 2878/951/951 2232/953/953 862/954/954 2233/955/955
f 2228/946/946 2878/951/951 2233/955/955 879/3642/947
f 879/3642/947 2233/955/955 2879/956/956 2236/3641/957
f 2233/955/955 862/954/954 2234/958/958 2879/956/956
f 2879/956/956 2234/958/958 841/959/959 2235/960/960
f 2236/3641/957 2879/956/956 2235/960/960 863/3640/961
f 863/3640/961 2235/960/960 2880/962/962 2239/3639/963
f 2235/960/960 841/959/959 2237/964/964 2880/962/962
f 2880/962/962 2237/964/964 864/965/965 2238/966/966
f 2239/3639/963 2880/962/962 2238/966/966 880/3638/967
f 880/3638/967 2238/966/966 2881/968/968 2242/969/969
f 2238/966/966 864/965/965 2240/970/970 2881/968/968
f 2881/968/968 2240/970/970 834/971/971 2241/972/972
f 2242/969/969 2881/968/968 2241/972/972 865/973/973
f 866/974/974 2243/3637/975 2882/976/976 2245/977/977
f 2243/3637/975 880/3638/967 2242/969/969 2882/976/976
f 2882/976/976 2242/969/969 865/973/973 2244/978/978
f 2245/977/977 2882/976/976 2244/978/978 842/979/979
f 865/973/973 2241/972/972 2883/980/980 2249/981/981
f 834/971/971 2246/982/982 2883/980/980 2241/972/972
f 867/983/983 2247/984/984 2883/980/980 2246/982/982
f 897/985/985 2248/986/986 2883/980/980 2247/984/984
f 896/987/987 2249/981/981 2883/980/980 2248/986/986
f 844/988/988 2250/989/989 2884/990/990 2253/991/991
f 2250/989/989 870/992/992 2251/993/993 2884/990/990
f 2884/990/990 2251/993/993 881/994/994 2252/995/995
f 2253/991/991 2884/990/990 2252/995/995 869/996/996
f 870/992/992 2254/997/997 2885/998/998 2251/993/993
f 2254/997/997 835/999/999 2255/1000/1000 2885/998/998
f 2885/998/998 2255/1000/1000 871/1001/1001 2256/1002/1002
f 2251/993/993 2885/998/998 2256/1002/1002 881/994/994
f 881/994/994 2256/1002/1002 2886/1003/1003 2259/1004/1004
f 2256/1002/1002 871/1001/1001 2257/1005/1005 2886/1003/1003
f 2886/1003/1003 2257/1005/1005 837/1006/1006 2258/1007/1007
f 2259/1004/1004 2886/1003/1003 2258/1007/1007 872/1008/1008
f 869/996/996 2252/995/995 2887/1009/1009 2261/1010/1010
f 2252/995/995 881/994/994 2259/1004/1004 2887/1009/1009
f 2887/1009/1009 2259/1004/1004 872/1008/1008 2260/1011/1011
f 2261/1010/1010 2887/1009/1009 2260/1011/1011 846/1012/1012
f 846/1012/1012 2260/1011/1011 2888/1013/1013 2264/3877/1014
f 2260/1011/1011 872/1008/1008 2262/1015/1015 2888/1013/1013
f 2888/1013/1013 2262/1015/1015 882/1016/1016 2263/1017/1017
f 2264/3877/1014 2888/1013/1013 2263/1017/1017 875/3878/1018
f 872/1008/1008 2258/1007/1007 2889/1019/1019 2262/1015/1015
f 2258/1007/1007 837/1006/1006 2265/1020/1020 2889/1019/1019
f 2889/1019/1019 2265/1020/1020 873/1021/1021 2266/1022/1022
f 2262/1015/1015 2889/1019/1019 2266/1022/1022 882/1016/1016
f 882/1016/1016 2266/1022/1022 2890/1023/1023 2269/1024/1024
f 2266/1022/1022 873/1021/1021 2267/1025/1025 2890/1023/1023
f 2890/1023/1023 2267/1025/1025 836/1026/1026 2268/1027/1027
f 2269/1024/1024 2890/1023/1023 2268/1027/1027 874/1028/1028
f 875/3878/1018 2263/1017/1017 2891/1029/1029 2271/3888/1030
f 2263/1017/1017 882/1016/1016 2269/1024/1024 2891/1029/1029
f 2891/1029/1029 2269/1024/1024 874/1028/1028 2270/1031/1031
f 2271/3888/1030 2891/1029/1029 2270/1031/1031 838/3887/1032
f 838/3887/1032 2270/1031/1031 2892/1033/1033 2274/3886/1034
f 2270/1031/1031 874/1028/1028 2272/1035/1035 2892/1033/1033
f 2892/1033/1033 2272/1035/1035 883/1036/1036 2273/1037/1037
f 2274/3886/1034 2892/1033/1033 2273/1037/1037 876/3885/1038
f 874/1028/1028 2268/1027/1027 2893/1039/1039 2272/1035/1035
f 2268/1027/1027 836/1026/1026 2275/1040/1040 2893/1039/1039
f 2893/1039/1039 2275/1040/1040 877/1041/1041 2276/1042/1042
f 2272/1035/1035 2893/1039/1039 2276/1042/1042 883/1036/1036
f 883/1036/1036 2276/1042/1042 2894/1043/1043 2279/1044/1044
f 2276/1042/1042 877/1041/1041 2277/1045/1045 2894/1043/1043
f 2894/1043/1043 2277/1045/1045 839/1046/1046 2278/1047/1047
f 2279/1044/1044 2894/1043/1043 2278/1047/1047 878/1048/1048
f 876/3885/1038 2273/1037/1037 2895/1049/1049 2281/3884/1050
f 2273/1037/1037 883/1036/1036 2279/1044/1044 2895/1049/1049
f 2895/1049/1049 2279/1044/1044 878/1048/1048 2280/1051/1051
f 2281/3884/1050 2895/1049/1049 2280/1051/1051 847/3880/1052
f 847/3880/1052 2280/1051/1051 2896/1053/1053 2284/3879/1054
f 2280/1051/1051 878/1048/1048 2282/1055/1055 2896/1053/1053
f 2896/1053/1053 2282/1055/1055 884/1056/1056 2283/1057/1057
f 2284/3879/1054 2896/1053/1053 2283/1057/1057 850/3881/1058
f 878/1048/1048 2278/1047/1047 2897/1059/1059 2282/1055/1055
f 2278/1047/1047 839/1046/1046 2285/1060/1060 2897/1059/1059
f 2897/1059/1059 2285/1060/1060 849/1061/1061 2286/1062/1062
f 2282/1055/1055 2897/1059/1059 2286/1062/1062 884/1056/1056
f 884/1056/1056 2286/1062/1062 2898/1063/1063 2288/1064/1064
f 2286/1062/1062 849/1061/1061 2287/1065/1065 2898/1063/1063
f 2898/1063/1063 2287/1065/1065 833/952/952 2231/950/950
f 2288/1064/1064 2898/1063/1063 2231/950/950 861/945/945
f 850/3881/1058 2283/1057/1057 2899/1066/1066 2289/3882/1067
f 2283/1057/1057 884/1056/1056 2288/1064/1064 2899/1066/1066
f 2899/1066/1066 2288/1064/1064 861/945/945 2227/942/942
f 2289/3882/1067 2899/1066/1066 2227/942/942 840/3883/941
f 833/952/952 2287/1065/1065 2900/1068/1068 2232/953/953
f 2287/1065/1065 849/1061/1061 2290/1069/1069 2900/1068/1068
f 2900/1068/1068 2290/1069/1069 885/1070/1070 2291/1071/1071
f 2232/953/953 2900/1068/1068 2291/1071/1071 862/954/954
f 849/1061/1061 2285/1060/1060 2901/1072/1072 2290/1069/1069
f 2285/1060/1060 839/1046/1046 2292/1073/1073 2901/1072/1072
f 2901/1072/1072 2292/1073/1073 851/1074/1074 2293/1075/1075
f 2290/1069/1069 2901/1072/1072 2293/1075/1075 885/1070/1070
f 885/1070/1070 2293/1075/1075 2902/1076/1076 2296/1077/1077
f 2293/1075/1075 851/1074/1074 2294/1078/1078 2902/1076/1076
f 2902/1076/1076 2294/1078/1078 848/1079/1079 2295/1080/1080
f 2296/1077/1077 2902/1076/1076 2295/1080/1080 852/1081/1081
f 862/954/954 2291/1071/1071 2903/1082/1082 2234/958/958
f 2291/1071/1071 885/1070/1070 2296/1077/1077 2903/1082/1082
f 2903/1082/1082 2296/1077/1077 852/1081/1081 2297/1083/1083
f 2234/958/958 2903/1082/1082 2297/1083/1083 841/959/959
f 839/1046/1046 2277/1045/1045 2904/1084/1084 2292/1073/1073
f 2277/1045/1045 877/1041/1041 2298/1085/1085 2904/1084/1084
f 2904/1084/1084 2298/1085/1085 886/1086/1086 2299/1087/1087
f 2292/1073/1073 2904/1084/1084 2299/1087/1087 851/1074/1074
f 877/1041/1041 2275/1040/1040 2905/1088/1088 2298/1085/1085
f 2275/1040/1040 836/1026/1026 2267/1025/1025 2905/1088/1088
f 2905/1088/1088 2267/1025/1025 873/1021/1021 2300/1089/1089
f 2298/1085/1085 2905/1088/1088 2300/1089/1089 886/1086/1086
f 887/1090/1090 2301/1091/1091 2906/1092/1092 2303/1093/1093
f 2301/1091/1091 871/1001/1001 2255/1000/1000 2906/1092/1092
f 2906/1092/1092 2255/1000/1000 835/999/999 2302/1094/1094
f 2303/1093/1093 2906/1092/1092 2302/1094/1094 853/1095/1095
f 854/1096/1096 2304/1097/1097 2907/1098/1098 2306/1099/1099
f 2304/1097/1097 887/1090/1090 2303/1093/1093 2907/1098/1098
f 2907/1098/1098 2303/1093/1093 853/1095/1095 2305/1100/1100
f 2306/1099/1099 2907/1098/1098 2305/1100/1100 843/1101/1101
f 841/959/959 2297/1083/1083 2908/1102/1102 2237/964/964
f 2297/1083/1083 852/1081/1081 2307/1103/1103 2908/1102/1102
f 2908/1102/1102 2307/1103/1103 888/1104/1104 2308/1105/1105
f 2237/964/964 2908/1102/1102 2308/1105/1105 864/965/965
f 852/1081/1081 2295/1080/1080 2909/1106/1106 2307/1103/1103
f 2295/1080/1080 848/1079/1079 2309/1107/1107 2909/1106/1106
f 2909/1106/1106 2309/1107/1107 854/1096/1096 2310/1108/1108
f 2307/1103/1103 2909/1106/1106 2310/1108/1108 888/1104/1104
f 888/1104/1104 2310/1108/1108 2910/1109/1109 2312/1110/1110
f 2310/1108/1108 854/1096/1096 2306/1099/1099 2910/1109/1109
f 2910/1109/1109 2306/1099/1099 843/1101/1101 2311/1111/1111
f 2312/1110/1110 2910/1109/1109 2311/1111/1111 867/983/983
f 864/965/965 2308/1105/1105 2911/1112/1112 2240/970/970
f 2308/1105/1105 888/1104/1104 2312/1110/1110 2911/1112/1112
f 2911/1112/1112 2312/1110/1110 867/983/983 2246/982/982
f 2240/970/970 2911/1112/1112 2246/982/982 834/971/971
f 845/1113/1113 2313/1114/1114 2912/1115/1115 2316/1116/1116
f 2313/1114/1114 868/1117/1117 2314/1118/1118 2912/1115/1115
f 2912/1115/1115 2314/1118/1118 889/1119/1119 2315/1120/1120
f 2316/1116/1116 2912/1115/1115 2315/1120/1120 856/1121/1121
f 868/1117/1117 2317/1122/1122 2913/1123/1123 2314/1118/1118
f 2317/1122/1122 843/1101/1101 2318/1124/1124 2913/1123/1123
f 2913/1123/1123 2318/1124/1124 855/1125/1125 2319/1126/1126
f 2314/1118/1118 2913/1123/1123 2319/1126/1126 889/1119/1119
f 889/1119/1119 2319/1126/1126 2914/1127/1127 2321/1128/1128
f 2319/1126/1126 855/1125/1125 2320/1129/1129 2914/1127/1127
f 856/1121/1121 2315/1120/1120 2915/1130/1130 2322/1131/1131
f 2315/1120/1120 889/1119/1119 2321/1128/1128 2915/1130/1130
f 843/1101/1101 2305/1100/1100 2916/1132/1132 2318/1124/1124
f 2305/1100/1100 853/1095/1095 2323/1133/1133 2916/1132/1132
f 2916/1132/1132 2323/1133/1133 890/1134/1134 2324/1135/1135
f 2318/1124/1124 2916/1132/1132 2324/1135/1135 855/1125/1125
f 853/1095/1095 2302/1094/1094 2917/1136/1136 2323/1133/1133
f 2302/1094/1094 835/999/999 2325/1137/1137 2917/1136/1136
f 2917/1136/1136 2325/1137/1137 857/1138/1138 2326/1139/1139
f 2323/1133/1133 2917/1136/1136 2326/1139/1139 890/1134/1134
f 890/1134/1134 2326/1139/1139 2918/1140/1140 2328/1141/1141
f 2326/1139/1139 857/1138/1138 2327/1142/1142 2918/1140/1140
f 855/1125/1125 2324/1135/1135 2919/1143/1143 2320/1129/1129
f 2324/1135/1135 890/1134/1134 2328/1141/1141 2919/1143/1143
f 835/999/999 2254/997/997 2920/1144/1144 2325/1137/1137
f 2254/997/997 870/992/992 2329/1145/1145 2920/1144/1144
f 2920/1144/1144 2329/1145/1145 891/1146/1146 2330/1147/1147
f 2325/1137/1137 2920/1144/1144 2330/1147/1147 857/1138/1138
f 870/992/992 2250/989/989 2921/1148/1148 2329/1145/1145
f 2250/989/989 844/988/988 2331/1149/1149 2921/1148/1148
f 2921/1148/1148 2331/1149/1149 858/1150/1150 2332/1151/1151
f 2329/1145/1145 2921/1148/1148 2332/1151/1151 891/1146/1146
f 891/1146/1146 2332/1151/1151 2922/1152/1152 2334/1153/1153
f 2332/1151/1151 858/1150/1150 2333/1154/1154 2922/1152/1152
f 857/1138/1138 2330/1147/1147 2923/1155/1155 2327/1142/1142
f 2330/1147/1147 891/1146/1146 2334/1153/1153 2923/1155/1155
f 844/988/988 2335/1156/1156 2924/1157/1157 2331/1149/1149
f 2335/1156/1156 859/1158/1158 2336/1159/1159 2924/1157/1157
f 2924/1157/1157 2336/1159/1159 892/1160/1160 2337/1161/1161
f 2331/1149/1149 2924/1157/1157 2337/1161/1161 858/1150/1150
f 859/1158/1158 2338/1162/1162 2925/1163/1163 2336/1159/1159
f 2338/1162/1162 845/1113/1113 2316/1116/1116 2925/1163/1163
f 2925/1163/1163 2316/1116/1116 856/1121/1121 2339/1164/1164
f 2336/1159/1159 2925/1163/1163 2339/1164/1164 892/1160/1160
f 892/1160/1160 2339/1164/1164 2926/1165/1165 2340/1166/1166
f 2339/1164/1164 856/1121/1121 2322/1131/1131 2926/1165/1165
f 858/1150/1150 2337/1161/1161 2927/1167/1167 2333/1154/1154
f 2337/1161/1161 892/1160/1160 2340/1166/1166 2927/1167/1167
f 895/1168/1168 2341/1169/1169 2928/1170/1170 2342/1171/1171
f 897/985/985 2247/984/984 2928/1170/1170 2341/1169/1169
f 867/983/983 2311/1111/1111 2928/1170/1170 2247/984/984
f 843/1101/1101 2317/1122/1122 2928/1170/1170 2311/1111/1111
f 868/1117/1117 2342/1171/1171 2928/1170/1170 2317/1122/1122
f 842/979/979 2244/978/978 2929/1172/1172 2344/1173/1173
f 2244/978/978 865/973/973 2249/981/981 2929/1172/1172
f 2929/1172/1172 2249/981/981 896/987/987 2343/1174/1174
f 2344/1173/1173 2929/1172/1172 2343/1174/1174 894/1175/1175
f 961/1176/1176 2345/1177/1177 2930/1178/1178 2348/1179/1179
f 2345/1177/1177 960/1180/1180 2346/1181/1181 2930/1178/1178
f 2930/1178/1178 2346/1181/1181 962/1182/1182 2347/1183/1183
f 2348/1179/1179 2930/1178/1178 2347/1183/1183 963/1184/1184
f 886/1086/1086 2300/1089/1089 2931/1185/1185 2351/1186/1186
f 2300/1089/1089 873/1021/1021 2349/1187/1187 2931/1185/1185
f 2931/1185/1185 2349/1187/1187 899/3921/1188 2350/3920/1189
f 2351/1186/1186 2931/1185/1185 2350/3920/1189 900/3919/1190
f 873/1021/1021 2265/1020/1020 2932/1191/1191 2349/1187/1187
f 2265/1020/1020 837/1006/1006 2352/1192/1192 2932/1191/1191
f 2932/1191/1191 2352/1192/1192 898/1193/1193 2353/3922/1194
f 2349/1187/1187 2932/1191/1191 2353/3922/1194 899/3921/1188
f 851/1074/1074 2299/1087/1087 2933/1195/1195 2355/1196/1196
f 2299/1087/1087 886/1086/1086 2351/1186/1186 2933/1195/1195
f 2933/1195/1195 2351/1186/1186 900/3919/1190 2354/3918/1197
f 2355/1196/1196 2933/1195/1195 2354/3918/1197 901/3917/1198
f 848/1079/1079 2294/1078/1078 2934/1199/1199 2357/1200/1200
f 2294/1078/1078 851/1074/1074 2355/1196/1196 2934/1199/1199
f 2934/1199/1199 2355/1196/1196 901/3917/1198 2356/3916/1201
f 2357/1200/1200 2934/1199/1199 2356/3916/1201 902/3915/1202
f 887/1090/1090 2304/1097/1097 2935/1203/1203 2360/1204/1204
f 2304/1097/1097 854/1096/1096 2358/1205/1205 2935/1203/1203
f 2935/1203/1203 2358/1205/1205 903/3913/1206 2359/3912/1207
f 2360/1204/1204 2935/1203/1203 2359/3912/1207 904/3911/1208
f 854/1096/1096 2309/1107/1107 2936/1209/1209 2358/1205/1205
f 2309/1107/1107 848/1079/1079 2357/1200/1200 2936/1209/1209
f 2936/1209/1209 2357/1200/1200 902/3915/1202 2361/3914/1210
f 2358/1205/1205 2936/1209/1209 2361/3914/1210 903/3913/1206
f 837/1006/1006 2257/1005/1005 2937/1211/1211 2352/1192/1192
f 2257/1005/1005 871/1001/1001 2362/1212/1212 2937/1211/1211
f 2937/1211/1211 2362/1212/1212 905/3909/1213 2363/3907/1214
f 2352/1192/1192 2937/1211/1211 2363/3907/1214 898/1193/1193
f 871/1001/1001 2301/1091/1091 2938/1215/1215 2362/1212/1212
f 2301/1091/1091 887/1090/1090 2360/1204/1204 2938/1215/1215
f 2938/1215/1215 2360/1204/1204 904/3911/1208 2364/3910/1216
f 2362/1212/1212 2938/1215/1215 2364/3910/1216 905/3909/1213
f 899/1188/1188 2353/1194/1194 2939/1217/1217 2366/1218/1218
f 2353/1194/1194 898/3908/1193 2365/1219/1219 2939/1217/1217
f 2939/1217/1217 2365/1219/1219 805/908/908 2209/907/907
f 2366/1218/1218 2939/1217/1217 2209/907/907 806/906/906
f 900/1190/1190 2350/1189/1189 2940/1220/1220 2367/1221/1221
f 2350/1189/1189 899/1188/1188 2366/1218/1218 2940/1220/1220
f 2940/1220/1220 2366/1218/1218 806/906/906 2212/912/912
f 2367/1221/1221 2940/1220/1220 2212/912/912 807/911/911
f 901/1198/1198 2354/1197/1197 2941/1222/1222 2368/1223/1223
f 2354/1197/1197 900/1190/1190 2367/1221/1221 2941/1222/1222
f 2941/1222/1222 2367/1221/1221 807/911/911 2214/916/916
f 2368/1223/1223 2941/1222/1222 2214/916/916 808/915/915
f 902/1202/1202 2356/1201/1201 2942/1224/1224 2369/1225/1225
f 2356/1201/1201 901/1198/1198 2368/1223/1223 2942/1224/1224
f 2942/1224/1224 2368/1223/1223 808/915/915 2220/926/926
f 2369/1225/1225 2942/1224/1224 2220/926/926 812/928/928
f 903/1206/1206 2361/1210/1210 2943/1226/1226 2371/1227/1227
f 2361/1210/1210 902/1202/1202 2369/1225/1225 2943/1226/1226
f 2943/1226/1226 2369/1225/1225 812/928/928 2370/1228/1228
f 2371/1227/1227 2943/1226/1226 2370/1228/1228 811/1229/1229
f 904/1208/1208 2359/1207/1207 2944/1230/1230 2373/1231/1231
f 2359/1207/1207 903/1206/1206 2371/1227/1227 2944/1230/1230
f 2944/1230/1230 2371/1227/1227 811/1229/1229 2372/1232/1232
f 2373/1231/1231 2944/1230/1230 2372/1232/1232 810/1233/1233
f 905/1213/1213 2364/3972/1216 2945/3974/1234 2375/1235/1235
f 2364/1216/1216 904/1208/1208 2373/1231/1231 2945/1234/1234
f 2945/1234/1234 2373/1231/1231 810/1233/1233 2374/1236/1236
f 2375/1235/1235 2945/3974/1234 2374/3976/1236 809/939/939
f 898/3908/1193 2363/1214/1214 2946/1237/1237 2365/1219/1219
f 2363/1214/1214 905/1213/1213 2375/1235/1235 2946/1237/1237
f 2946/1237/1237 2375/1235/1235 809/939/939 2225/938/938
f 2365/1219/1219 2946/1237/1237 2225/938/938 805/908/908
f 809/939/939 2374/3976/1236 2947/3980/1238 2378/1239/1239
f 2374/1236/1236 810/1233/1233 2376/1240/1240 2947/1238/1238
f 2947/1238/1238 2376/1240/1240 907/3967/1241 2377/3970/1242
f 2378/1239/1239 2947/3980/1238 2377/3979/1242 906/3969/1243
f 813/935/935 2226/940/940 2948/1244/1244 2380/1245/1245
f 2226/940/940 809/939/939 2378/1239/1239 2948/1244/1244
f 2948/1244/1244 2378/1239/1239 906/3969/1243 2379/3968/1246
f 2380/1245/1245 2948/1244/1244 2379/3968/1246 908/3961/1247
f 810/1233/1233 2372/1232/1232 2949/1248/1248 2376/1240/1240
f 2372/1232/1232 811/1229/1229 2381/1249/1249 2949/1248/1248
f 2949/1248/1248 2381/1249/1249 909/3965/1250 2382/3966/1251
f 2376/1240/1240 2949/1248/1248 2382/3966/1251 907/3967/1241
f 811/1229/1229 2370/1228/1228 2950/1252/1252 2381/1249/1249
f 2370/1228/1228 812/928/928 2383/1253/1253 2950/1252/1252
f 2950/1252/1252 2383/1253/1253 910/3963/1254 2384/3964/1255
f 2381/1249/1249 2950/1252/1252 2384/3964/1255 909/3965/1250
f 812/928/928 2219/927/927 2951/1256/1256 2383/1253/1253
f 2219/927/927 814/924/924 2385/1257/1257 2951/1256/1256
f 2951/1256/1256 2385/1257/1257 911/3959/1258 2386/3962/1259
f 2383/1253/1253 2951/1256/1256 2386/3962/1259 910/3963/1254
f 815/931/931 2224/936/936 2952/1260/1260 2388/1261/1261
f 2224/936/936 813/935/935 2380/1245/1245 2952/1260/1260
f 2952/1260/1260 2380/1245/1245 908/3961/1247 2387/3960/1262
f 2388/1261/1261 2952/1260/1260 2387/3960/1262 912/3956/1263
f 814/924/924 2217/923/923 2953/1264/1264 2385/1257/1257
f 2217/923/923 816/920/920 2389/1265/1265 2953/1264/1264
f 2953/1264/1264 2389/1265/1265 913/3951/1266 2390/3958/1267
f 2385/1257/1257 2953/1264/1264 2390/3958/1267 911/3959/1258
f 818/858/858 2184/855/855 2954/1268/1268 2393/1269/1269
f 2184/855/855 817/854/854 2391/1270/1270 2954/1268/1268
f 2954/1268/1268 2391/1270/1270 915/3955/1271 2392/3957/1272
f 2393/1269/1269 2954/1268/1268 2392/3957/1272 914/3953/1273
f 817/854/854 2222/932/932 2955/1274/1274 2391/1270/1270
f 2222/932/932 815/931/931 2388/1261/1261 2955/1274/1274
f 2955/1274/1274 2388/1261/1261 912/3956/1263 2394/3954/1275
f 2391/1270/1270 2955/1274/1274 2394/3954/1275 915/3955/1271
f 819/865/865 2188/863/863 2956/1276/1276 2396/1277/1277
f 2188/863/863 818/858/858 2393/1269/1269 2956/1276/1276
f 2956/1276/1276 2393/1269/1269 914/3953/1273 2395/3952/1278
f 2396/1277/1277 2956/1276/1276 2395/3952/1278 916/3949/1279
f 816/920/920 2215/919/919 2957/1280/1280 2389/1265/1265
f 2215/919/919 820/871/871 2397/1281/1281 2957/1280/1280
f 2957/1280/1280 2397/1281/1281 917/3948/1282 2398/3950/1283
f 2389/1265/1265 2957/1280/1280 2398/3950/1283 913/3951/1266
f 820/871/871 2191/869/869 2958/1284/1284 2397/1281/1281
f 2191/869/869 819/865/865 2396/1277/1277 2958/1284/1284
f 2958/1284/1284 2396/1277/1277 916/3949/1279 2399/3947/1285
f 2397/1281/1281 2958/1284/1284 2399/3947/1285 917/3948/1282
f 906/1243/1243 2377/1242/1242 2959/1286/1286 2401/1287/1287
f 2377/1242/1242 907/1241/1241 2400/1288/1288 2959/1286/1286
f 2959/1286/1286 2400/1288/1288 919/809/809 2160/806/806
f 2401/1287/1287 2959/1286/1286 2160/806/806 918/805/805
f 908/1247/1247 2379/1246/1246 2960/1289/1289 2402/1290/1290
f 2379/1246/1246 906/1243/1243 2401/1287/1287 2960/1289/1289
f 2960/1289/1289 2401/1287/1287 918/805/805 2163/808/808
f 2402/1290/1290 2960/1289/1289 2163/808/808 921/813/813
f 907/1241/1241 2382/1251/1251 2961/1291/1291 2400/1288/1288
f 2382/1251/1251 909/1250/1250 2403/1292/1292 2961/1291/1291
f 2961/1291/1291 2403/1292/1292 922/816/816 2164/814/814
f 2400/1288/1288 2961/1291/1291 2164/814/814 919/809/809
f 909/1250/1250 2384/1255/1255 2962/1293/1293 2403/1292/1292
f 2384/1255/1255 910/1254/1254 2404/1294/1294 2962/1293/1293
f 2962/1293/1293 2404/1294/1294 924/822/822 2167/820/820
f 2403/1292/1292 2962/1293/1293 2167/820/820 922/816/816
f 910/1254/1254 2386/1259/1259 2963/1295/1295 2404/1294/1294
f 2386/1259/1259 911/1258/1258 2405/1296/1296 2963/1295/1295
f 2963/1295/1295 2405/1296/1296 925/824/824 2168/823/823
f 2404/1294/1294 2963/1295/1295 2168/823/823 924/822/822
f 912/1263/1263 2387/1262/1262 2964/1297/1297 2406/1298/1298
f 2387/1262/1262 908/1247/1247 2402/1290/1290 2964/1297/1297
f 2964/1297/1297 2402/1290/1290 921/813/813 2172/827/827
f 2406/1298/1298 2964/1297/1297 2172/827/827 927/831/831
f 911/1258/1258 2390/1267/1267 2965/1299/1299 2405/1296/1296
f 2390/1267/1267 913/1266/1266 2407/1300/1300 2965/1299/1299
f 2965/1299/1299 2407/1300/1300 929/838/838 2175/837/837
f 2405/1296/1296 2965/1299/1299 2175/837/837 925/824/824
f 914/1273/1273 2392/1272/1272 2966/1301/1301 2409/1302/1302
f 2392/1272/1272 915/1271/1271 2408/1303/1303 2966/1301/1301
f 2966/1301/1301 2408/1303/1303 931/845/845 2178/844/844
f 2409/1302/1302 2966/1301/1301 2178/844/844 930/843/843
f 915/1271/1271 2394/1275/1275 2967/1304/1304 2408/1303/1303
f 2394/1275/1275 912/1263/1263 2406/1298/1298 2967/1304/1304
f 2967/1304/1304 2406/1298/1298 927/831/831 2179/841/841
f 2408/1303/1303 2967/1304/1304 2179/841/841 931/845/845
f 916/1279/1279 2395/1278/1278 2968/1305/1305 2410/1306/1306
f 2395/1278/1278 914/1273/1273 2409/1302/1302 2968/1305/1305
f 2968/1305/1305 2409/1302/1302 930/843/843 2181/849/849
f 2410/1306/1306 2968/1305/1305 2181/849/849 932/848/848
f 913/1266/1266 2398/1283/1283 2969/1307/1307 2407/1300/1300
f 2398/1283/1283 917/1282/1282 2411/1308/1308 2969/1307/1307
f 2969/1307/1307 2411/1308/1308 933/852/852 2182/851/851
f 2407/1300/1300 2969/1307/1307 2182/851/851 929/838/838
f 917/1282/1282 2399/1285/1285 2970/1309/1309 2411/1308/1308
f 2399/1285/1285 916/1279/1279 2410/1306/1306 2970/1309/1309
f 2970/1309/1309 2410/1306/1306 932/848/848 2183/853/853
f 2411/1308/1308 2970/1309/1309 2183/853/853 933/852/852
f 2971/1310/1310 2412/1311/1311 934/1312/1312 2413/1313/1313
f 2414/1314/1314 2971/1310/1310 2413/1313/1313 935/1315/1315
f 2972/1316/1316 2414/1314/1314 935/1315/1315 2415/1317/1317
f 2416/1318/1318 2972/1316/1316 2415/1317/1317 936/1319/1319
f 2973/1320/1320 2417/1321/1321 937/1322/1322 2418/1323/1323
f 2412/1311/1311 2973/1320/1320 2418/1323/1323 934/1312/1312
f 2974/1324/1324 2419/1325/1325 938/1326/1326 2420/1327/1327
f 2417/1321/1321 2974/1324/1324 2420/1327/1327 937/1322/1322
f 2975/1328/1328 2421/1329/1329 939/1330/1330 2422/1331/1331
f 2423/1332/1332 2975/1328/1328 2422/1331/1331 940/1333/1333
f 2976/1334/1334 2423/1332/1332 940/1333/1333 2424/1335/1335
f 2419/1325/1325 2976/1334/1334 2424/1335/1335 938/1326/1326
f 2977/1336/1336 2425/1337/1337 941/1338/1338 2426/1339/1339
f 2421/1329/1329 2977/1336/1336 2426/1339/1339 939/1330/1330
f 2978/1340/1340 2416/1318/1318 936/1319/1319 2427/1341/1341
f 2425/1337/1337 2978/1340/1340 2427/1341/1341 941/1338/1338
f 893/1342/1342 2428/1343/1343 2979/1344/1344 2431/1345/1345
f 2428/1343/1343 895/1168/1168 2429/1346/1346 2979/1344/1344
f 2979/1344/1344 2429/1346/1346 942/1347/1347 2430/1348/1348
f 2431/1345/1345 2979/1344/1344 2430/1348/1348 943/1349/1349
f 895/1168/1168 2342/1171/1171 2980/1350/1350 2429/1346/1346
f 2342/1171/1171 868/1117/1117 2432/1351/1351 2980/1350/1350
f 2980/1350/1350 2432/1351/1351 944/1352/1352 2433/1353/1353
f 2429/1346/1346 2980/1350/1350 2433/1353/1353 942/1347/1347
f 868/1117/1117 2313/1114/1114 2981/1354/1354 2432/1351/1351
f 2313/1114/1114 845/1113/1113 2434/1355/1355 2981/1354/1354
f 2981/1354/1354 2434/1355/1355 945/1356/1356 2435/1357/1357
f 2432/1351/1351 2981/1354/1354 2435/1357/1357 944/1352/1352
f 943/1349/1349 2430/1348/1348 2982/1358/1358 2438/1359/1359
f 2430/1348/1348 942/1347/1347 2436/1360/1360 2982/1358/1358
f 2982/1358/1358 2436/1360/1360 974/1361/1361 2437/1362/1362
f 2438/1359/1359 2982/1358/1358 2437/1362/1362 975/1363/1363
f 942/1347/1347 2433/1353/1353 2983/1364/1364 2436/1360/1360
f 2433/1353/1353 944/1352/1352 2439/1365/1365 2983/1364/1364
f 2983/1364/1364 2439/1365/1365 973/1366/1366 2440/1367/1367
f 2436/1360/1360 2983/1364/1364 2440/1367/1367 974/1361/1361
f 944/1352/1352 2435/1357/1357 2984/1368/1368 2439/1365/1365
f 2435/1357/1357 945/1356/1356 2441/1369/1369 2984/1368/1368
f 2984/1368/1368 2441/1369/1369 972/1370/1370 2442/1371/1371
f 2439/1365/1365 2984/1368/1368 2442/1371/1371 973/1366/1366
f 897/985/985 2341/1169/1169 3544/1372/1372 3545/1373/1373
f 2341/1169/1169 895/1168/1168 3543/1374/1374 3544/1372/1372
f 2985/1375/1375 2443/1376/1376 956/1377/1377 2444/1378/1378
f 2445/1379/1379 2985/1375/1375 2444/1378/1378 957/1380/1380
f 896/987/987 2248/986/986 3546/1381/1381 3547/1382/1382
f 2248/986/986 897/985/985 3545/1373/1373 3546/1381/1381
f 2986/1383/1383 2445/1379/1379 957/1380/1380 2446/1384/1384
f 2447/1385/1385 2986/1383/1383 2446/1384/1384 958/1386/1386
f 894/1175/1175 2343/1174/1174 3532/1387/1387 3533/1388/1388
f 2343/1174/1174 896/987/987 3547/1382/1382 3532/1387/1387
f 2987/1389/1389 2447/1385/1385 958/1386/1386 2448/1390/1390
f 2449/1391/1391 2987/1389/1389 2448/1390/1390 959/1392/1392
f 895/1168/1168 2428/1343/1343 3542/1393/1393 3543/1374/1374
f 2428/1343/1343 893/1342/1342 3541/1394/1394 3542/1393/1393
f 2988/1395/1395 2450/1396/1396 955/1397/1397 2451/1398/1398
f 2443/1376/1376 2988/1395/1395 2451/1398/1398 956/1377/1377
f 956/1377/1377 2451/1398/1398 2989/1399/1399 2454/1400/1400
f 2451/1398/1398 955/1397/1397 2452/1401/1401 2989/1399/1399
f 2989/1399/1399 2452/1401/1401 954/1402/1402 2453/1403/1403
f 2454/1400/1400 2989/1399/1399 2453/1403/1403 951/1404/1404
f 957/1380/1380 2444/1378/1378 2990/1405/1405 2456/1406/1406
f 2444/1378/1378 956/1377/1377 2454/1400/1400 2990/1405/1405
f 2990/1405/1405 2454/1400/1400 951/1404/1404 2455/1407/1407
f 2456/1406/1406 2990/1405/1405 2455/1407/1407 950/1408/1408
f 958/1386/1386 2446/1384/1384 2991/1409/1409 2458/1410/1410
f 2446/1384/1384 957/1380/1380 2456/1406/1406 2991/1409/1409
f 2991/1409/1409 2456/1406/1406 950/1408/1408 2457/1411/1411
f 2458/1410/1410 2991/1409/1409 2457/1411/1411 952/1412/1412
f 959/1392/1392 2448/1390/1390 2992/1413/1413 2460/1414/1414
f 2448/1390/1390 958/1386/1386 2458/1410/1410 2992/1413/1413
f 2992/1413/1413 2458/1410/1410 952/1412/1412 2459/1415/1415
f 2460/1414/1414 2992/1413/1413 2459/1415/1415 953/1416/1416
f 947/1417/1417 2461/1418/1418 2993/1419/1419 2464/1420/1420
f 2461/1418/1418 946/1421/1421 2462/1422/1422 2993/1419/1419
f 2993/1419/1419 2462/1422/1422 970/1423/1423 2463/1424/1424
f 2464/1420/1420 2993/1419/1419 2463/1424/1424 971/1425/1425
f 946/1421/1421 2465/1426/1426 2994/1427/1427 2462/1422/1422
f 2465/1426/1426 948/1428/1428 2466/1429/1429 2994/1427/1427
f 2994/1427/1427 2466/1429/1429 969/1430/1430 2467/1431/1431
f 2462/1422/1422 2994/1427/1427 2467/1431/1431 970/1423/1423
f 948/1428/1428 2468/1432/1432 2995/1433/1433 2466/1429/1429
f 2468/1432/1432 949/1434/1434 2469/1435/1435 2995/1433/1433
f 2995/1433/1433 2469/1435/1435 968/1436/1436 2470/1437/1437
f 2466/1429/1429 2995/1433/1433 2470/1437/1437 969/1430/1430
f 965/1438/1438 2471/1439/1439 2996/1440/1440 2473/1441/1441
f 2471/1439/1439 964/1442/1442 2472/1443/1443 2996/1440/1440
f 2996/1440/1440 2472/1443/1443 949/1434/1434 2468/1432/1432
f 2473/1441/1441 2996/1440/1440 2468/1432/1432 948/1428/1428
f 966/1444/1444 2474/1445/1445 2997/1446/1446 2475/1447/1447
f 2474/1445/1445 965/1438/1438 2473/1441/1441 2997/1446/1446
f 2997/1446/1446 2473/1441/1441 948/1428/1428 2465/1426/1426
f 2475/1447/1447 2997/1446/1446 2465/1426/1426 946/1421/1421
f 967/1448/1448 2476/1449/1449 2998/1450/1450 2477/1451/1451
f 2476/1449/1449 966/1444/1444 2475/1447/1447 2998/1450/1450
f 2998/1450/1450 2475/1447/1447 946/1421/1421 2461/1418/1418
f 2477/1451/1451 2998/1450/1450 2461/1418/1418 947/1417/1417
f 969/1430/1430 2470/1437/1437 2999/1452/1452 2479/1453/1453
f 2470/1437/1437 968/1436/1436 2478/1454/1454 2999/1452/1452
f 2999/1452/1452 2478/1454/1454 963/1184/1184 2347/1183/1183
f 2479/1453/1453 2999/1452/1452 2347/1183/1183 962/1182/1182
f 970/1423/1423 2467/1431/1431 3000/1455/1455 2480/1456/1456
f 2467/1431/1431 969/1430/1430 2479/1453/1453 3000/1455/1455
f 3000/1455/1455 2479/1453/1453 962/1182/1182 2346/1181/1181
f 2480/1456/1456 3000/1455/1455 2346/1181/1181 960/1180/1180
f 971/1425/1425 2463/1424/1424 3001/1457/1457 2481/1458/1458
f 2463/1424/1424 970/1423/1423 2480/1456/1456 3001/1457/1457
f 3001/1457/1457 2480/1456/1456 960/1180/1180 2345/1177/1177
f 2481/1458/1458 3001/1457/1457 2345/1177/1177 961/1176/1176
f 973/1366/1366 2442/1371/1371 3002/1459/1459 2483/1460/1460
f 2442/1371/1371 972/1370/1370 2482/1461/1461 3002/1459/1459
f 3002/1459/1459 2482/1461/1461 964/1442/1442 2471/1439/1439
f 2483/1460/1460 3002/1459/1459 2471/1439/1439 965/1438/1438
f 974/1361/1361 2440/1367/1367 3003/1462/1462 2484/1463/1463
f 2440/1367/1367 973/1366/1366 2483/1460/1460 3003/1462/1462
f 3003/1462/1462 2483/1460/1460 965/1438/1438 2474/1445/1445
f 2484/1463/1463 3003/1462/1462 2474/1445/1445 966/1444/1444
f 975/1363/1363 2437/1362/1362 3004/1464/1464 2485/1465/1465
f 2437/1362/1362 974/1361/1361 2484/1463/1463 3004/1464/1464
f 3004/1464/1464 2484/1463/1463 966/1444/1444 2476/1449/1449
f 2485/1465/1465 3004/1464/1464 2476/1449/1449 967/1448/1448
f 1121/1466/1466 2486/1467/1467 3005/1468/1468 2489/3700/1469
f 2486/1467/1467 976/1470/1470 2487/1471/1471 3005/1468/1468
f 3005/1468/1468 2487/1471/1471 978/1472/1472 2488/3765/1473
f 2489/3700/1469 3005/1468/1468 2488/3765/1473 1122/3709/1474
f 1007/1475/1475 2490/1476/1476 3006/1477/1477 2493/1478/1478
f 2490/1476/1476 1008/1479/1479 2491/1480/1480 3006/1477/1477
f 3006/1477/1477 2491/1480/1480 1009/3748/1481 2492/3747/1482
f 2493/1478/1478 3006/1477/1477 2492/3747/1482 1010/3749/1483
f 1122/1474/1474 2488/1473/1473 3007/1484/1484 2496/3692/1485
f 2488/1473/1473 978/3755/1472 2494/1486/1486 3007/1484/1484
f 3007/1484/1484 2494/1486/1486 981/1487/1487 2495/1488/1488
f 2496/3692/1485 3007/1484/1484 2495/1488/1488 980/3693/1489
f 1010/1483/1483 2492/1482/1482 3008/1490/1490 2499/1491/1491
f 2492/1482/1482 1009/1481/1481 2497/1492/1492 3008/1490/1490
f 3008/1490/1490 2497/1492/1492 1011/1493/1493 2498/1494/1494
f 2499/1491/1491 3008/1490/1490 2498/1494/1494 1012/1495/1495
f 980/3693/1489 2495/1488/1488 3009/1496/1496 2502/3707/1497
f 2495/1488/1488 981/1487/1487 2500/1498/1498 3009/1496/1496
f 3009/1496/1496 2500/1498/1498 983/1499/1499 2501/1500/1500
f 2502/3707/1497 3009/1496/1496 2501/1500/1500 1124/1501/1501
f 981/1487/1487 2503/1502/1502 3010/1503/1503 2500/1498/1498
f 2503/1502/1502 982/1504/1504 2504/1505/1505 3010/1503/1503
f 3010/1503/1503 2504/1505/1505 984/1506/1506 2505/1507/1507
f 2500/1498/1498 3010/1503/1503 2505/1507/1507 983/1499/1499
f 1124/1501/1501 2501/1500/1500 3011/1508/1508 2508/3695/1509
f 2501/1500/1500 983/1499/1499 2506/1510/1510 3011/1508/1508
f 3011/1508/1508 2506/1510/1510 985/1511/1511 2507/1512/1512
f 2508/3695/1509 3011/1508/1508 2507/1512/1512 1123/3696/1513
f 983/1499/1499 2505/1507/1507 3012/1514/1514 2506/1510/1510
f 2505/1507/1507 984/1506/1506 2509/1515/1515 3012/1514/1514
f 3012/1514/1514 2509/1515/1515 986/1516/1516 2510/1517/1517
f 2506/1510/1510 3012/1514/1514 2510/1517/1517 985/1511/1511
f 1123/3696/1513 2507/1512/1512 3013/1518/1518 2513/3698/1519
f 2507/1512/1512 985/1511/1511 2511/1520/1520 3013/1518/1518
f 3013/1518/1518 2511/1520/1520 987/3762/1521 2512/3763/1522
f 2513/3698/1519 3013/1518/1518 2512/3763/1522 1120/3764/1523
f 985/1511/1511 2510/1517/1517 3014/1524/1524 2511/1520/1520
f 2510/1517/1517 986/1516/1516 2514/1525/1525 3014/1524/1524
f 3014/1524/1524 2514/1525/1525 988/1526/1526 2515/3761/1527
f 2511/1520/1520 3014/1524/1524 2515/3761/1527 987/3762/1521
f 1120/3699/1523 2512/1522/1522 3015/1528/1528 2518/3704/1529
f 2512/1522/1522 987/1521/1521 2516/1530/1530 3015/1528/1528
f 3015/1528/1528 2516/1530/1530 989/1531/1531 2517/1532/1532
f 2518/3704/1529 3015/1528/1528 2517/1532/1532 1118/3705/1533
f 987/1521/1521 2515/1527/1527 3016/1534/1534 2516/1530/1530
f 2515/1527/1527 988/3760/1526 2519/1535/1535 3016/1534/1534
f 3016/1534/1534 2519/1535/1535 990/1536/1536 2520/1537/1537
f 2516/1530/1530 3016/1534/1534 2520/1537/1537 989/1531/1531
f 1118/3705/1533 2517/1532/1532 3017/1538/1538 2523/3706/1539
f 2517/1532/1532 989/1531/1531 2521/1540/1540 3017/1538/1538
f 3017/1538/1538 2521/1540/1540 991/1541/1541 2522/1542/1542
f 2523/3706/1539 3017/1538/1538 2522/1542/1542 1119/1543/1543
f 989/1531/1531 2520/1537/1537 3018/1544/1544 2521/1540/1540
f 2520/1537/1537 990/1536/1536 2524/1545/1545 3018/1544/1544
f 3018/1544/1544 2524/1545/1545 992/1546/1546 2525/1547/1547
f 2521/1540/1540 3018/1544/1544 2525/1547/1547 991/1541/1541
f 1119/1543/1543 2522/1542/1542 3019/1548/1548 2527/3702/1549
f 2522/1542/1542 991/1541/1541 2526/1550/1550 3019/1548/1548
f 3019/1548/1548 2526/1550/1550 976/1470/1470 2486/1467/1467
f 2527/3702/1549 3019/1548/1548 2486/1467/1467 1121/1466/1466
f 991/1541/1541 2525/1547/1547 3020/1551/1551 2526/1550/1550
f 2525/1547/1547 992/1546/1546 2528/1552/1552 3020/1551/1551
f 3020/1551/1551 2528/1552/1552 977/1553/1553 2529/1554/1554
f 2526/1550/1550 3020/1551/1551 2529/1554/1554 976/1470/1470
f 1014/1555/1555 2530/1556/1556 3021/1557/1557 2533/1558/1558
f 2530/1556/1556 1013/1559/1559 2531/1560/1560 3021/1557/1557
f 3021/1557/1557 2531/1560/1560 1015/3744/1561 2532/3743/1562
f 2533/1558/1558 3021/1557/1557 2532/3743/1562 1016/3740/1563
f 1017/1564/1564 2534/1565/1565 3022/1566/1566 2536/1567/1567
f 2534/1565/1565 1014/1555/1555 2533/1558/1558 3022/1566/1566
f 3022/1566/1566 2533/1558/1558 1016/3740/1563 2535/3738/1568
f 2536/1567/1567 3022/1566/1566 2535/3738/1568 1018/3739/1569
f 1016/1563/1563 2532/1562/1562 3023/1570/1570 2539/1571/1571
f 2532/1562/1562 1015/1561/1561 2537/1572/1572 3023/1570/1570
f 3023/1570/1570 2537/1572/1572 1019/1573/1573 2538/1574/1574
f 2539/1571/1571 3023/1570/1570 2538/1574/1574 1020/1575/1575
f 1018/1569/1569 2535/1568/1568 3024/1576/1576 2541/1577/1577
f 2535/1568/1568 1016/1563/1563 2539/1571/1571 3024/1576/1576
f 3024/1576/1576 2539/1571/1571 1020/1575/1575 2540/1578/1578
f 2541/1577/1577 3024/1576/1576 2540/1578/1578 1021/1579/1579
f 992/1546/1546 2524/1545/1545 3025/1580/1580 2544/1581/1581
f 2524/1545/1545 990/1536/1536 2542/1582/1582 3025/1580/1580
f 3025/1580/1580 2542/1582/1582 993/1583/1583 2543/1584/1584
f 2544/1581/1581 3025/1580/1580 2543/1584/1584 994/1585/1585
f 990/1536/1536 2519/1535/1535 3026/1586/1586 2542/1582/1582
f 2519/1535/1535 988/3760/1526 2545/3759/1587 3026/1586/1586
f 3026/1586/1586 2545/3759/1587 995/3746/1588 2546/1589/1589
f 2542/1582/1582 3026/1586/1586 2546/1589/1589 993/1583/1583
f 977/1553/1553 2528/1552/1552 3027/1590/1590 2548/1591/1591
f 2528/1552/1552 992/1546/1546 2544/1581/1581 3027/1590/1590
f 3027/1590/1590 2544/1581/1581 994/1585/1585 2547/1592/1592
f 2548/1591/1591 3027/1590/1590 2547/1592/1592 996/1593/1593
f 979/3757/1594 2549/1595/1595 3028/1596/1596 2551/3758/1597
f 2549/1595/1595 977/1553/1553 2548/1591/1591 3028/1596/1596
f 3028/1596/1596 2548/1591/1591 996/1593/1593 2550/1598/1598
f 2551/3758/1597 3028/1596/1596 2550/1598/1598 997/1599/1599
f 988/1526/1526 2514/1525/1525 3029/1600/1600 2545/1587/1587
f 2514/1525/1525 986/1516/1516 2552/1601/1601 3029/1600/1600
f 3029/1600/1600 2552/1601/1601 998/1602/1602 2553/1603/1603
f 2545/1587/1587 3029/1600/1600 2553/1603/1603 995/1588/1588
f 986/1516/1516 2509/1515/1515 3030/1604/1604 2552/1601/1601
f 2509/1515/1515 984/1506/1506 2554/1605/1605 3030/1604/1604
f 3030/1604/1604 2554/1605/1605 999/1606/1606 2555/1607/1607
f 2552/1601/1601 3030/1604/1604 2555/1607/1607 998/1602/1602
f 984/1506/1506 2504/1505/1505 3031/1608/1608 2554/1605/1605
f 2504/1505/1505 982/1504/1504 2556/1609/1609 3031/1608/1608
f 3031/1608/1608 2556/1609/1609 1000/1610/1610 2557/1611/1611
f 2554/1605/1605 3031/1608/1608 2557/1611/1611 999/1606/1606
f 982/1504/1504 2558/1612/1612 3032/1613/1613 2556/1609/1609
f 2558/1612/1612 979/1594/1594 2551/1597/1597 3032/1613/1613
f 3032/1613/1613 2551/1597/1597 997/3742/1599 2559/1614/1614
f 2556/1609/1609 3032/1613/1613 2559/1614/1614 1000/1610/1610
f 976/1470/1470 2529/1554/1554 3033/1615/1615 2562/1616/1616
f 2529/1554/1554 977/1553/1553 2560/1617/1617 3033/1615/1615
f 3033/1615/1615 2560/1617/1617 1002/1618/1618 2561/1619/1619
f 2562/1616/1616 3033/1615/1615 2561/1619/1619 1001/1620/1620
f 977/1553/1553 2549/1595/1595 3034/1621/1621 2560/1617/1617
f 2549/1595/1595 979/3757/1594 2563/3756/1622 3034/1621/1621
f 3034/1621/1621 2563/3756/1622 1003/3753/1623 2564/1624/1624
f 2560/1617/1617 3034/1621/1621 2564/1624/1624 1002/1618/1618
f 978/1472/1472 2487/1471/1471 3035/1625/1625 2566/3754/1626
f 2487/1471/1471 976/1470/1470 2562/1616/1616 3035/1625/1625
f 3035/1625/1625 2562/1616/1616 1001/1620/1620 2565/1627/1627
f 2566/3754/1626 3035/1625/1625 2565/1627/1627 1004/1628/1628
f 979/1594/1594 2558/1612/1612 3036/1629/1629 2563/1622/1622
f 2558/1612/1612 982/1504/1504 2567/1630/1630 3036/1629/1629
f 3036/1629/1629 2567/1630/1630 1005/1631/1631 2568/1632/1632
f 2563/1622/1622 3036/1629/1629 2568/1632/1632 1003/1623/1623
f 982/1504/1504 2503/1502/1502 3037/1633/1633 2567/1630/1630
f 2503/1502/1502 981/1487/1487 2569/1634/1634 3037/1633/1633
f 3037/1633/1633 2569/1634/1634 1006/1635/1635 2570/1636/1636
f 2567/1630/1630 3037/1633/1633 2570/1636/1636 1005/1631/1631
f 981/1487/1487 2494/1486/1486 3038/1637/1637 2569/1634/1634
f 2494/1486/1486 978/3755/1472 2566/1626/1626 3038/1637/1637
f 3038/1637/1637 2566/1626/1626 1004/3751/1628 2571/1638/1638
f 2569/1634/1634 3038/1637/1637 2571/1638/1638 1006/1635/1635
f 1001/1620/1620 2561/1619/1619 3039/1639/1639 2573/1640/1640
f 2561/1619/1619 1002/1618/1618 2572/1641/1641 3039/1639/1639
f 3039/1639/1639 2572/1641/1641 1008/1479/1479 2490/1476/1476
f 2573/1640/1640 3039/1639/1639 2490/1476/1476 1007/1475/1475
f 1002/1618/1618 2564/1624/1624 3040/1642/1642 2572/1641/1641
f 2564/1624/1624 1003/3753/1623 2574/3752/1643 3040/1642/1642
f 3040/1642/1642 2574/3752/1643 1009/3748/1481 2491/1480/1480
f 2572/1641/1641 3040/1642/1642 2491/1480/1480 1008/1479/1479
f 1004/1628/1628 2565/1627/1627 3041/1644/1644 2575/3750/1645
f 2565/1627/1627 1001/1620/1620 2573/1640/1640 3041/1644/1644
f 3041/1644/1644 2573/1640/1640 1007/1475/1475 2493/1478/1478
f 2575/3750/1645 3041/1644/1644 2493/1478/1478 1010/3749/1483
f 1003/1623/1623 2568/1632/1632 3042/1646/1646 2574/1643/1643
f 2568/1632/1632 1005/1631/1631 2576/1647/1647 3042/1646/1646
f 3042/1646/1646 2576/1647/1647 1011/1493/1493 2497/1492/1492
f 2574/1643/1643 3042/1646/1646 2497/1492/1492 1009/1481/1481
f 1005/1631/1631 2570/1636/1636 3043/1648/1648 2576/1647/1647
f 2570/1636/1636 1006/1635/1635 2577/1649/1649 3043/1648/1648
f 3043/1648/1648 2577/1649/1649 1012/1495/1495 2498/1494/1494
f 2576/1647/1647 3043/1648/1648 2498/1494/1494 1011/1493/1493
f 1006/1635/1635 2571/1638/1638 3044/1650/1650 2577/1649/1649
f 2571/1638/1638 1004/3751/1628 2575/1645/1645 3044/1650/1650
f 3044/1650/1650 2575/1645/1645 1010/1483/1483 2499/1491/1491
f 2577/1649/1649 3044/1650/1650 2499/1491/1491 1012/1495/1495
f 994/1585/1585 2543/1584/1584 3045/1651/1651 2579/1652/1652
f 2543/1584/1584 993/1583/1583 2578/1653/1653 3045/1651/1651
f 3045/1651/1651 2578/1653/1653 1013/1559/1559 2530/1556/1556
f 2579/1652/1652 3045/1651/1651 2530/1556/1556 1014/1555/1555
f 993/1583/1583 2546/1589/1589 3046/1654/1654 2578/1653/1653
f 2546/1589/1589 995/3746/1588 2580/3745/1655 3046/1654/1654
f 3046/1654/1654 2580/3745/1655 1015/3744/1561 2531/1560/1560
f 2578/1653/1653 3046/1654/1654 2531/1560/1560 1013/1559/1559
f 996/1593/1593 2547/1592/1592 3047/1656/1656 2581/1657/1657
f 2547/1592/1592 994/1585/1585 2579/1652/1652 3047/1656/1656
f 3047/1656/1656 2579/1652/1652 1014/1555/1555 2534/1565/1565
f 2581/1657/1657 3047/1656/1656 2534/1565/1565 1017/1564/1564
f 997/1599/1599 2550/1598/1598 3048/1658/1658 2582/3741/1659
f 2550/1598/1598 996/1593/1593 2581/1657/1657 3048/1658/1658
f 3048/1658/1658 2581/1657/1657 1017/1564/1564 2536/1567/1567
f 2582/3741/1659 3048/1658/1658 2536/1567/1567 1018/3739/1569
f 995/1588/1588 2553/1603/1603 3049/1660/1660 2580/1655/1655
f 2553/1603/1603 998/1602/1602 2583/1661/1661 3049/1660/1660
f 3049/1660/1660 2583/1661/1661 1019/1573/1573 2537/1572/1572
f 2580/1655/1655 3049/1660/1660 2537/1572/1572 1015/1561/1561
f 998/1602/1602 2555/1607/1607 3050/1662/1662 2583/1661/1661
f 2555/1607/1607 999/1606/1606 2584/1663/1663 3050/1662/1662
f 3050/1662/1662 2584/1663/1663 1020/1575/1575 2538/1574/1574
f 2583/1661/1661 3050/1662/1662 2538/1574/1574 1019/1573/1573
f 999/1606/1606 2557/1611/1611 3051/1664/1664 2584/1663/1663
f 2557/1611/1611 1000/1610/1610 2585/1665/1665 3051/1664/1664
f 3051/1664/1664 2585/1665/1665 1021/1579/1579 2540/1578/1578
f 2584/1663/1663 3051/1664/1664 2540/1578/1578 1020/1575/1575
f 1000/1610/1610 2559/1614/1614 3052/1666/1666 2585/1665/1665
f 2559/1614/1614 997/3742/1599 2582/1659/1659 3052/1666/1666
f 3052/1666/1666 2582/1659/1659 1018/1569/1569 2541/1577/1577
f 2585/1665/1665 3052/1666/1666 2541/1577/1577 1021/1579/1579
f 1022/1667/1667 2586/1668/1668 3053/1669/1669 2589/1670/1670
f 2586/1668/1668 1023/1671/1671 2587/1672/1672 3053/1669/1669
f 3053/1669/1669 2587/1672/1672 1147/1673/1673 2588/1674/1674
f 2589/1670/1670 3053/1669/1669 2588/1674/1674 1148/1675/1675
f 1024/1676/1676 2590/1677/1677 3054/1678/1678 2593/1679/1679
f 2590/1677/1677 1025/1680/1680 2591/1681/1681 3054/1678/1678
f 3054/1678/1678 2591/1681/1681 1027/1682/1682 2592/1683/1683
f 2593/1679/1679 3054/1678/1678 2592/1683/1683 1026/1684/1684
f 1026/1684/1684 2592/1683/1683 3055/1685/1685 2596/1686/1686
f 2592/1683/1683 1027/1682/1682 2594/1687/1687 3055/1685/1685
f 3055/1685/1685 2594/1687/1687 1029/1688/1688 2595/1689/1689
f 2596/1686/1686 3055/1685/1685 2595/1689/1689 1028/1690/1690
f 1028/1690/1690 2595/1689/1689 3056/1691/1691 2598/1692/1692
f 2595/1689/1689 1029/1688/1688 2597/1693/1693 3056/1691/1691
f 3056/1691/1691 2597/1693/1693 880/967/967 2243/975/975
f 2598/1692/1692 3056/1691/1691 2243/975/975 866/3629/974
f 860/3876/949 2229/948/948 3057/1694/1694 2601/3875/1695
f 2229/948/948 879/947/947 2599/1696/1696 3057/1694/1694
f 3057/1694/1694 2599/1696/1696 1031/1697/1697 2600/1698/1698
f 2601/3875/1695 3057/1694/1694 2600/1698/1698 1030/3874/1699
f 1030/3874/1699 2600/1698/1698 3058/1700/1700 2604/3873/1701
f 2600/1698/1698 1031/1697/1697 2602/1702/1702 3058/1700/1700
f 3058/1700/1700 2602/1702/1702 1033/1703/1703 2603/1704/1704
f 2604/3873/1701 3058/1700/1700 2603/1704/1704 1032/3872/1705
f 1032/3872/1705 2603/1704/1704 3059/1706/1706 2607/3871/1707
f 2603/1704/1704 1033/1703/1703 2605/1708/1708 3059/1706/1706
f 3059/1706/1706 2605/1708/1708 1035/1709/1709 2606/1710/1710
f 2607/3871/1707 3059/1706/1706 2606/1710/1710 1034/3870/1711
f 1036/1712/1712 2608/1713/1713 3060/1714/1714 1917/1715/1715
f 2608/1713/1713 1037/1716/1716 2609/1717/1717 3060/1714/1714
f 3060/1714/1714 2609/1717/1717 1039/1718/1718 2610/1719/1719
f 1917/1715/1715 3060/1714/1714 2610/1719/1719 1038/1720/1720
f 1038/1720/1720 2610/1719/1719 3061/1721/1721 2612/1722/1722
f 2610/1719/1719 1039/1718/1718 2611/1723/1723 3061/1721/1721
f 3061/1721/1721 2611/1723/1723 1023/1671/1671 2586/1668/1668
f 2612/1722/1722 3061/1721/1721 2586/1668/1668 1022/1667/1667
f 1042/1724/1724 2613/1725/1725 3062/1726/1726 2616/1727/1727
f 2613/1725/1725 1041/1728/1728 2614/1729/1729 3062/1726/1726
f 3062/1726/1726 2614/1729/1729 1142/1730/1730 2615/1731/1731
f 2616/1727/1727 3062/1726/1726 2615/1731/1731 1143/1732/1732
f 1045/1733/1733 2617/1734/1734 3063/1735/1735 2619/1736/1736
f 2617/1734/1734 1042/1724/1724 2616/1727/1727 3063/1735/1735
f 3063/1735/1735 2616/1727/1727 1143/1732/1732 2618/1737/1737
f 2619/1736/1736 3063/1735/1735 2618/1737/1737 1144/1738/1738
f 1044/1739/1739 2620/1740/1740 3064/1741/1741 2623/1742/1742
f 2620/1740/1740 1043/1743/1743 2621/1744/1744 3064/1741/1741
f 3064/1741/1741 2621/1744/1744 1047/1745/1745 2622/1746/1746
f 2623/1742/1742 3064/1741/1741 2622/1746/1746 1048/1747/1747
f 1046/1748/1748 2624/1749/1749 3065/1750/1750 2626/1751/1751
f 2624/1749/1749 1044/1739/1739 2623/1742/1742 3065/1750/1750
f 3065/1750/1750 2623/1742/1742 1048/1747/1747 2625/1752/1752
f 2626/1751/1751 3065/1750/1750 2625/1752/1752 1049/1753/1753
f 1063/1754/1754 2627/1755/1755 3066/3843/1756 2630/3841/1757
f 2627/1755/1755 1062/1758/1758 2628/1759/1759 3066/3843/1756
f 3066/1756/1756 2628/3819/1759 1064/1760/1760 2629/1761/1761
f 2630/1757/1757 3066/1756/1756 2629/1761/1761 1065/1762/1762
f 1037/1716/1716 2631/1763/1763 3067/1764/1764 2633/1765/1765
f 2631/1763/1763 1141/1766/1766 2632/1767/1767 3067/1764/1764
f 3067/1764/1764 2632/1767/1767 1142/1730/1730 2614/1729/1729
f 2633/1765/1765 3067/1764/1764 2614/1729/1729 1041/1728/1728
f 1066/1768/1768 2634/1769/1769 3068/3842/1770 2636/3834/1771
f 2634/1769/1769 1063/1754/1754 2630/3841/1757 3068/3842/1770
f 3068/1770/1770 2630/1757/1757 1065/1762/1762 2635/1772/1772
f 2636/1771/1771 3068/1770/1770 2635/1772/1772 1067/1773/1773
f 1146/1774/1774 2637/1775/1775 3069/1776/1776 2640/1777/1777
f 2637/1775/1775 1096/1778/1778 2638/1779/1779 3069/1776/1776
f 3069/1776/1776 2638/1779/1779 1098/1780/1780 2639/1781/1781
f 2640/1777/1777 3069/1776/1776 2639/1781/1781 1145/1782/1782
f 1035/1709/1709 2605/1708/1708 3070/1783/1783 2642/1784/1784
f 2605/1708/1708 1033/1703/1703 2641/1785/1785 3070/1783/1783
f 3070/1783/1783 2641/1785/1785 1047/1745/1745 2621/1744/1744
f 2642/1784/1784 3070/1783/1783 2621/1744/1744 1043/1743/1743
f 1033/1703/1703 2643/1786/1786 3071/1787/1787 2641/1785/1785
f 2643/1786/1786 1040/1788/1788 2644/1789/1789 3071/1787/1787
f 3071/1787/1787 2644/1789/1789 1048/1747/1747 2622/1746/1746
f 2641/1785/1785 3071/1787/1787 2622/1746/1746 1047/1745/1745
f 1040/1788/1788 2645/1790/1790 3072/1791/1791 2644/1789/1789
f 2645/1790/1790 1027/1682/1682 2646/1792/1792 3072/1791/1791
f 3072/1791/1791 2646/1792/1792 1049/1753/1753 2625/1752/1752
f 2644/1789/1789 3072/1791/1791 2625/1752/1752 1048/1747/1747
f 1100/1793/1793 2647/1794/1794 3073/1795/1795 2650/1796/1796
f 2647/1794/1794 1097/1797/1797 2648/1798/1798 3073/1795/1795
f 3073/1795/1795 2648/1798/1798 1099/1799/1799 2649/1800/1800
f 2650/1796/1796 3073/1795/1795 2649/1800/1800 1101/1801/1801
f 1039/1718/1718 2609/1717/1717 3074/1802/1802 2653/1803/1803
f 2609/1717/1717 1037/1716/1716 2651/1804/1804 3074/1802/1802
f 3074/1802/1802 2651/1804/1804 1050/1805/1805 2652/1806/1806
f 2653/1803/1803 3074/1802/1802 2652/1806/1806 1051/1807/1807
f 1037/1716/1716 2633/1765/1765 3075/1808/1808 2651/1804/1804
f 2633/1765/1765 1041/1728/1728 2654/1809/1809 3075/1808/1808
f 3075/1808/1808 2654/1809/1809 1052/1810/1810 2655/1811/1811
f 2651/1804/1804 3075/1808/1808 2655/1811/1811 1050/1805/1805
f 1041/1728/1728 2613/1725/1725 3076/1812/1812 2654/1809/1809
f 2613/1725/1725 1042/1724/1724 2656/1813/1813 3076/1812/1812
f 3076/1812/1812 2656/1813/1813 1053/1814/1814 2657/1815/1815
f 2654/1809/1809 3076/1812/1812 2657/1815/1815 1052/1810/1810
f 1023/1671/1671 2611/1723/1723 3077/1816/1816 2659/1817/1817
f 2611/1723/1723 1039/1718/1718 2653/1803/1803 3077/1816/1816
f 3077/1816/1816 2653/1803/1803 1051/1807/1807 2658/1818/1818
f 2659/1817/1817 3077/1816/1816 2658/1818/1818 1054/1819/1819
f 1042/1724/1724 2617/1734/1734 3078/1820/1820 2656/1813/1813
f 2617/1734/1734 1045/1733/1733 2660/1821/1821 3078/1820/1820
f 3078/1820/1820 2660/1821/1821 1055/1822/1822 2661/1823/1823
f 2656/1813/1813 3078/1820/1820 2661/1823/1823 1053/1814/1814
f 1045/1733/1733 2662/1824/1824 3079/1825/1825 2660/1821/1821
f 2662/1824/1824 1023/1671/1671 2659/1817/1817 3079/1825/1825
f 3079/1825/1825 2659/1817/1817 1054/1819/1819 2663/1826/1826
f 2660/1821/1821 3079/1825/1825 2663/1826/1826 1055/1822/1822
f 1051/1807/1807 2652/1806/1806 3080/3789/1827 2666/3783/1828
f 2652/1806/1806 1050/1805/1805 2664/1829/1829 3080/3789/1827
f 3080/1827/1827 2664/3788/1829 1056/1830/1830 2665/1831/1831
f 2666/1828/1828 3080/1827/1827 2665/1831/1831 1057/1832/1832
f 1050/1805/1805 2655/1811/1811 3081/3787/1833 2664/1829/1829
f 2655/1811/1811 1052/1810/1810 2667/1834/1834 3081/3787/1833
f 3081/1833/1833 2667/3786/1834 1058/1835/1835 2668/1836/1836
f 2664/3788/1829 3081/3840/1833 2668/3822/1836 1056/1830/1830
f 1052/1810/1810 2657/1815/1815 3082/3785/1837 2667/1834/1834
f 2657/1815/1815 1053/1814/1814 2669/1838/1838 3082/3785/1837
f 3082/1837/1837 2669/3782/1838 1059/1839/1839 2670/1840/1840
f 2667/3786/1834 3082/1837/1837 2670/1840/1840 1058/1835/1835
f 1054/1819/1819 2658/1818/1818 3083/3784/1841 2672/3778/1842
f 2658/1818/1818 1051/1807/1807 2666/3783/1828 3083/3784/1841
f 3083/1841/1841 2666/1828/1828 1057/1832/1832 2671/1843/1843
f 2672/1842/1842 3083/1841/1841 2671/1843/1843 1060/1844/1844
f 1053/1814/1814 2661/1823/1823 3084/3781/1845 2669/1838/1838
f 2661/1823/1823 1055/1822/1822 2673/1846/1846 3084/3781/1845
f 3084/1845/1845 2673/3780/1846 1061/1847/1847 2674/1848/1848
f 2669/3782/1838 3084/1845/1845 2674/1848/1848 1059/1839/1839
f 1055/1822/1822 2663/1826/1826 3085/3779/1849 2673/1846/1846
f 2663/1826/1826 1054/1819/1819 2672/3778/1842 3085/3779/1849
f 3085/1849/1849 2672/1842/1842 1060/1844/1844 2675/1850/1850
f 2673/3780/1846 3085/3839/1849 2675/3836/1850 1061/1847/1847
f 1057/1832/1832 2665/1831/1831 3086/1851/1851 2677/1852/1852
f 2665/1831/1831 1056/1830/1830 2676/1853/1853 3086/1851/1851
f 3086/1851/1851 2676/1853/1853 1062/1758/1758 2627/1755/1755
f 2677/1852/1852 3086/1851/1851 2627/1755/1755 1063/1754/1754
f 1092/1854/1854 2678/1855/1855 3087/3838/1856 2681/1857/1857
f 2678/3820/1855 1093/1858/1858 2679/1859/1859 3087/1856/1856
f 3087/1856/1856 2679/1859/1859 1094/1860/1860 2680/1861/1861
f 2681/1857/1857 3087/3838/1856 2680/3817/1861 1095/1862/1862
f 1058/1835/1835 2670/1840/1840 3088/1863/1863 2683/1864/1864
f 2670/1840/1840 1059/1839/1839 2682/1865/1865 3088/1863/1863
f 3088/1863/1863 2682/1865/1865 1065/1762/1762 2629/1761/1761
f 2683/1864/1864 3088/1863/1863 2629/1761/1761 1064/1760/1760
f 1069/1866/1866 2684/1867/1867 3089/1868/1868 2687/1869/1869
f 2684/1867/1867 1068/1870/1870 2685/1871/1871 3089/1868/1868
f 3089/1868/1868 2685/1871/1871 1070/1872/1872 2686/1873/1873
f 2687/1869/1869 3089/1868/1868 2686/1873/1873 1071/1874/1874
f 1072/1875/1875 2688/1876/1876 3090/1877/1877 2691/1878/1878
f 2688/1876/1876 1073/1879/1879 2689/1880/1880 3090/1877/1877
f 3090/1877/1877 2689/1880/1880 1074/1881/1881 2690/1882/1882
f 2691/1878/1878 3090/1877/1877 2690/1882/1882 1075/1883/1883
f 1073/1879/1879 2692/1884/1884 3091/3837/1885 2689/1880/1880
f 2692/3826/1884 1069/1866/1866 2687/1869/1869 3091/1885/1885
f 3091/1885/1885 2687/1869/1869 1071/1874/1874 2693/1886/1886
f 2689/1880/1880 3091/3837/1885 2693/3823/1886 1074/1881/1881
f 1060/1844/1844 2671/1843/1843 3092/1887/1887 2696/1888/1888
f 2671/1843/1843 1057/1832/1832 2694/1889/1889 3092/1887/1887
f 3092/1887/1887 2694/1889/1889 1076/1890/1890 2695/1891/1891
f 2696/1888/1888 3092/1887/1887 2695/1891/1891 1077/1892/1892
f 1057/1832/1832 2677/1852/1852 3093/1893/1893 2694/1889/1889
f 2677/1852/1852 1063/1754/1754 2697/1894/1894 3093/1893/1893
f 3093/1893/1893 2697/1894/1894 1083/1895/1895 2698/1896/1896
f 2694/1889/1889 3093/1893/1893 2698/1896/1896 1076/1890/1890
f 1063/1754/1754 2634/1769/1769 3094/1897/1897 2697/1894/1894
f 2634/1769/1769 1066/1768/1768 2699/1898/1898 3094/1897/1897
f 3094/1897/1897 2699/1898/1898 1082/1899/1899 2700/1900/1900
f 2697/1894/1894 3094/1897/1897 2700/1900/1900 1083/1895/1895
f 1059/1839/1839 2674/1848/1848 3095/1901/1901 2703/1902/1902
f 2674/1848/1848 1061/1847/1847 2701/1903/1903 3095/1901/1901
f 3095/1901/1901 2701/1903/1903 1078/1904/1904 2702/1905/1905
f 2703/1902/1902 3095/1901/1901 2702/1905/1905 1079/1906/1906
f 1067/1773/1773 2635/1772/1772 3096/1907/1907 2706/1908/1908
f 2635/1772/1772 1065/1762/1762 2704/1909/1909 3096/1907/1907
f 3096/1907/1907 2704/1909/1909 1080/1910/1910 2705/1911/1911
f 2706/1908/1908 3096/1907/1907 2705/1911/1911 1081/1912/1912
f 1065/1762/1762 2682/1865/1865 3097/1913/1913 2704/1909/1909
f 2682/1865/1865 1059/1839/1839 2703/1902/1902 3097/1913/1913
f 3097/1913/1913 2703/1902/1902 1079/1906/1906 2707/1914/1914
f 2704/1909/1909 3097/1913/1913 2707/1914/1914 1080/1910/1910
f 1061/1847/1847 2675/3836/1850 3098/3835/1915 2701/1903/1903
f 2675/1850/1850 1060/1844/1844 2696/1888/1888 3098/1915/1915
f 3098/1915/1915 2696/1888/1888 1077/1892/1892 2708/1916/1916
f 2701/1903/1903 3098/3835/1915 2708/3832/1916 1078/1904/1904
f 1066/1768/1768 2636/3834/1771 3099/3833/1917 2699/1898/1898
f 2636/1771/1771 1067/1773/1773 2706/1908/1908 3099/1917/1917
f 3099/1917/1917 2706/1908/1908 1081/1912/1912 2709/1918/1918
f 2699/1898/1898 3099/3833/1917 2709/3830/1918 1082/1899/1899
f 1077/1892/1892 2695/1891/1891 3100/1919/1919 2712/1920/1920
f 2695/1891/1891 1076/1890/1890 2710/1921/1921 3100/1919/1919
f 3100/1919/1919 2710/1921/1921 1084/1922/1922 2711/1923/1923
f 2712/1920/1920 3100/1919/1919 2711/1923/1923 1085/1924/1924
f 1078/1904/1904 2708/3832/1916 3101/3831/1925 2714/1926/1926
f 2708/1916/1916 1077/1892/1892 2712/1920/1920 3101/1925/1925
f 3101/1925/1925 2712/1920/1920 1085/1924/1924 2713/1927/1927
f 2714/1926/1926 3101/3831/1925 2713/3828/1927 1086/1928/1928
f 1079/1906/1906 2702/1905/1905 3102/1929/1929 2716/1930/1930
f 2702/1905/1905 1078/1904/1904 2714/1926/1926 3102/1929/1929
f 3102/1929/1929 2714/1926/1926 1086/1928/1928 2715/1931/1931
f 2716/1930/1930 3102/1929/1929 2715/1931/1931 1087/1932/1932
f 1080/1910/1910 2707/1914/1914 3103/1933/1933 2718/1934/1934
f 2707/1914/1914 1079/1906/1906 2716/1930/1930 3103/1933/1933
f 3103/1933/1933 2716/1930/1930 1087/1932/1932 2717/1935/1935
f 2718/1934/1934 3103/1933/1933 2717/1935/1935 1088/1936/1936
f 1081/1912/1912 2705/1911/1911 3104/1937/1937 2720/1938/1938
f 2705/1911/1911 1080/1910/1910 2718/1934/1934 3104/1937/1937
f 3104/1937/1937 2718/1934/1934 1088/1936/1936 2719/1939/1939
f 2720/1938/1938 3104/1937/1937 2719/1939/1939 1089/1940/1940
f 1082/1899/1899 2709/3830/1918 3105/3829/1941 2722/1942/1942
f 2709/1918/1918 1081/1912/1912 2720/1938/1938 3105/1941/1941
f 3105/1941/1941 2720/1938/1938 1089/1940/1940 2721/1943/1943
f 2722/1942/1942 3105/3829/1941 2721/3825/1943 1090/1944/1944
f 1083/1895/1895 2700/1900/1900 3106/1945/1945 2724/1946/1946
f 2700/1900/1900 1082/1899/1899 2722/1942/1942 3106/1945/1945
f 3106/1945/1945 2722/1942/1942 1090/1944/1944 2723/1947/1947
f 2724/1946/1946 3106/1945/1945 2723/1947/1947 1091/1948/1948
f 1076/1890/1890 2698/1896/1896 3107/1949/1949 2710/1921/1921
f 2698/1896/1896 1083/1895/1895 2724/1946/1946 3107/1949/1949
f 3107/1949/1949 2724/1946/1946 1091/1948/1948 2725/1950/1950
f 2710/1921/1921 3107/1949/1949 2725/1950/1950 1084/1922/1922
f 1085/1924/1924 2711/1923/1923 3108/1951/1951 2727/1952/1952
f 2711/1923/1923 1084/1922/1922 2726/1953/1953 3108/1951/1951
f 3108/1951/1951 2726/1953/1953 1068/1870/1870 2684/1867/1867
f 2727/1952/1952 3108/1951/1951 2684/1867/1867 1069/1866/1866
f 1086/1928/1928 2713/3828/1927 3109/3827/1954 2728/1955/1955
f 2713/1927/1927 1085/1924/1924 2727/1952/1952 3109/1954/1954
f 3109/1954/1954 2727/1952/1952 1069/1866/1866 2692/3826/1884
f 2728/1955/1955 3109/3827/1954 2692/1884/1884 1073/1879/1879
f 1087/1932/1932 2715/1931/1931 3110/1956/1956 2729/1957/1957
f 2715/1931/1931 1086/1928/1928 2728/1955/1955 3110/1956/1956
f 3110/1956/1956 2728/1955/1955 1073/1879/1879 2688/1876/1876
f 2729/1957/1957 3110/1956/1956 2688/1876/1876 1072/1875/1875
f 1088/1936/1936 2717/1935/1935 3111/1958/1958 2730/1959/1959
f 2717/1935/1935 1087/1932/1932 2729/1957/1957 3111/1958/1958
f 3111/1958/1958 2729/1957/1957 1072/1875/1875 2691/1878/1878
f 2730/1959/1959 3111/1958/1958 2691/1878/1878 1075/1883/1883
f 1089/1940/1940 2719/1939/1939 3112/1960/1960 2731/1961/1961
f 2719/1939/1939 1088/1936/1936 2730/1959/1959 3112/1960/1960
f 3112/1960/1960 2730/1959/1959 1075/1883/1883 2690/1882/1882
f 2731/1961/1961 3112/1960/1960 2690/1882/1882 1074/1881/1881
f 1090/1944/1944 2721/3825/1943 3113/3824/1962 2732/1963/1963
f 2721/1943/1943 1089/1940/1940 2731/1961/1961 3113/1962/1962
f 3113/1962/1962 2731/1961/1961 1074/1881/1881 2693/3823/1886
f 2732/1963/1963 3113/3824/1962 2693/1886/1886 1071/1874/1874
f 1091/1948/1948 2723/1947/1947 3114/1964/1964 2733/1965/1965
f 2723/1947/1947 1090/1944/1944 2732/1963/1963 3114/1964/1964
f 3114/1964/1964 2732/1963/1963 1071/1874/1874 2686/1873/1873
f 2733/1965/1965 3114/1964/1964 2686/1873/1873 1070/1872/1872
f 1084/1922/1922 2725/1950/1950 3115/1966/1966 2726/1953/1953
f 2725/1950/1950 1091/1948/1948 2733/1965/1965 3115/1966/1966
f 3115/1966/1966 2733/1965/1965 1070/1872/1872 2685/1871/1871
f 2726/1953/1953 3115/1966/1966 2685/1871/1871 1068/1870/1870
f 1056/1830/1830 2668/3822/1836 3116/3821/1967 2735/1968/1968
f 2668/1836/1836 1058/1835/1835 2734/1969/1969 3116/1967/1967
f 3116/1967/1967 2734/1969/1969 1093/1858/1858 2678/3820/1855
f 2735/1968/1968 3116/3821/1967 2678/1855/1855 1092/1854/1854
f 1058/1835/1835 2683/1864/1864 3117/1970/1970 2734/1969/1969
f 2683/1864/1864 1064/1760/1760 2736/1971/1971 3117/1970/1970
f 3117/1970/1970 2736/1971/1971 1094/1860/1860 2679/1859/1859
f 2734/1969/1969 3117/1970/1970 2679/1859/1859 1093/1858/1858
f 1064/1760/1760 2628/3819/1759 3118/3818/1972 2736/1971/1971
f 2628/1759/1759 1062/1758/1758 2737/1973/1973 3118/1972/1972
f 3118/1972/1972 2737/1973/1973 1095/1862/1862 2680/3817/1861
f 2736/1971/1971 3118/3818/1972 2680/1861/1861 1094/1860/1860
f 1062/1758/1758 2676/1853/1853 3119/1974/1974 2737/1973/1973
f 2676/1853/1853 1056/1830/1830 2735/1968/1968 3119/1974/1974
f 3119/1974/1974 2735/1968/1968 1092/1854/1854 2681/1857/1857
f 2737/1973/1973 3119/1974/1974 2681/1857/1857 1095/1862/1862
f 1147/1673/1673 2587/1672/1672 3120/1975/1975 2739/1976/1976
f 2587/1672/1672 1023/1671/1671 2738/1977/1977 3120/1975/1975
f 3120/1975/1975 2738/1977/1977 1096/1778/1778 2637/1775/1775
f 2739/1976/1976 3120/1975/1975 2637/1775/1775 1146/1774/1774
f 1023/1671/1671 2662/1824/1824 3121/1978/1978 2738/1977/1977
f 2662/1824/1824 1045/1733/1733 2740/1979/1979 3121/1978/1978
f 3121/1978/1978 2740/1979/1979 1098/1780/1780 2638/1779/1779
f 2738/1977/1977 3121/1978/1978 2638/1779/1779 1096/1778/1778
f 1045/1733/1733 2619/1736/1736 3122/1980/1980 2740/1979/1979
f 2619/1736/1736 1144/1738/1738 2741/1981/1981 3122/1980/1980
f 3122/1980/1980 2741/1981/1981 1145/1782/1782 2639/1781/1781
f 2740/1979/1979 3122/1980/1980 2639/1781/1781 1098/1780/1780
f 1027/1682/1682 2591/1681/1681 3123/1982/1982 2743/1983/1983
f 2591/1681/1681 1025/1680/1680 2742/1984/1984 3123/1982/1982
f 3123/1982/1982 2742/1984/1984 1097/1797/1797 2647/1794/1794
f 2743/1983/1983 3123/1982/1982 2647/1794/1794 1100/1793/1793
f 1046/1748/1748 2626/1751/1751 3124/1985/1985 2745/1986/1986
f 2626/1751/1751 1049/1753/1753 2744/1987/1987 3124/1985/1985
f 3124/1985/1985 2744/1987/1987 1101/1801/1801 2649/1800/1800
f 2745/1986/1986 3124/1985/1985 2649/1800/1800 1099/1799/1799
f 1049/1753/1753 2646/1792/1792 3125/1988/1988 2744/1987/1987
f 2646/1792/1792 1027/1682/1682 2743/1983/1983 3125/1988/1988
f 3125/1988/1988 2743/1983/1983 1100/1793/1793 2650/1796/1796
f 2744/1987/1987 3125/1988/1988 2650/1796/1796 1101/1801/1801
f 1040/1788/1788 2643/1786/1786 3126/1989/1989 2748/1990/1990
f 2643/1786/1786 1033/1703/1703 2746/1991/1991 3126/1989/1989
f 3126/1989/1989 2746/1991/1991 1102/1992/1992 2747/1993/1993
f 2748/1990/1990 3126/1989/1989 2747/1993/1993 1103/1994/1994
f 1033/1703/1703 2602/1702/1702 3127/1995/1995 2746/1991/1991
f 2602/1702/1702 1031/1697/1697 2749/1996/1996 3127/1995/1995
f 3127/1995/1995 2749/1996/1996 1104/1997/1997 2750/1998/1998
f 2746/1991/1991 3127/1995/1995 2750/1998/1998 1102/1992/1992
f 1027/1682/1682 2645/1790/1790 3128/1999/1999 2752/2000/2000
f 2645/1790/1790 1040/1788/1788 2748/1990/1990 3128/1999/1999
f 3128/1999/1999 2748/1990/1990 1103/1994/1994 2751/2001/2001
f 2752/2000/2000 3128/1999/1999 2751/2001/2001 1105/2002/2002
f 1029/1688/1688 2594/1687/1687 3129/2003/2003 2754/2004/2004
f 2594/1687/1687 1027/1682/1682 2752/2000/2000 3129/2003/2003
f 3129/2003/2003 2752/2000/2000 1105/2002/2002 2753/2005/2005
f 2754/2004/2004 3129/2003/2003 2753/2005/2005 1106/2006/2006
f 1031/1697/1697 2599/1696/1696 3130/2007/2007 2749/1996/1996
f 2599/1696/1696 879/947/947 2755/2008/2008 3130/2007/2007
f 3130/2007/2007 2755/2008/2008 1107/2009/2009 2756/2010/2010
f 2749/1996/1996 3130/2007/2007 2756/2010/2010 1104/1997/1997
f 879/947/947 2236/957/957 3131/2011/2011 2755/2008/2008
f 2236/957/957 863/961/961 2757/2012/2012 3131/2011/2011
f 3131/2011/2011 2757/2012/2012 1108/2013/2013 2758/2014/2014
f 2755/2008/2008 3131/2011/2011 2758/2014/2014 1107/2009/2009
f 863/961/961 2239/963/963 3132/2015/2015 2757/2012/2012
f 2239/963/963 880/967/967 2759/2016/2016 3132/2015/2015
f 3132/2015/2015 2759/2016/2016 1109/2017/2017 2760/2018/2018
f 2757/2012/2012 3132/2015/2015 2760/2018/2018 1108/2013/2013
f 880/967/967 2597/1693/1693 3133/2019/2019 2759/2016/2016
f 2597/1693/1693 1029/1688/1688 2754/2004/2004 3133/2019/2019
f 3133/2019/2019 2754/2004/2004 1106/2006/2006 2761/2020/2020
f 2759/2016/2016 3133/2019/2019 2761/2020/2020 1109/2017/2017
f 1103/1994/1994 2747/1993/1993 3134/3659/2021 2764/3655/2022
f 2747/1993/1993 1102/1992/1992 2762/2023/2023 3134/3659/2021
f 3134/2021/2021 2762/3658/2023 1129/2024/2024 2763/2025/2025
f 2764/3996/2022 3134/2021/2021 2763/2025/2025 1130/3993/2026
f 1102/1992/1992 2750/1998/1998 3135/3657/2027 2762/2023/2023
f 2750/1998/1998 1104/1997/1997 2765/2028/2028 3135/3657/2027
f 3135/2027/2027 2765/3652/2028 1128/2029/2029 2766/2030/2030
f 2762/3658/2023 3135/2027/2027 2766/2030/2030 1129/2024/2024
f 1105/2002/2002 2751/2001/2001 3136/3656/2031 2768/3653/2032
f 2751/2001/2001 1103/1994/1994 2764/3655/2022 3136/3656/2031
f 3136/2031/2031 2764/2022/2022 1130/2026/2026 2767/2033/2033
f 2768/2032/2032 3136/2031/2031 2767/2033/2033 1131/2034/2034
f 1106/2006/2006 2753/2005/2005 3137/3654/2035 2770/3644/2036
f 2753/2005/2005 1105/2002/2002 2768/3653/2032 3137/3654/2035
f 3137/2035/2035 2768/2032/2032 1131/2034/2034 2769/2037/2037
f 2770/2036/2036 3137/2035/2035 2769/2037/2037 1132/2038/2038
f 1104/1997/1997 2756/2010/2010 3138/3651/2039 2765/2028/2028
f 2756/2010/2010 1107/2009/2009 2771/2040/2040 3138/3651/2039
f 3138/2039/2039 2771/3650/2040 1127/2041/2041 2772/2042/2042
f 2765/3652/2028 3138/2039/2039 2772/2042/2042 1128/2029/2029
f 1107/2009/2009 2758/2014/2014 3139/3649/2043 2771/2040/2040
f 2758/2014/2014 1108/2013/2013 2773/2044/2044 3139/3649/2043
f 3139/2043/2043 2773/3648/2044 1126/2045/2045 2774/2046/2046
f 2771/3650/2040 3139/2043/2043 2774/2046/2046 1127/2041/2041
f 1108/2013/2013 2760/2018/2018 3140/3647/2047 2773/2044/2044
f 2760/2018/2018 1109/2017/2017 2775/2048/2048 3140/3647/2047
f 3140/2047/2047 2775/3646/2048 1125/2049/2049 2776/2050/2050
f 2773/3648/2044 3140/2047/2047 2776/2050/2050 1126/2045/2045
f 1109/2017/2017 2761/2020/2020 3141/3645/2051 2775/2048/2048
f 2761/2020/2020 1106/2006/2006 2770/3644/2036 3141/3645/2051
f 3141/2051/2051 2770/2036/2036 1132/2038/2038 2777/2052/2052
f 2775/3646/2048 3141/2051/2051 2777/2052/2052 1125/2049/2049
f 1111/3990/2053 2778/2054/2054 3142/2055/2055 2780/3994/2056
f 2778/2054/2054 1110/2057/2057 2779/2058/2058 3142/2055/2055
f 3142/2055/2055 2779/2058/2058 1118/1533/1533 2523/1539/1539
f 2780/3994/2056 3142/2055/2055 2523/1539/1539 1119/3703/1543
f 1110/2057/2057 2781/2059/2059 3143/2060/2060 2779/2058/2058
f 2781/2059/2059 1112/2061/2061 2782/2062/2062 3143/2060/2060
f 3143/2060/2060 2782/2062/2062 1120/1523/1523 2518/1529/1529
f 2779/2058/2058 3143/2060/2060 2518/1529/1529 1118/1533/1533
f 1113/2063/2063 2783/2064/2064 3144/2065/2065 2784/2066/2066
f 2783/2064/2064 1111/2053/2053 2780/2056/2056 3144/2065/2065
f 3144/2065/2065 2780/2056/2056 1119/3995/1543 2527/1549/1549
f 2784/2066/2066 3144/2065/2065 2527/1549/1549 1121/3701/1466
f 1114/2067/2067 2785/2068/2068 3145/2069/2069 2786/2070/2070
f 2785/2068/2068 1113/2063/2063 2784/2066/2066 3145/2069/2069
f 3145/2069/2069 2784/2066/2066 1121/3701/1466 2489/1469/1469
f 2786/2070/2070 3145/2069/2069 2489/1469/1469 1122/3694/1474
f 1112/2061/2061 2787/2071/2071 3146/2072/2072 2782/2062/2062
f 2787/2071/2071 1115/2073/2073 2788/2074/2074 3146/2072/2072
f 3146/2072/2072 2788/2074/2074 1123/1513/1513 2513/1519/1519
f 2782/2062/2062 3146/2072/2072 2513/1519/1519 1120/1523/1523
f 1115/2073/2073 2789/2075/2075 3147/2076/2076 2788/2074/2074
f 2789/2075/2075 1116/2077/2077 2790/2078/2078 3147/2076/2076
f 3147/2076/2076 2790/2078/2078 1124/3697/1501 2508/1509/1509
f 2788/2074/2074 3147/2076/2076 2508/1509/1509 1123/1513/1513
f 1116/2077/2077 2791/2079/2079 3148/2080/2080 2790/2078/2078
f 2791/2079/2079 1117/2081/2081 2792/2082/2082 3148/2080/2080
f 3148/2080/2080 2792/2082/2082 980/1489/1489 2502/1497/1497
f 2790/2078/2078 3148/2080/2080 2502/1497/1497 1124/3697/1501
f 1117/2081/2081 2793/2083/2083 3149/2084/2084 2792/2082/2082
f 2793/2083/2083 1114/2067/2067 2786/2070/2070 3149/2084/2084
f 3149/2084/2084 2786/2070/2070 1122/3694/1474 2496/1485/1485
f 2792/2082/2082 3149/2084/2084 2496/1485/1485 980/1489/1489
f 1126/2045/2045 2776/2050/2050 3150/2085/2085 2796/2086/2086
f 2776/2050/2050 1125/2049/2049 2794/2087/2087 3150/2085/2085
f 3150/2085/2085 2794/2087/2087 1133/2088/2088 2795/2089/2089
f 2796/2086/2086 3150/2085/2085 2795/2089/2089 1134/2090/2090
f 1127/2041/2041 2774/2046/2046 3151/2091/2091 2798/2092/2092
f 2774/2046/2046 1126/2045/2045 2796/2086/2086 3151/2091/2091
f 3151/2091/2091 2796/2086/2086 1134/2090/2090 2797/2093/2093
f 2798/2092/2092 3151/2091/2091 2797/2093/2093 1135/2094/2094
f 1128/2029/2029 2772/2042/2042 3152/2095/2095 2800/2096/2096
f 2772/2042/2042 1127/2041/2041 2798/2092/2092 3152/2095/2095
f 3152/2095/2095 2798/2092/2092 1135/2094/2094 2799/2097/2097
f 2800/2096/2096 3152/2095/2095 2799/2097/2097 1136/2098/2098
f 1129/2024/2024 2766/2030/2030 3153/2099/2099 2802/2100/2100
f 2766/2030/2030 1128/2029/2029 2800/2096/2096 3153/2099/2099
f 3153/2099/2099 2800/2096/2096 1136/2098/2098 2801/2101/2101
f 2802/2100/2100 3153/2099/2099 2801/2101/2101 1137/2102/2102
f 1130/3993/2026 2763/2025/2025 3154/2103/2103 2804/3992/2104
f 2763/2025/2025 1129/2024/2024 2802/2100/2100 3154/2103/2103
f 3154/2103/2103 2802/2100/2100 1137/2102/2102 2803/2105/2105
f 2804/3992/2104 3154/2103/2103 2803/2105/2105 1138/3991/2106
f 1131/2034/2034 2767/2033/2033 3155/2107/2107 2806/2108/2108
f 2767/2033/2033 1130/2026/2026 2804/2104/2104 3155/2107/2107
f 3155/2107/2107 2804/2104/2104 1138/2106/2106 2805/2109/2109
f 2806/2108/2108 3155/2107/2107 2805/2109/2109 1139/2110/2110
f 1132/2038/2038 2769/2037/2037 3156/2111/2111 2808/2112/2112
f 2769/2037/2037 1131/2034/2034 2806/2108/2108 3156/2111/2111
f 3156/2111/2111 2806/2108/2108 1139/2110/2110 2807/2113/2113
f 2808/2112/2112 3156/2111/2111 2807/2113/2113 1140/2114/2114
f 1125/2049/2049 2777/2052/2052 3157/2115/2115 2794/2087/2087
f 2777/2052/2052 1132/2038/2038 2808/2112/2112 3157/2115/2115
f 3157/2115/2115 2808/2112/2112 1140/2114/2114 2809/2116/2116
f 2794/2087/2087 3157/2115/2115 2809/2116/2116 1133/2088/2088
f 1134/2090/2090 2795/2089/2089 3158/2117/2117 2811/2118/2118
f 2795/2089/2089 1133/2088/2088 2810/2119/2119 3158/2117/2117
f 3158/2117/2117 2810/2119/2119 1117/2081/2081 2791/2079/2079
f 2811/2118/2118 3158/2117/2117 2791/2079/2079 1116/2077/2077
f 1135/2094/2094 2797/2093/2093 3159/2120/2120 2812/2121/2121
f 2797/2093/2093 1134/2090/2090 2811/2118/2118 3159/2120/2120
f 3159/2120/2120 2811/2118/2118 1116/2077/2077 2789/2075/2075
f 2812/2121/2121 3159/2120/2120 2789/2075/2075 1115/2073/2073
f 1136/2098/2098 2799/2097/2097 3160/2122/2122 2813/2123/2123
f 2799/2097/2097 1135/2094/2094 2812/2121/2121 3160/2122/2122
f 3160/2122/2122 2812/2121/2121 1115/2073/2073 2787/2071/2071
f 2813/2123/2123 3160/2122/2122 2787/2071/2071 1112/2061/2061
f 1137/2102/2102 2801/2101/2101 3161/2124/2124 2814/2125/2125
f 2801/2101/2101 1136/2098/2098 2813/2123/2123 3161/2124/2124
f 3161/2124/2124 2813/2123/2123 1112/2061/2061 2781/2059/2059
f 2814/2125/2125 3161/2124/2124 2781/2059/2059 1110/2057/2057
f 1138/3991/2106 2803/2105/2105 3162/2126/2126 2815/3989/2127
f 2803/2105/2105 1137/2102/2102 2814/2125/2125 3162/2126/2126
f 3162/2126/2126 2814/2125/2125 1110/2057/2057 2778/2054/2054
f 2815/3989/2127 3162/2126/2126 2778/2054/2054 1111/3990/2053
f 1139/2110/2110 2805/2109/2109 3163/2128/2128 2816/2129/2129
f 2805/2109/2109 1138/2106/2106 2815/2127/2127 3163/2128/2128
f 3163/2128/2128 2815/2127/2127 1111/2053/2053 2783/2064/2064
f 2816/2129/2129 3163/2128/2128 2783/2064/2064 1113/2063/2063
f 1140/2114/2114 2807/2113/2113 3164/2130/2130 2817/2131/2131
f 2807/2113/2113 1139/2110/2110 2816/2129/2129 3164/2130/2130
f 3164/2130/2130 2816/2129/2129 1113/2063/2063 2785/2068/2068
f 2817/2131/2131 3164/2130/2130 2785/2068/2068 1114/2067/2067
f 1133/2088/2088 2809/2116/2116 3165/2132/2132 2810/2119/2119
f 2809/2116/2116 1140/2114/2114 2817/2131/2131 3165/2132/2132
f 3165/2132/2132 2817/2131/2131 1114/2067/2067 2793/2083/2083
f 2810/2119/2119 3165/2132/2132 2793/2083/2083 1117/2081/2081
f 1142/1730/1730 2632/1767/1767 3166/2133/2133 2819/2134/2134
f 2632/1767/1767 1141/1766/1766 2818/2135/2135 3166/2133/2133
f 3166/2133/2133 2818/2135/2135 1035/1709/1709 2642/1784/1784
f 2819/2134/2134 3166/2133/2133 2642/1784/1784 1043/1743/1743
f 1143/1732/1732 2615/1731/1731 3167/2136/2136 2820/2137/2137
f 2615/1731/1731 1142/1730/1730 2819/2134/2134 3167/2136/2136
f 3167/2136/2136 2819/2134/2134 1043/1743/1743 2620/1740/1740
f 2820/2137/2137 3167/2136/2136 2620/1740/1740 1044/1739/1739
f 1144/1738/1738 2618/1737/1737 3168/2138/2138 2821/2139/2139
f 2618/1737/1737 1143/1732/1732 2820/2137/2137 3168/2138/2138
f 3168/2138/2138 2820/2137/2137 1044/1739/1739 2624/1749/1749
f 2821/2139/2139 3168/2138/2138 2624/1749/1749 1046/1748/1748
f 1145/1782/1782 2741/1981/1981 3169/2140/2140 2822/2141/2141
f 2741/1981/1981 1144/1738/1738 2821/2139/2139 3169/2140/2140
f 3169/2140/2140 2821/2139/2139 1046/1748/1748 2745/1986/1986
f 2822/2141/2141 3169/2140/2140 2745/1986/1986 1099/1799/1799
f 1097/1797/1797 2823/2142/2142 3170/2143/2143 2648/1798/1798
f 2823/2142/2142 1146/1774/1774 2640/1777/1777 3170/2143/2143
f 3170/2143/2143 2640/1777/1777 1145/1782/1782 2822/2141/2141
f 2648/1798/1798 3170/2143/2143 2822/2141/2141 1099/1799/1799
f 1025/1680/1680 2824/2144/2144 3171/2145/2145 2742/1984/1984
f 2824/2144/2144 1147/1673/1673 2739/1976/1976 3171/2145/2145
f 3171/2145/2145 2739/1976/1976 1146/1774/1774 2823/2142/2142
f 2742/1984/1984 3171/2145/2145 2823/2142/2142 1097/1797/1797
f 1148/1675/1675 2588/1674/1674 3172/2146/2146 2825/2147/2147
f 2588/1674/1674 1147/1673/1673 2824/2144/2144 3172/2146/2146
f 3172/2146/2146 2824/2144/2144 1025/1680/1680 2590/1677/1677
f 2825/2147/2147 3172/2146/2146 2590/1677/1677 1024/1676/1676
f 1034/3870/1711 2606/1710/1710 3173/2148/2148 2828/3868/2149
f 1035/1709/1709 2818/2135/2135 3173/2148/2148 2606/1710/1710
f 1141/1766/1766 2826/2150/2150 3173/2148/2148 2818/2135/2135
f 1151/3850/2151 2827/3851/2152 3173/2148/2148 2826/2150/2150
f 1149/3848/2153 2828/3868/2149 3173/2148/2148 2827/3851/2152
f 1150/2154/2154 2829/3849/2155 3174/2156/2156 2136/2157/2157
f 1151/3850/2151 2826/2150/2150 3174/2156/2156 2829/3849/2155
f 1141/1766/1766 2631/1763/1763 3174/2156/2156 2826/2150/2150
f 1037/1716/1716 2608/1713/1713 3174/2156/2156 2631/1763/1763
f 1036/1712/1712 2136/2157/2157 3174/2156/2156 2608/1713/1713
f 1151/2151/2151 2829/2155/2155 3175/2158/2158 2832/2159/2159
f 2829/2155/2155 1150/3845/2154 2830/3867/2160 3175/2158/2158
f 3175/2158/2158 2830/3867/2160 1160/3866/2161 2831/2162/2162
f 2832/2159/2159 3175/2158/2158 2831/2162/2162 1152/2163/2163
f 1152/2163/2163 2831/2162/2162 3176/2164/2164 2835/2165/2165
f 2831/2162/2162 1160/3866/2161 2833/3865/2166 3176/2164/2164
f 3176/2164/2164 2833/3865/2166 1161/3864/2167 2834/2168/2168
f 2835/2165/2165 3176/2164/2164 2834/2168/2168 1153/2169/2169
f 1153/2169/2169 2834/2168/2168 3177/2170/2170 2838/2171/2171
f 2834/2168/2168 1161/3864/2167 2836/3863/2172 3177/2170/2170
f 3177/2170/2170 2836/3863/2172 1162/3862/2173 2837/2174/2174
f 2838/2171/2171 3177/2170/2170 2837/2174/2174 1154/2175/2175
f 1154/2175/2175 2837/2174/2174 3178/2176/2176 2841/2177/2177
f 2837/2174/2174 1162/3862/2173 2839/3861/2178 3178/2176/2176
f 3178/2176/2176 2839/3861/2178 1163/3860/2179 2840/2180/2180
f 2841/2177/2177 3178/2176/2176 2840/2180/2180 1155/2181/2181
f 1155/2181/2181 2840/2180/2180 3179/2182/2182 2844/2183/2183
f 2840/2180/2180 1163/3860/2179 2842/3859/2184 3179/2182/2182
f 3179/2182/2182 2842/3859/2184 1164/3858/2185 2843/2186/2186
f 2844/2183/2183 3179/2182/2182 2843/2186/2186 1156/2187/2187
f 1156/2187/2187 2843/2186/2186 3180/2188/2188 2847/2189/2189
f 2843/2186/2186 1164/3858/2185 2845/3857/2190 3180/2188/2188
f 3180/2188/2188 2845/3857/2190 1165/3856/2191 2846/2192/2192
f 2847/2189/2189 3180/2188/2188 2846/2192/2192 1157/2193/2193
f 1157/2193/2193 2846/2192/2192 3181/2194/2194 1486/2195/2195
f 2846/2192/2192 1165/3856/2191 2848/3855/2196 3181/2194/2194
f 3181/2194/2194 2848/3855/2196 1166/3854/2197 2849/2198/2198
f 1486/2195/2195 3181/2194/2194 2849/2198/2198 1158/2199/2199
f 1158/2199/2199 2849/2198/2198 3182/2200/2200 1489/2201/2201
f 2849/2198/2198 1166/3854/2197 1487/3853/2202 3182/2200/2200
f 3182/2200/2200 1487/3853/2202 1167/2203/2203 1488/2204/2204
f 1489/2201/2201 3182/2200/2200 1488/2204/2204 1159/2205/2205
f 1149/2153/2153 2827/2152/2152 3183/2206/2206 1491/2207/2207
f 2827/2152/2152 1151/2151/2151 2832/2159/2159 3183/2206/2206
f 3183/2206/2206 2832/2159/2159 1152/2163/2163 1490/2208/2208
f 1491/2207/2207 3183/2206/2206 1490/2208/2208 1168/2209/2209
f 1168/2209/2209 1490/2208/2208 3184/2210/2210 1493/2211/2211
f 1490/2208/2208 1152/2163/2163 2835/2165/2165 3184/2210/2210
f 3184/2210/2210 2835/2165/2165 1153/2169/2169 1492/2212/2212
f 1493/2211/2211 3184/2210/2210 1492/2212/2212 1169/2213/2213
f 1169/2213/2213 1492/2212/2212 3185/2214/2214 1495/2215/2215
f 1492/2212/2212 1153/2169/2169 2838/2171/2171 3185/2214/2214
f 3185/2214/2214 2838/2171/2171 1154/2175/2175 1494/2216/2216
f 1495/2215/2215 3185/2214/2214 1494/2216/2216 1170/2217/2217
f 1170/2217/2217 1494/2216/2216 3186/2218/2218 1497/2219/2219
f 1494/2216/2216 1154/2175/2175 2841/2177/2177 3186/2218/2218
f 3186/2218/2218 2841/2177/2177 1155/2181/2181 1496/2220/2220
f 1497/2219/2219 3186/2218/2218 1496/2220/2220 1171/2221/2221
f 1171/2221/2221 1496/2220/2220 3187/2222/2222 1499/2223/2223
f 1496/2220/2220 1155/2181/2181 2844/2183/2183 3187/2222/2222
f 3187/2222/2222 2844/2183/2183 1156/2187/2187 1498/2224/2224
f 1499/2223/2223 3187/2222/2222 1498/2224/2224 1172/2225/2225
f 1172/2225/2225 1498/2224/2224 3188/2226/2226 1501/2227/2227
f 1498/2224/2224 1156/2187/2187 2847/2189/2189 3188/2226/2226
f 3188/2226/2226 2847/2189/2189 1157/2193/2193 1500/2228/2228
f 1501/2227/2227 3188/2226/2226 1500/2228/2228 1173/2229/2229
f 1173/2229/2229 1500/2228/2228 3189/2230/2230 1503/2231/2231
f 1500/2228/2228 1157/2193/2193 1486/2195/2195 3189/2230/2230
f 3189/2230/2230 1486/2195/2195 1158/2199/2199 1502/2232/2232
f 1503/2231/2231 3189/2230/2230 1502/2232/2232 1174/2233/2233
f 1174/2233/2233 1502/2232/2232 3190/2234/2234 1505/2235/2235
f 1502/2232/2232 1158/2199/2199 1489/2201/2201 3190/2234/2234
f 3190/2234/2234 1489/2201/2201 1159/2205/2205 1504/2236/2236
f 1505/2235/2235 3190/2234/2234 1504/2236/2236 1175/2237/2237
f 1273/2238/2238 1506/2239/2239 3191/2240/2240 1509/2241/2241
f 1506/2239/2239 1276/2242/2242 1507/2243/2243 3191/2240/2240
f 3191/2240/2240 1507/2243/2243 1275/2244/2244 1508/2245/2245
f 1509/2241/2241 3191/2240/2240 1508/2245/2245 1274/2246/2246
f 1274/2246/2246 1508/2245/2245 3192/2247/2247 1512/2248/2248
f 1508/2245/2245 1275/2244/2244 1510/2249/2249 3192/2247/2247
f 3192/2247/2247 1510/2249/2249 1278/2250/2250 1511/2251/2251
f 1512/2248/2248 3192/2247/2247 1511/2251/2251 1277/2252/2252
f 1277/2252/2252 1511/2251/2251 3193/2253/2253 1515/2254/2254
f 1511/2251/2251 1278/2250/2250 1513/2255/2255 3193/2253/2253
f 3193/2253/2253 1513/2255/2255 1280/2256/2256 1514/2257/2257
f 1515/2254/2254 3193/2253/2253 1514/2257/2257 1279/2258/2258
f 1276/2242/2242 1516/2259/2259 3194/2260/2260 1507/2243/2243
f 1516/2259/2259 1282/2261/2261 1517/2262/2262 3194/2260/2260
f 3194/2260/2260 1517/2262/2262 1281/2263/2263 1518/2264/2264
f 1507/2243/2243 3194/2260/2260 1518/2264/2264 1275/2244/2244
f 1275/2244/2244 1518/2264/2264 3195/2265/2265 1510/2249/2249
f 1518/2264/2264 1281/2263/2263 1519/2266/2266 3195/2265/2265
f 3195/2265/2265 1519/2266/2266 1283/2267/2267 1520/2268/2268
f 1510/2249/2249 3195/2265/2265 1520/2268/2268 1278/2250/2250
f 1278/2250/2250 1520/2268/2268 3196/2269/2269 1513/2255/2255
f 1520/2268/2268 1283/2267/2267 1521/2270/2270 3196/2269/2269
f 3196/2269/2269 1521/2270/2270 1284/2271/2271 1522/2272/2272
f 1513/2255/2255 3196/2269/2269 1522/2272/2272 1280/2256/2256
f 1282/2261/2261 1523/2273/2273 3197/2274/2274 1517/2262/2262
f 1523/2273/2273 1286/2275/2275 1524/2276/2276 3197/2274/2274
f 3197/2274/2274 1524/2276/2276 1285/2277/2277 1525/2278/2278
f 1517/2262/2262 3197/2274/2274 1525/2278/2278 1281/2263/2263
f 1281/2263/2263 1525/2278/2278 3198/2279/2279 1519/2266/2266
f 1525/2278/2278 1285/2277/2277 1526/2280/2280 3198/2279/2279
f 3198/2279/2279 1526/2280/2280 1287/2281/2281 1527/2282/2282
f 1519/2266/2266 3198/2279/2279 1527/2282/2282 1283/2267/2267
f 1283/2267/2267 1527/2282/2282 3199/2283/2283 1521/2270/2270
f 1527/2282/2282 1287/2281/2281 1528/2284/2284 3199/2283/2283
f 3199/2283/2283 1528/2284/2284 1288/2285/2285 1529/2286/2286
f 1521/2270/2270 3199/2283/2283 1529/2286/2286 1284/2271/2271
f 1188/2287/2287 1530/2288/2288 3200/2289/2289 1533/2290/2290
f 1530/2288/2288 1192/2291/2291 1531/2292/2292 3200/2289/2289
f 3200/2289/2289 1531/2292/2292 1193/2293/2293 1532/2294/2294
f 1533/2290/2290 3200/2289/2289 1532/2294/2294 1189/2295/2295
f 1189/2295/2295 1532/2294/2294 3201/2296/2296 1536/2297/2297
f 1532/2294/2294 1193/2293/2293 1534/2298/2298 3201/2296/2296
f 3201/2296/2296 1534/2298/2298 1194/2299/2299 1535/2300/2300
f 1536/2297/2297 3201/2296/2296 1535/2300/2300 1190/2301/2301
f 1190/2301/2301 1535/2300/2300 3202/2302/2302 1539/2303/2303
f 1535/2300/2300 1194/2299/2299 1537/2304/2304 3202/2302/2302
f 3202/2302/2302 1537/2304/2304 1195/2305/2305 1538/2306/2306
f 1539/2303/2303 3202/2302/2302 1538/2306/2306 1191/2307/2307
f 1192/2291/2291 1540/2308/2308 3203/2309/2309 1531/2292/2292
f 1540/2308/2308 1196/2310/2310 1541/2311/2311 3203/2309/2309
f 3203/2309/2309 1541/2311/2311 1197/2312/2312 1542/2313/2313
f 1531/2292/2292 3203/2309/2309 1542/2313/2313 1193/2293/2293
f 1193/2293/2293 1542/2313/2313 3204/2314/2314 1534/2298/2298
f 1542/2313/2313 1197/2312/2312 1543/2315/2315 3204/2314/2314
f 3204/2314/2314 1543/2315/2315 1198/2316/2316 1544/2317/2317
f 1534/2298/2298 3204/2314/2314 1544/2317/2317 1194/2299/2299
f 1194/2299/2299 1544/2317/2317 3205/2318/2318 1537/2304/2304
f 1544/2317/2317 1198/2316/2316 1545/2319/2319 3205/2318/2318
f 3205/2318/2318 1545/2319/2319 1199/2320/2320 1546/2321/2321
f 1537/2304/2304 3205/2318/2318 1546/2321/2321 1195/2305/2305
f 1196/2310/2310 1547/2322/2322 3206/2323/2323 1541/2311/2311
f 1547/2322/2322 1200/2324/2324 1548/2325/2325 3206/2323/2323
f 3206/2323/2323 1548/2325/2325 1201/2326/2326 1549/2327/2327
f 1541/2311/2311 3206/2323/2323 1549/2327/2327 1197/2312/2312
f 1197/2312/2312 1549/2327/2327 3207/2328/2328 1543/2315/2315
f 1549/2327/2327 1201/2326/2326 1550/2329/2329 3207/2328/2328
f 3207/2328/2328 1550/2329/2329 1202/2330/2330 1551/2331/2331
f 1543/2315/2315 3207/2328/2328 1551/2331/2331 1198/2316/2316
f 1198/2316/2316 1551/2331/2331 3208/2332/2332 1545/2319/2319
f 1551/2331/2331 1202/2330/2330 1552/2333/2333 3208/2332/2332
f 3208/2332/2332 1552/2333/2333 1203/2334/2334 1553/2335/2335
f 1545/2319/2319 3208/2332/2332 1553/2335/2335 1199/2320/2320
f 1200/2324/2324 1554/2336/2336 3209/2337/2337 1548/2325/2325
f 1554/2336/2336 1176/2338/2338 1555/2339/2339 3209/2337/2337
f 3209/2337/2337 1555/2339/2339 1177/2340/2340 1556/2341/2341
f 1548/2325/2325 3209/2337/2337 1556/2341/2341 1201/2326/2326
f 1201/2326/2326 1556/2341/2341 3210/2342/2342 1550/2329/2329
f 1556/2341/2341 1177/2340/2340 1557/2343/2343 3210/2342/2342
f 3210/2342/2342 1557/2343/2343 1178/2344/2344 1558/2345/2345
f 1550/2329/2329 3210/2342/2342 1558/2345/2345 1202/2330/2330
f 1202/2330/2330 1558/2345/2345 3211/2346/2346 1552/2333/2333
f 1558/2345/2345 1178/2344/2344 1559/2347/2347 3211/2346/2346
f 3211/2346/2346 1559/2347/2347 1179/2348/2348 1560/2349/2349
f 1552/2333/2333 3211/2346/2346 1560/2349/2349 1203/2334/2334
f 1199/2320/2320 1561/2350/2350 3212/2351/2351 1546/2321/2321
f 1561/2350/2350 1187/2352/2352 1562/2353/2353 3212/2351/2351
f 3212/2351/2351 1562/2353/2353 1191/2307/2307 1538/2306/2306
f 1546/2321/2321 3212/2351/2351 1538/2306/2306 1195/2305/2305
f 1203/2334/2334 1563/2354/2354 3213/2355/2355 1553/2335/2335
f 1563/2354/2354 1185/2356/2356 1564/2357/2357 3213/2355/2355
f 3213/2355/2355 1564/2357/2357 1187/2352/2352 1561/2350/2350
f 1553/2335/2335 3213/2355/2355 1561/2350/2350 1199/2320/2320
f 1179/2348/2348 1565/2358/2358 3214/2359/2359 1560/2349/2349
f 1565/2358/2358 1183/2360/2360 1566/2361/2361 3214/2359/2359
f 3214/2359/2359 1566/2361/2361 1185/2356/2356 1563/2354/2354
f 1560/2349/2349 3214/2359/2359 1563/2354/2354 1203/2334/2334
f 1192/2291/2291 1530/2288/2288 3215/2362/2362 1540/2308/2308
f 1530/2288/2288 1188/2287/2287 1567/2363/2363 3215/2362/2362
f 3215/2362/2362 1567/2363/2363 1186/2364/2364 1568/2365/2365
f 1540/2308/2308 3215/2362/2362 1568/2365/2365 1196/2310/2310
f 1196/2310/2310 1568/2365/2365 3216/2366/2366 1547/2322/2322
f 1568/2365/2365 1186/2364/2364 1569/2367/2367 3216/2366/2366
f 3216/2366/2366 1569/2367/2367 1184/2368/2368 1570/2369/2369
f 1547/2322/2322 3216/2366/2366 1570/2369/2369 1200/2324/2324
f 1200/2324/2324 1570/2369/2369 3217/2370/2370 1554/2336/2336
f 1570/2369/2369 1184/2368/2368 1571/2371/2371 3217/2370/2370
f 3217/2370/2370 1571/2371/2371 1180/2372/2372 1572/2373/2373
f 1554/2336/2336 3217/2370/2370 1572/2373/2373 1176/2338/2338
f 840/941/941 2230/944/944 3218/2374/2374 1575/2375/2375
f 2230/944/944 860/3890/949 1573/3635/2376 3218/2374/2374
f 3218/2374/2374 1573/3635/2376 1236/3634/2377 1574/2378/2378
f 1575/2375/2375 3218/2374/2374 1574/2378/2378 1222/2379/2379
f 1222/2379/2379 1574/2378/2378 3219/2380/2380 1578/2381/2381
f 1574/2378/2378 1236/3634/2377 1576/2382/2382 3219/2380/2380
f 3219/2380/2380 1576/2382/2382 1223/2383/2383 1577/2384/2384
f 1578/2381/2381 3219/2380/2380 1577/2384/2384 1204/2385/2385
f 1236/3634/2377 1579/3633/2386 3220/2387/2387 1576/2382/2382
f 1579/3633/2386 1224/3632/2388 1580/2389/2389 3220/2387/2387
f 3220/2387/2387 1580/2389/2389 1210/2390/2390 1581/2391/2391
f 1576/2382/2382 3220/2387/2387 1581/2391/2391 1223/2383/2383
f 1224/3632/2388 1582/3631/2392 3221/2393/2393 1580/2389/2389
f 1582/3631/2392 1237/3630/2394 1583/2395/2395 3221/2393/2393
f 3221/2393/2393 1583/2395/2395 1225/2396/2396 1584/2397/2397
f 1580/2389/2389 3221/2393/2393 1584/2397/2397 1210/2390/2390
f 1237/3630/2394 1585/2398/2398 3222/2399/2399 1583/2395/2395
f 1585/2398/2398 1226/2400/2400 1586/2401/2401 3222/2399/2399
f 3222/2399/2399 1586/2401/2401 1205/2402/2402 1587/2403/2403
f 1583/2395/2395 3222/2399/2399 1587/2403/2403 1225/2396/2396
f 866/974/974 2245/977/977 3223/2404/2404 1589/3628/2405
f 2245/977/977 842/979/979 1588/2406/2406 3223/2404/2404
f 3223/2404/2404 1588/2406/2406 1226/2400/2400 1585/2398/2398
f 1589/3628/2405 3223/2404/2404 1585/2398/2398 1237/3630/2394
f 1226/2400/2400 1590/2407/2407 3224/2408/2408 1586/2401/2401
f 1251/2409/2409 1591/2410/2410 3224/2408/2408 1590/2407/2407
f 1252/2411/2411 1592/2412/2412 3224/2408/2408 1591/2410/2410
f 1227/2413/2413 1593/2414/2414 3224/2408/2408 1592/2412/2412
f 1205/2402/2402 1586/2401/2401 3224/2408/2408 1593/2414/2414
f 844/988/988 2253/991/991 3225/2415/2415 1596/2416/2416
f 2253/991/991 869/996/996 1594/2417/2417 3225/2415/2415
f 3225/2415/2415 1594/2417/2417 1238/2418/2418 1595/2419/2419
f 1596/2416/2416 3225/2415/2415 1595/2419/2419 1229/2420/2420
f 1229/2420/2420 1595/2419/2419 3226/2421/2421 1599/2422/2422
f 1595/2419/2419 1238/2418/2418 1597/2423/2423 3226/2421/2421
f 3226/2421/2421 1597/2423/2423 1230/2424/2424 1598/2425/2425
f 1599/2422/2422 3226/2421/2421 1598/2425/2425 1206/2426/2426
f 1238/2418/2418 1600/2427/2427 3227/2428/2428 1597/2423/2423
f 1600/2427/2427 1231/2429/2429 1601/2430/2430 3227/2428/2428
f 3227/2428/2428 1601/2430/2430 1208/2431/2431 1602/2432/2432
f 1597/2423/2423 3227/2428/2428 1602/2432/2432 1230/2424/2424
f 869/996/996 2261/1010/1010 3228/2433/2433 1594/2417/2417
f 2261/1010/1010 846/1012/1012 1603/2434/2434 3228/2433/2433
f 3228/2433/2433 1603/2434/2434 1231/2429/2429 1600/2427/2427
f 1594/2417/2417 3228/2433/2433 1600/2427/2427 1238/2418/2418
f 846/1012/1012 2264/1014/1014 3229/2435/2435 1603/2434/2434
f 2264/1014/1014 875/1018/1018 1604/2436/2436 3229/2435/2435
f 3229/2435/2435 1604/2436/2436 1239/2437/2437 1605/2438/2438
f 1603/2434/2434 3229/2435/2435 1605/2438/2438 1231/2429/2429
f 1231/2429/2429 1605/2438/2438 3230/2439/2439 1601/2430/2430
f 1605/2438/2438 1239/2437/2437 1606/2440/2440 3230/2439/2439
f 3230/2439/2439 1606/2440/2440 1232/2441/2441 1607/2442/2442
f 1601/2430/2430 3230/2439/2439 1607/2442/2442 1208/2431/2431
f 1239/2437/2437 1608/2443/2443 3231/2444/2444 1606/2440/2440
f 1608/2443/2443 1233/2445/2445 1609/2446/2446 3231/2444/2444
f 3231/2444/2444 1609/2446/2446 1207/2447/2447 1610/2448/2448
f 1606/2440/2440 3231/2444/2444 1610/2448/2448 1232/2441/2441
f 875/1018/1018 2271/1030/1030 3232/2449/2449 1604/2436/2436
f 2271/1030/1030 838/1032/1032 1611/2450/2450 3232/2449/2449
f 3232/2449/2449 1611/2450/2450 1233/2445/2445 1608/2443/2443
f 1604/2436/2436 3232/2449/2449 1608/2443/2443 1239/2437/2437
f 838/1032/1032 2274/1034/1034 3233/2451/2451 1611/2450/2450
f 2274/1034/1034 876/1038/1038 1612/2452/2452 3233/2451/2451
f 3233/2451/2451 1612/2452/2452 1240/2453/2453 1613/2454/2454
f 1611/2450/2450 3233/2451/2451 1613/2454/2454 1233/2445/2445
f 1233/2445/2445 1613/2454/2454 3234/2455/2455 1609/2446/2446
f 1613/2454/2454 1240/2453/2453 1614/2456/2456 3234/2455/2455
f 3234/2455/2455 1614/2456/2456 1234/2457/2457 1615/2458/2458
f 1609/2446/2446 3234/2455/2455 1615/2458/2458 1207/2447/2447
f 1240/2453/2453 1616/2459/2459 3235/2460/2460 1614/2456/2456
f 1616/2459/2459 1235/2461/2461 1617/2462/2462 3235/2460/2460
f 3235/2460/2460 1617/2462/2462 1209/2463/2463 1618/2464/2464
f 1614/2456/2456 3235/2460/2460 1618/2464/2464 1234/2457/2457
f 876/1038/1038 2281/1050/1050 3236/2465/2465 1612/2452/2452
f 2281/1050/1050 847/1052/1052 1619/2466/2466 3236/2465/2465
f 3236/2465/2465 1619/2466/2466 1235/2461/2461 1616/2459/2459
f 1612/2452/2452 3236/2465/2465 1616/2459/2459 1240/2453/2453
f 847/1052/1052 2284/1054/1054 3237/2467/2467 1619/2466/2466
f 2284/1054/1054 850/1058/1058 1620/2468/2468 3237/2467/2467
f 3237/2467/2467 1620/2468/2468 1241/2469/2469 1621/2470/2470
f 1619/2466/2466 3237/2467/2467 1621/2470/2470 1235/2461/2461
f 1235/2461/2461 1621/2470/2470 3238/2471/2471 1617/2462/2462
f 1621/2470/2470 1241/2469/2469 1622/2472/2472 3238/2471/2471
f 3238/2471/2471 1622/2472/2472 1213/2473/2473 1623/2474/2474
f 1617/2462/2462 3238/2471/2471 1623/2474/2474 1209/2463/2463
f 1241/2469/2469 1624/2475/2475 3239/2476/2476 1622/2472/2472
f 1624/2475/2475 1222/2379/2379 1578/2381/2381 3239/2476/2476
f 3239/2476/2476 1578/2381/2381 1204/2385/2385 1625/2477/2477
f 1622/2472/2472 3239/2476/2476 1625/2477/2477 1213/2473/2473
f 850/1058/1058 2289/1067/1067 3240/2478/2478 1620/2468/2468
f 2289/1067/1067 840/941/941 1575/2375/2375 3240/2478/2478
f 3240/2478/2478 1575/2375/2375 1222/2379/2379 1624/2475/2475
f 1620/2468/2468 3240/2478/2478 1624/2475/2475 1241/2469/2469
f 1204/2385/2385 1577/2384/2384 3241/2479/2479 1625/2477/2477
f 1577/2384/2384 1223/2383/2383 1626/2480/2480 3241/2479/2479
f 3241/2479/2479 1626/2480/2480 1242/2481/2481 1627/2482/2482
f 1625/2477/2477 3241/2479/2479 1627/2482/2482 1213/2473/2473
f 1213/2473/2473 1627/2482/2482 3242/2483/2483 1623/2474/2474
f 1627/2482/2482 1242/2481/2481 1628/2484/2484 3242/2483/2483
f 3242/2483/2483 1628/2484/2484 1214/2485/2485 1629/2486/2486
f 1623/2474/2474 3242/2483/2483 1629/2486/2486 1209/2463/2463
f 1242/2481/2481 1630/2487/2487 3243/2488/2488 1628/2484/2484
f 1630/2487/2487 1215/2489/2489 1631/2490/2490 3243/2488/2488
f 3243/2488/2488 1631/2490/2490 1212/2491/2491 1632/2492/2492
f 1628/2484/2484 3243/2488/2488 1632/2492/2492 1214/2485/2485
f 1223/2383/2383 1581/2391/2391 3244/2493/2493 1626/2480/2480
f 1581/2391/2391 1210/2390/2390 1633/2494/2494 3244/2493/2493
f 3244/2493/2493 1633/2494/2494 1215/2489/2489 1630/2487/2487
f 1626/2480/2480 3244/2493/2493 1630/2487/2487 1242/2481/2481
f 1209/2463/2463 1629/2486/2486 3245/2495/2495 1618/2464/2464
f 1629/2486/2486 1214/2485/2485 1634/2496/2496 3245/2495/2495
f 3245/2495/2495 1634/2496/2496 1243/2497/2497 1635/2498/2498
f 1618/2464/2464 3245/2495/2495 1635/2498/2498 1234/2457/2457
f 1234/2457/2457 1635/2498/2498 3246/2499/2499 1615/2458/2458
f 1635/2498/2498 1243/2497/2497 1636/2500/2500 3246/2499/2499
f 3246/2499/2499 1636/2500/2500 1232/2441/2441 1610/2448/2448
f 1615/2458/2458 3246/2499/2499 1610/2448/2448 1207/2447/2447
f 1244/2501/2501 1637/2502/2502 3247/2503/2503 1639/2504/2504
f 1637/2502/2502 1216/2505/2505 1638/2506/2506 3247/2503/2503
f 3247/2503/2503 1638/2506/2506 1206/2426/2426 1598/2425/2425
f 1639/2504/2504 3247/2503/2503 1598/2425/2425 1230/2424/2424
f 1217/2507/2507 1640/2508/2508 3248/2509/2509 1642/2510/2510
f 1640/2508/2508 1211/2511/2511 1641/2512/2512 3248/2509/2509
f 3248/2509/2509 1641/2512/2512 1216/2505/2505 1637/2502/2502
f 1642/2510/2510 3248/2509/2509 1637/2502/2502 1244/2501/2501
f 1210/2390/2390 1584/2397/2397 3249/2513/2513 1633/2494/2494
f 1584/2397/2397 1225/2396/2396 1643/2514/2514 3249/2513/2513
f 3249/2513/2513 1643/2514/2514 1245/2515/2515 1644/2516/2516
f 1633/2494/2494 3249/2513/2513 1644/2516/2516 1215/2489/2489
f 1215/2489/2489 1644/2516/2516 3250/2517/2517 1631/2490/2490
f 1644/2516/2516 1245/2515/2515 1645/2518/2518 3250/2517/2517
f 3250/2517/2517 1645/2518/2518 1217/2507/2507 1646/2519/2519
f 1631/2490/2490 3250/2517/2517 1646/2519/2519 1212/2491/2491
f 1245/2515/2515 1647/2520/2520 3251/2521/2521 1645/2518/2518
f 1647/2520/2520 1227/2413/2413 1648/2522/2522 3251/2521/2521
f 3251/2521/2521 1648/2522/2522 1211/2511/2511 1640/2508/2508
f 1645/2518/2518 3251/2521/2521 1640/2508/2508 1217/2507/2507
f 1225/2396/2396 1587/2403/2403 3252/2523/2523 1643/2514/2514
f 1587/2403/2403 1205/2402/2402 1593/2414/2414 3252/2523/2523
f 3252/2523/2523 1593/2414/2414 1227/2413/2413 1647/2520/2520
f 1643/2514/2514 3252/2523/2523 1647/2520/2520 1245/2515/2515
f 845/1113/1113 1649/2524/2524 3253/2525/2525 1652/2526/2526
f 1649/2524/2524 1219/2527/2527 1650/2528/2528 3253/2525/2525
f 3253/2525/2525 1650/2528/2528 1246/2529/2529 1651/2530/2530
f 1652/2526/2526 3253/2525/2525 1651/2530/2530 1228/2531/2531
f 1228/2531/2531 1651/2530/2530 3254/2532/2532 1655/2533/2533
f 1651/2530/2530 1246/2529/2529 1653/2534/2534 3254/2532/2532
f 3254/2532/2532 1653/2534/2534 1218/2535/2535 1654/2536/2536
f 1655/2533/2533 3254/2532/2532 1654/2536/2536 1211/2511/2511
f 1246/2529/2529 1656/2537/2537 3255/2538/2538 1653/2534/2534
f 1653/2534/2534 3255/2538/2538 1657/2539/2539 1218/2535/2535
f 1219/2527/2527 1658/2540/2540 3256/2541/2541 1650/2528/2528
f 1650/2528/2528 3256/2541/2541 1656/2537/2537 1246/2529/2529
f 1211/2511/2511 1654/2536/2536 3257/2542/2542 1641/2512/2512
f 1654/2536/2536 1218/2535/2535 1659/2543/2543 3257/2542/2542
f 3257/2542/2542 1659/2543/2543 1247/2544/2544 1660/2545/2545
f 1641/2512/2512 3257/2542/2542 1660/2545/2545 1216/2505/2505
f 1216/2505/2505 1660/2545/2545 3258/2546/2546 1638/2506/2506
f 1660/2545/2545 1247/2544/2544 1661/2547/2547 3258/2546/2546
f 3258/2546/2546 1661/2547/2547 1220/2548/2548 1662/2549/2549
f 1638/2506/2506 3258/2546/2546 1662/2549/2549 1206/2426/2426
f 1247/2544/2544 1663/2550/2550 3259/2551/2551 1661/2547/2547
f 1661/2547/2547 3259/2551/2551 1664/2552/2552 1220/2548/2548
f 1218/2535/2535 1657/2539/2539 3260/2553/2553 1659/2543/2543
f 1659/2543/2543 3260/2553/2553 1663/2550/2550 1247/2544/2544
f 1206/2426/2426 1662/2549/2549 3261/2554/2554 1599/2422/2422
f 1662/2549/2549 1220/2548/2548 1665/2555/2555 3261/2554/2554
f 3261/2554/2554 1665/2555/2555 1248/2556/2556 1666/2557/2557
f 1599/2422/2422 3261/2554/2554 1666/2557/2557 1229/2420/2420
f 1229/2420/2420 1666/2557/2557 3262/2558/2558 1596/2416/2416
f 1666/2557/2557 1248/2556/2556 1667/2559/2559 3262/2558/2558
f 3262/2558/2558 1667/2559/2559 1221/2560/2560 1668/2561/2561
f 1596/2416/2416 3262/2558/2558 1668/2561/2561 844/988/988
f 1248/2556/2556 1669/2562/2562 3263/2563/2563 1667/2559/2559
f 1667/2559/2559 3263/2563/2563 1670/2564/2564 1221/2560/2560
f 1220/2548/2548 1664/2552/2552 3264/2565/2565 1665/2555/2555
f 1665/2555/2555 3264/2565/2565 1669/2562/2562 1248/2556/2556
f 844/988/988 1668/2561/2561 3265/2566/2566 2335/1156/1156
f 1668/2561/2561 1221/2560/2560 1671/2567/2567 3265/2566/2566
f 3265/2566/2566 1671/2567/2567 1249/2568/2568 1672/2569/2569
f 2335/1156/1156 3265/2566/2566 1672/2569/2569 859/1158/1158
f 859/1158/1158 1672/2569/2569 3266/2570/2570 2338/1162/1162
f 1672/2569/2569 1249/2568/2568 1673/2571/2571 3266/2570/2570
f 3266/2570/2570 1673/2571/2571 1219/2527/2527 1649/2524/2524
f 2338/1162/1162 3266/2570/2570 1649/2524/2524 845/1113/1113
f 1249/2568/2568 1674/2572/2572 3267/2573/2573 1673/2571/2571
f 1673/2571/2571 3267/2573/2573 1658/2540/2540 1219/2527/2527
f 1221/2560/2560 1670/2564/2564 3268/2574/2574 1671/2567/2567
f 1671/2567/2567 3268/2574/2574 1674/2572/2572 1249/2568/2568
f 1250/2575/2575 1675/2576/2576 3269/2577/2577 1676/2578/2578
f 1228/2531/2531 1655/2533/2533 3269/2577/2577 1675/2576/2576
f 1211/2511/2511 1648/2522/2522 3269/2577/2577 1655/2533/2533
f 1227/2413/2413 1592/2412/2412 3269/2577/2577 1648/2522/2522
f 1252/2411/2411 1676/2578/2578 3269/2577/2577 1592/2412/2412
f 842/979/979 2344/1173/1173 3270/2579/2579 1588/2406/2406
f 2344/1173/1173 894/1175/1175 1677/2580/2580 3270/2579/2579
f 3270/2579/2579 1677/2580/2580 1251/2409/2409 1590/2407/2407
f 1588/2406/2406 3270/2579/2579 1590/2407/2407 1226/2400/2400
f 961/1176/1176 2348/1179/1179 3271/2581/2581 1680/2582/2582
f 2348/1179/1179 963/1184/1184 1678/2583/2583 3271/2581/2581
f 3271/2581/2581 1678/2583/2583 1308/2584/2584 1679/2585/2585
f 1680/2582/2582 3271/2581/2581 1679/2585/2585 1307/2586/2586
f 1243/2497/2497 1681/2587/2587 3272/2588/2588 1636/2500/2500
f 1681/2587/2587 1255/2589/2589 1682/3904/2590 3272/2588/2588
f 3272/2588/2588 1682/3904/2590 1254/2591/2591 1683/2592/2592
f 1636/2500/2500 3272/2588/2588 1683/2592/2592 1232/2441/2441
f 1232/2441/2441 1683/2592/2592 3273/2593/2593 1607/2442/2442
f 1683/2592/2592 1254/2591/2591 1684/3906/2594 3273/2593/2593
f 3273/2593/2593 1684/3906/2594 1253/3892/2595 1685/2596/2596
f 1607/2442/2442 3273/2593/2593 1685/2596/2596 1208/2431/2431
f 1214/2485/2485 1686/2597/2597 3274/2598/2598 1634/2496/2496
f 1686/2597/2597 1256/2599/2599 1687/3902/2600 3274/2598/2598
f 3274/2598/2598 1687/3902/2600 1255/2589/2589 1681/2587/2587
f 1634/2496/2496 3274/2598/2598 1681/2587/2587 1243/2497/2497
f 1212/2491/2491 1688/2601/2601 3275/2602/2602 1632/2492/2492
f 1688/2601/2601 1257/2603/2603 1689/3900/2604 3275/2602/2602
f 3275/2602/2602 1689/3900/2604 1256/2599/2599 1686/2597/2597
f 1632/2492/2492 3275/2602/2602 1686/2597/2597 1214/2485/2485
f 1244/2501/2501 1690/2605/2605 3276/2606/2606 1642/2510/2510
f 1690/2605/2605 1259/2607/2607 1691/3896/2608 3276/2606/2606
f 3276/2606/2606 1691/3896/2608 1258/2609/2609 1692/2610/2610
f 1642/2510/2510 3276/2606/2606 1692/2610/2610 1217/2507/2507
f 1217/2507/2507 1692/2610/2610 3277/2611/2611 1646/2519/2519
f 1692/2610/2610 1258/2609/2609 1693/3898/2612 3277/2611/2611
f 3277/2611/2611 1693/3898/2612 1257/2603/2603 1688/2601/2601
f 1646/2519/2519 3277/2611/2611 1688/2601/2601 1212/2491/2491
f 1208/2431/2431 1685/2596/2596 3278/2613/2613 1602/2432/2432
f 1685/2596/2596 1253/3892/2595 1694/3891/2614 3278/2613/2613
f 3278/2613/2613 1694/3891/2614 1260/2615/2615 1695/2616/2616
f 1602/2432/2432 3278/2613/2613 1695/2616/2616 1230/2424/2424
f 1230/2424/2424 1695/2616/2616 3279/2617/2617 1639/2504/2504
f 1695/2616/2616 1260/2615/2615 1696/3894/2618 3279/2617/2617
f 3279/2617/2617 1696/3894/2618 1259/2607/2607 1690/2605/2605
f 1639/2504/2504 3279/2617/2617 1690/2605/2605 1244/2501/2501
f 1254/3905/2591 1697/2619/2619 3280/2620/2620 1684/2594/2594
f 1697/2619/2619 1177/2340/2340 1555/2339/2339 3280/2620/2620
f 3280/2620/2620 1555/2339/2339 1176/2338/2338 1698/2621/2621
f 1684/2594/2594 3280/2620/2620 1698/2621/2621 1253/2595/2595
f 1255/3903/2589 1699/2622/2622 3281/2623/2623 1682/2590/2590
f 1699/2622/2622 1178/2344/2344 1557/2343/2343 3281/2623/2623
f 3281/2623/2623 1557/2343/2343 1177/2340/2340 1697/2619/2619
f 1682/2590/2590 3281/2623/2623 1697/2619/2619 1254/3905/2591
f 1256/3901/2599 1700/2624/2624 3282/2625/2625 1687/2600/2600
f 1700/2624/2624 1179/2348/2348 1559/2347/2347 3282/2625/2625
f 3282/2625/2625 1559/2347/2347 1178/2344/2344 1699/2622/2622
f 1687/2600/2600 3282/2625/2625 1699/2622/2622 1255/3903/2589
f 1257/3899/2603 1701/2626/2626 3283/2627/2627 1689/2604/2604
f 1701/2626/2626 1183/2360/2360 1565/2358/2358 3283/2627/2627
f 3283/2627/2627 1565/2358/2358 1179/2348/2348 1700/2624/2624
f 1689/2604/2604 3283/2627/2627 1700/2624/2624 1256/3901/2599
f 1258/3897/2609 1702/2628/2628 3284/2629/2629 1693/2612/2612
f 1702/2628/2628 1182/2630/2630 1703/2631/2631 3284/2629/2629
f 3284/2629/2629 1703/2631/2631 1183/2360/2360 1701/2626/2626
f 1693/2612/2612 3284/2629/2629 1701/2626/2626 1257/3899/2603
f 1259/3895/2607 1704/2632/2632 3285/2633/2633 1691/2608/2608
f 1704/2632/2632 1181/2634/2634 1705/2635/2635 3285/2633/2633
f 3285/2633/2633 1705/2635/2635 1182/2630/2630 1702/2628/2628
f 1691/2608/2608 3285/2633/2633 1702/2628/2628 1258/3897/2609
f 1260/3893/2615 1706/2636/2636 3286/3973/2637 1696/2618/2618
f 1706/2636/2636 1180/2372/2372 1707/2638/2638 3286/3973/2637
f 3286/2637/2637 1707/3975/2638 1181/2634/2634 1704/2632/2632
f 1696/3971/2618 3286/2637/2637 1704/2632/2632 1259/3895/2607
f 1253/2595/2595 1698/2621/2621 3287/2639/2639 1694/2614/2614
f 1698/2621/2621 1176/2338/2338 1572/2373/2373 3287/2639/2639
f 3287/2639/2639 1572/2373/2373 1180/2372/2372 1706/2636/2636
f 1694/2614/2614 3287/2639/2639 1706/2636/2636 1260/3893/2615
f 1180/2372/2372 1708/2640/2640 3288/3978/2641 1707/2638/2638
f 1708/2640/2640 1261/3945/2642 1709/3946/2643 3288/3978/2641
f 3288/2641/2641 1709/3977/2643 1262/3943/2644 1710/2645/2645
f 1707/3975/2638 3288/2641/2641 1710/2645/2645 1181/2634/2634
f 1184/2368/2368 1711/2646/2646 3289/2647/2647 1571/2371/2371
f 1711/2646/2646 1263/3937/2648 1712/3944/2649 3289/2647/2647
f 3289/2647/2647 1712/3944/2649 1261/3945/2642 1708/2640/2640
f 1571/2371/2371 3289/2647/2647 1708/2640/2640 1180/2372/2372
f 1181/2634/2634 1710/2645/2645 3290/2650/2650 1705/2635/2635
f 1710/2645/2645 1262/3943/2644 1713/3942/2651 3290/2650/2650
f 3290/2650/2650 1713/3942/2651 1264/3941/2652 1714/2653/2653
f 1705/2635/2635 3290/2650/2650 1714/2653/2653 1182/2630/2630
f 1182/2630/2630 1714/2653/2653 3291/2654/2654 1703/2631/2631
f 1714/2653/2653 1264/3941/2652 1715/3940/2655 3291/2654/2654
f 3291/2654/2654 1715/3940/2655 1265/3939/2656 1716/2657/2657
f 1703/2631/2631 3291/2654/2654 1716/2657/2657 1183/2360/2360
f 1183/2360/2360 1716/2657/2657 3292/2658/2658 1566/2361/2361
f 1716/2657/2657 1265/3939/2656 1717/3938/2659 3292/2658/2658
f 3292/2658/2658 1717/3938/2659 1266/3935/2660 1718/2661/2661
f 1566/2361/2361 3292/2658/2658 1718/2661/2661 1185/2356/2356
f 1186/2364/2364 1719/2662/2662 3293/2663/2663 1569/2367/2367
f 1719/2662/2662 1267/3932/2664 1720/3936/2665 3293/2663/2663
f 3293/2663/2663 1720/3936/2665 1263/3937/2648 1711/2646/2646
f 1569/2367/2367 3293/2663/2663 1711/2646/2646 1184/2368/2368
f 1185/2356/2356 1718/2661/2661 3294/2666/2666 1564/2357/2357
f 1718/2661/2661 1266/3935/2660 1721/3934/2667 3294/2666/2666
f 3294/2666/2666 1721/3934/2667 1268/3927/2668 1722/2669/2669
f 1564/2357/2357 3294/2666/2666 1722/2669/2669 1187/2352/2352
f 1189/2295/2295 1723/2670/2670 3295/2671/2671 1533/2290/2290
f 1723/2670/2670 1269/3929/2672 1724/3933/2673 3295/2671/2671
f 3295/2671/2671 1724/3933/2673 1270/3931/2674 1725/2675/2675
f 1533/2290/2290 3295/2671/2671 1725/2675/2675 1188/2287/2287
f 1188/2287/2287 1725/2675/2675 3296/2676/2676 1567/2363/2363
f 1725/2675/2675 1270/3931/2674 1726/3930/2677 3296/2676/2676
f 3296/2676/2676 1726/3930/2677 1267/3932/2664 1719/2662/2662
f 1567/2363/2363 3296/2676/2676 1719/2662/2662 1186/2364/2364
f 1190/2301/2301 1727/2678/2678 3297/2679/2679 1536/2297/2297
f 1727/2678/2678 1271/3925/2680 1728/3928/2681 3297/2679/2679
f 3297/2679/2679 1728/3928/2681 1269/3929/2672 1723/2670/2670
f 1536/2297/2297 3297/2679/2679 1723/2670/2670 1189/2295/2295
f 1187/2352/2352 1722/2669/2669 3298/2682/2682 1562/2353/2353
f 1722/2669/2669 1268/3927/2668 1729/3926/2683 3298/2682/2682
f 3298/2682/2682 1729/3926/2683 1272/3924/2684 1730/2685/2685
f 1562/2353/2353 3298/2682/2682 1730/2685/2685 1191/2307/2307
f 1191/2307/2307 1730/2685/2685 3299/2686/2686 1539/2303/2303
f 1730/2685/2685 1272/3924/2684 1731/3923/2687 3299/2686/2686
f 3299/2686/2686 1731/3923/2687 1271/3925/2680 1727/2678/2678
f 1539/2303/2303 3299/2686/2686 1727/2678/2678 1190/2301/2301
f 1261/2642/2642 1732/2688/2688 3300/2689/2689 1709/2643/2643
f 1732/2688/2688 1273/2238/2238 1509/2241/2241 3300/2689/2689
f 3300/2689/2689 1509/2241/2241 1274/2246/2246 1733/2690/2690
f 1709/2643/2643 3300/2689/2689 1733/2690/2690 1262/2644/2644
f 1263/2648/2648 1734/2691/2691 3301/2692/2692 1712/2649/2649
f 1734/2691/2691 1276/2242/2242 1506/2239/2239 3301/2692/2692
f 3301/2692/2692 1506/2239/2239 1273/2238/2238 1732/2688/2688
f 1712/2649/2649 3301/2692/2692 1732/2688/2688 1261/2642/2642
f 1262/2644/2644 1733/2690/2690 3302/2693/2693 1713/2651/2651
f 1733/2690/2690 1274/2246/2246 1512/2248/2248 3302/2693/2693
f 3302/2693/2693 1512/2248/2248 1277/2252/2252 1735/2694/2694
f 1713/2651/2651 3302/2693/2693 1735/2694/2694 1264/2652/2652
f 1264/2652/2652 1735/2694/2694 3303/2695/2695 1715/2655/2655
f 1735/2694/2694 1277/2252/2252 1515/2254/2254 3303/2695/2695
f 3303/2695/2695 1515/2254/2254 1279/2258/2258 1736/2696/2696
f 1715/2655/2655 3303/2695/2695 1736/2696/2696 1265/2656/2656
f 1265/2656/2656 1736/2696/2696 3304/2697/2697 1717/2659/2659
f 1736/2696/2696 1279/2258/2258 1514/2257/2257 3304/2697/2697
f 3304/2697/2697 1514/2257/2257 1280/2256/2256 1737/2698/2698
f 1717/2659/2659 3304/2697/2697 1737/2698/2698 1266/2660/2660
f 1267/2664/2664 1738/2699/2699 3305/2700/2700 1720/2665/2665
f 1738/2699/2699 1282/2261/2261 1516/2259/2259 3305/2700/2700
f 3305/2700/2700 1516/2259/2259 1276/2242/2242 1734/2691/2691
f 1720/2665/2665 3305/2700/2700 1734/2691/2691 1263/2648/2648
f 1266/2660/2660 1737/2698/2698 3306/2701/2701 1721/2667/2667
f 1737/2698/2698 1280/2256/2256 1522/2272/2272 3306/2701/2701
f 3306/2701/2701 1522/2272/2272 1284/2271/2271 1739/2702/2702
f 1721/2667/2667 3306/2701/2701 1739/2702/2702 1268/2668/2668
f 1269/2672/2672 1740/2703/2703 3307/2704/2704 1724/2673/2673
f 1740/2703/2703 1285/2277/2277 1524/2276/2276 3307/2704/2704
f 3307/2704/2704 1524/2276/2276 1286/2275/2275 1741/2705/2705
f 1724/2673/2673 3307/2704/2704 1741/2705/2705 1270/2674/2674
f 1270/2674/2674 1741/2705/2705 3308/2706/2706 1726/2677/2677
f 1741/2705/2705 1286/2275/2275 1523/2273/2273 3308/2706/2706
f 3308/2706/2706 1523/2273/2273 1282/2261/2261 1738/2699/2699
f 1726/2677/2677 3308/2706/2706 1738/2699/2699 1267/2664/2664
f 1271/2680/2680 1742/2707/2707 3309/2708/2708 1728/2681/2681
f 1742/2707/2707 1287/2281/2281 1526/2280/2280 3309/2708/2708
f 3309/2708/2708 1526/2280/2280 1285/2277/2277 1740/2703/2703
f 1728/2681/2681 3309/2708/2708 1740/2703/2703 1269/2672/2672
f 1268/2668/2668 1739/2702/2702 3310/2709/2709 1729/2683/2683
f 1739/2702/2702 1284/2271/2271 1529/2286/2286 3310/2709/2709
f 3310/2709/2709 1529/2286/2286 1288/2285/2285 1743/2710/2710
f 1729/2683/2683 3310/2709/2709 1743/2710/2710 1272/2684/2684
f 1272/2684/2684 1743/2710/2710 3311/2711/2711 1731/2687/2687
f 1743/2710/2710 1288/2285/2285 1528/2284/2284 3311/2711/2711
f 3311/2711/2711 1528/2284/2284 1287/2281/2281 1742/2707/2707
f 1731/2687/2687 3311/2711/2711 1742/2707/2707 1271/2680/2680
f 1744/2712/2712 1290/2713/2713 1745/2714/2714 3312/2715/2715
f 3312/2715/2715 1745/2714/2714 1289/2716/2716 1746/2717/2717
f 1747/2718/2718 1291/2719/2719 1748/2720/2720 3313/2721/2721
f 3313/2721/2721 1748/2720/2720 1290/2713/2713 1744/2712/2712
f 1746/2717/2717 1289/2716/2716 1749/2722/2722 3314/2723/2723
f 3314/2723/2723 1749/2722/2722 1292/2724/2724 1750/2725/2725
f 1750/2725/2725 1292/2724/2724 1751/2726/2726 3315/2727/2727
f 3315/2727/2727 1751/2726/2726 1293/2728/2728 1752/2729/2729
f 1753/2730/2730 1295/2731/2731 1754/2732/2732 3316/2733/2733
f 3316/2733/2733 1754/2732/2732 1294/2734/2734 1755/2735/2735
f 1752/2729/2729 1293/2728/2728 1756/2736/2736 3317/2737/2737
f 3317/2737/2737 1756/2736/2736 1295/2731/2731 1753/2730/2730
f 1755/2735/2735 1294/2734/2734 1757/2738/2738 3318/2739/2739
f 3318/2739/2739 1757/2738/2738 1296/2740/2740 1758/2741/2741
f 1758/2741/2741 1296/2740/2740 1759/2742/2742 3319/2743/2743
f 3319/2743/2743 1759/2742/2742 1291/2719/2719 1747/2718/2718
f 893/1342/1342 2431/1345/1345 3320/2744/2744 1762/2745/2745
f 2431/1345/1345 943/1349/1349 1760/2746/2746 3320/2744/2744
f 3320/2744/2744 1760/2746/2746 1297/2747/2747 1761/2748/2748
f 1762/2745/2745 3320/2744/2744 1761/2748/2748 1250/2575/2575
f 1250/2575/2575 1761/2748/2748 3321/2749/2749 1675/2576/2576
f 1761/2748/2748 1297/2747/2747 1763/2750/2750 3321/2749/2749
f 3321/2749/2749 1763/2750/2750 1298/2751/2751 1764/2752/2752
f 1675/2576/2576 3321/2749/2749 1764/2752/2752 1228/2531/2531
f 1228/2531/2531 1764/2752/2752 3322/2753/2753 1652/2526/2526
f 1764/2752/2752 1298/2751/2751 1765/2754/2754 3322/2753/2753
f 3322/2753/2753 1765/2754/2754 945/1356/1356 2434/1355/1355
f 1652/2526/2526 3322/2753/2753 2434/1355/1355 845/1113/1113
f 943/1349/1349 2438/1359/1359 3323/2755/2755 1760/2746/2746
f 2438/1359/1359 975/1363/1363 1766/2756/2756 3323/2755/2755
f 3323/2755/2755 1766/2756/2756 1314/2757/2757 1767/2758/2758
f 1760/2746/2746 3323/2755/2755 1767/2758/2758 1297/2747/2747
f 1297/2747/2747 1767/2758/2758 3324/2759/2759 1763/2750/2750
f 1767/2758/2758 1314/2757/2757 1768/2760/2760 3324/2759/2759
f 3324/2759/2759 1768/2760/2760 1313/2761/2761 1769/2762/2762
f 1763/2750/2750 3324/2759/2759 1769/2762/2762 1298/2751/2751
f 1298/2751/2751 1769/2762/2762 3325/2763/2763 1765/2754/2754
f 1769/2762/2762 1313/2761/2761 1770/2764/2764 3325/2763/2763
f 3325/2763/2763 1770/2764/2764 972/1370/1370 2441/1369/1369
f 1765/2754/2754 3325/2763/2763 2441/1369/1369 945/1356/1356
f 1252/2411/2411 3537/2765/2765 3538/2766/2766 1676/2578/2578
f 1771/2767/2767 1305/2768/2768 1772/2769/2769 3326/2770/2770
f 3326/2770/2770 1772/2769/2769 1304/2771/2771 1773/2772/2772
f 1676/2578/2578 3538/2766/2766 3539/2773/2773 1250/2575/2575
f 1251/2409/2409 3535/2774/2774 3536/2775/2775 1591/2410/2410
f 1774/2776/2776 1306/2777/2777 1775/2778/2778 3327/2779/2779
f 3327/2779/2779 1775/2778/2778 1305/2768/2768 1771/2767/2767
f 1591/2410/2410 3536/2775/2775 3537/2765/2765 1252/2411/2411
f 894/1175/1175 3533/1388/1388 3534/2780/2780 1677/2580/2580
f 2449/1391/1391 959/1392/1392 1776/2781/2781 3328/2782/2782
f 3328/2782/2782 1776/2781/2781 1306/2777/2777 1774/2776/2776
f 1677/2580/2580 3534/2780/2780 3535/2774/2774 1251/2409/2409
f 1250/2575/2575 3539/2773/2773 3540/2783/2783 1762/2745/2745
f 1773/2772/2772 1304/2771/2771 1777/2784/2784 3329/2785/2785
f 3329/2785/2785 1777/2784/2784 955/1397/1397 2450/1396/1396
f 1762/2745/2745 3540/2783/2783 3541/1394/1394 893/1342/1342
f 1304/2771/2771 1778/2786/2786 3330/2787/2787 1777/2784/2784
f 1778/2786/2786 1302/2788/2788 1779/2789/2789 3330/2787/2787
f 3330/2787/2787 1779/2789/2789 954/1402/1402 2452/1401/1401
f 1777/2784/2784 3330/2787/2787 2452/1401/1401 955/1397/1397
f 1305/2768/2768 1780/2790/2790 3331/2791/2791 1772/2769/2769
f 1780/2790/2790 1301/2792/2792 1781/2793/2793 3331/2791/2791
f 3331/2791/2791 1781/2793/2793 1302/2788/2788 1778/2786/2786
f 1772/2769/2769 3331/2791/2791 1778/2786/2786 1304/2771/2771
f 1306/2777/2777 1782/2794/2794 3332/2795/2795 1775/2778/2778
f 1782/2794/2794 1303/2796/2796 1783/2797/2797 3332/2795/2795
f 3332/2795/2795 1783/2797/2797 1301/2792/2792 1780/2790/2790
f 1775/2778/2778 3332/2795/2795 1780/2790/2790 1305/2768/2768
f 959/1392/1392 2460/1414/1414 3333/2798/2798 1776/2781/2781
f 2460/1414/1414 953/1416/1416 1784/2799/2799 3333/2798/2798
f 3333/2798/2798 1784/2799/2799 1303/2796/2796 1782/2794/2794
f 1776/2781/2781 3333/2798/2798 1782/2794/2794 1306/2777/2777
f 947/1417/1417 2464/1420/1420 3334/2800/2800 1787/2801/2801
f 2464/1420/1420 971/1425/1425 1785/2802/2802 3334/2800/2800
f 3334/2800/2800 1785/2802/2802 1312/2803/2803 1786/2804/2804
f 1787/2801/2801 3334/2800/2800 1786/2804/2804 1299/2805/2805
f 1299/2805/2805 1786/2804/2804 3335/2806/2806 1790/2807/2807
f 1786/2804/2804 1312/2803/2803 1788/2808/2808 3335/2806/2806
f 3335/2806/2806 1788/2808/2808 1311/2809/2809 1789/2810/2810
f 1790/2807/2807 3335/2806/2806 1789/2810/2810 1300/2811/2811
f 1300/2811/2811 1789/2810/2810 3336/2812/2812 1792/2813/2813
f 1789/2810/2810 1311/2809/2809 1791/2814/2814 3336/2812/2812
f 3336/2812/2812 1791/2814/2814 968/1436/1436 2469/1435/1435
f 1792/2813/2813 3336/2812/2812 2469/1435/1435 949/1434/1434
f 1309/2815/2815 1793/2816/2816 3337/2817/2817 1794/2818/2818
f 1793/2816/2816 1300/2811/2811 1792/2813/2813 3337/2817/2817
f 3337/2817/2817 1792/2813/2813 949/1434/1434 2472/1443/1443
f 1794/2818/2818 3337/2817/2817 2472/1443/1443 964/1442/1442
f 1310/2819/2819 1795/2820/2820 3338/2821/2821 1796/2822/2822
f 1795/2820/2820 1299/2805/2805 1790/2807/2807 3338/2821/2821
f 3338/2821/2821 1790/2807/2807 1300/2811/2811 1793/2816/2816
f 1796/2822/2822 3338/2821/2821 1793/2816/2816 1309/2815/2815
f 967/1448/1448 2477/1451/1451 3339/2823/2823 1797/2824/2824
f 2477/1451/1451 947/1417/1417 1787/2801/2801 3339/2823/2823
f 3339/2823/2823 1787/2801/2801 1299/2805/2805 1795/2820/2820
f 1797/2824/2824 3339/2823/2823 1795/2820/2820 1310/2819/2819
f 1311/2809/2809 1798/2825/2825 3340/2826/2826 1791/2814/2814
f 1798/2825/2825 1308/2584/2584 1678/2583/2583 3340/2826/2826
f 3340/2826/2826 1678/2583/2583 963/1184/1184 2478/1454/1454
f 1791/2814/2814 3340/2826/2826 2478/1454/1454 968/1436/1436
f 1312/2803/2803 1799/2827/2827 3341/2828/2828 1788/2808/2808
f 1799/2827/2827 1307/2586/2586 1679/2585/2585 3341/2828/2828
f 3341/2828/2828 1679/2585/2585 1308/2584/2584 1798/2825/2825
f 1788/2808/2808 3341/2828/2828 1798/2825/2825 1311/2809/2809
f 971/1425/1425 2481/1458/1458 3342/2829/2829 1785/2802/2802
f 2481/1458/1458 961/1176/1176 1680/2582/2582 3342/2829/2829
f 3342/2829/2829 1680/2582/2582 1307/2586/2586 1799/2827/2827
f 1785/2802/2802 3342/2829/2829 1799/2827/2827 1312/2803/2803
f 1313/2761/2761 1800/2830/2830 3343/2831/2831 1770/2764/2764
f 1800/2830/2830 1309/2815/2815 1794/2818/2818 3343/2831/2831
f 3343/2831/2831 1794/2818/2818 964/1442/1442 2482/1461/1461
f 1770/2764/2764 3343/2831/2831 2482/1461/1461 972/1370/1370
f 1314/2757/2757 1801/2832/2832 3344/2833/2833 1768/2760/2760
f 1801/2832/2832 1310/2819/2819 1796/2822/2822 3344/2833/2833
f 3344/2833/2833 1796/2822/2822 1309/2815/2815 1800/2830/2830
f 1768/2760/2760 3344/2833/2833 1800/2830/2830 1313/2761/2761
f 975/1363/1363 2485/1465/1465 3345/2834/2834 1766/2756/2756
f 2485/1465/1465 967/1448/1448 1797/2824/2824 3345/2834/2834
f 3345/2834/2834 1797/2824/2824 1310/2819/2819 1801/2832/2832
f 1766/2756/2756 3345/2834/2834 1801/2832/2832 1314/2757/2757
f 1451/3685/2835 1802/3684/2836 3346/2837/2837 1805/2838/2838
f 1802/3684/2836 1452/3678/2839 1803/3737/2840 3346/2837/2837
f 3346/2837/2837 1803/3737/2840 1317/3727/2841 1804/2842/2842
f 1805/2838/2838 3346/2837/2837 1804/2842/2842 1315/2843/2843
f 1346/2844/2844 1806/2845/2845 3347/2846/2846 1809/2847/2847
f 1806/2845/2845 1349/3721/2848 1807/3719/2849 3347/2846/2846
f 3347/2846/2846 1807/3719/2849 1348/3720/2850 1808/2851/2851
f 1809/2847/2847 3347/2846/2846 1808/2851/2851 1347/2852/2852
f 1452/3708/2839 1810/3676/2853 3348/2854/2854 1803/2840/2840
f 1810/3676/2853 1319/2855/2855 1811/2856/2856 3348/2854/2854
f 3348/2854/2854 1811/2856/2856 1320/2857/2857 1812/2858/2858
f 1803/2840/2840 3348/2854/2854 1812/2858/2858 1317/2841/2841
f 1349/2848/2848 1813/2859/2859 3349/2860/2860 1807/2849/2849
f 1813/2859/2859 1351/2861/2861 1814/2862/2862 3349/2860/2860
f 3349/2860/2860 1814/2862/2862 1350/2863/2863 1815/2864/2864
f 1807/2849/2849 3349/2860/2860 1815/2864/2864 1348/2850/2850
f 1319/2855/2855 1816/3691/2865 3350/2866/2866 1811/2856/2856
f 1816/3691/2865 1454/3681/2867 1817/2868/2868 3350/2866/2866
f 3350/2866/2866 1817/2868/2868 1322/2869/2869 1818/2870/2870
f 1811/2856/2856 3350/2866/2866 1818/2870/2870 1320/2857/2857
f 1320/2857/2857 1818/2870/2870 3351/2871/2871 1821/2872/2872
f 1818/2870/2870 1322/2869/2869 1819/2873/2873 3351/2871/2871
f 3351/2871/2871 1819/2873/2873 1323/2874/2874 1820/2875/2875
f 1821/2872/2872 3351/2871/2871 1820/2875/2875 1321/2876/2876
f 1454/3681/2867 1822/3679/2877 3352/2878/2878 1817/2868/2868
f 1822/3679/2877 1453/2879/2879 1823/2880/2880 3352/2878/2878
f 3352/2878/2878 1823/2880/2880 1324/2881/2881 1824/2882/2882
f 1817/2868/2868 3352/2878/2878 1824/2882/2882 1322/2869/2869
f 1322/2869/2869 1824/2882/2882 3353/2883/2883 1819/2873/2873
f 1824/2882/2882 1324/2881/2881 1825/2884/2884 3353/2883/2883
f 3353/2883/2883 1825/2884/2884 1325/2885/2885 1826/2886/2886
f 1819/2873/2873 3353/2883/2883 1826/2886/2886 1323/2874/2874
f 1453/2879/2879 1827/3682/2887 3354/2888/2888 1823/2880/2880
f 1827/3682/2887 1450/2889/2889 1828/3735/2890 3354/2888/2888
f 3354/2888/2888 1828/3735/2890 1326/3734/2891 1829/2892/2892
f 1823/2880/2880 3354/2888/2888 1829/2892/2892 1324/2881/2881
f 1324/2881/2881 1829/2892/2892 3355/2893/2893 1825/2884/2884
f 1829/2892/2892 1326/3734/2891 1830/3733/2894 3355/2893/2893
f 3355/2893/2893 1830/3733/2894 1327/3732/2895 1831/2896/2896
f 1825/2884/2884 3355/2893/2893 1831/2896/2896 1325/2885/2885
f 1450/3736/2889 1832/3688/2897 3356/2898/2898 1828/2890/2890
f 1832/3688/2897 1448/2899/2899 1833/2900/2900 3356/2898/2898
f 3356/2898/2898 1833/2900/2900 1328/2901/2901 1834/2902/2902
f 1828/2890/2890 3356/2898/2898 1834/2902/2902 1326/2891/2891
f 1326/2891/2891 1834/2902/2902 3357/2903/2903 1830/2894/2894
f 1834/2902/2902 1328/2901/2901 1835/2904/2904 3357/2903/2903
f 3357/2903/2903 1835/2904/2904 1329/2905/2905 1836/2906/2906
f 1830/2894/2894 3357/2903/2903 1836/2906/2906 1327/2895/2895
f 1448/2899/2899 1837/3690/2907 3358/2908/2908 1833/2900/2900
f 1837/3690/2907 1449/3687/2909 1838/2910/2910 3358/2908/2908
f 3358/2908/2908 1838/2910/2910 1330/2911/2911 1839/2912/2912
f 1833/2900/2900 3358/2908/2908 1839/2912/2912 1328/2901/2901
f 1328/2901/2901 1839/2912/2912 3359/2913/2913 1835/2904/2904
f 1839/2912/2912 1330/2911/2911 1840/2914/2914 3359/2913/2913
f 3359/2913/2913 1840/2914/2914 1331/2915/2915 1841/2916/2916
f 1835/2904/2904 3359/2913/2913 1841/2916/2916 1329/2905/2905
f 1449/3687/2909 1842/3686/2917 3360/2918/2918 1838/2910/2910
f 1842/3686/2917 1451/3685/2835 1805/2838/2838 3360/2918/2918
f 3360/2918/2918 1805/2838/2838 1315/2843/2843 1843/2919/2919
f 1838/2910/2910 3360/2918/2918 1843/2919/2919 1330/2911/2911
f 1330/2911/2911 1843/2919/2919 3361/2920/2920 1840/2914/2914
f 1843/2919/2919 1315/2843/2843 1844/2921/2921 3361/2920/2920
f 3361/2920/2920 1844/2921/2921 1316/2922/2922 1845/2923/2923
f 1840/2914/2914 3361/2920/2920 1845/2923/2923 1331/2915/2915
f 1353/2924/2924 1846/2925/2925 3362/2926/2926 1849/2927/2927
f 1846/2925/2925 1355/3712/2928 1847/3715/2929 3362/2926/2926
f 3362/2926/2926 1847/3715/2929 1354/3716/2930 1848/2931/2931
f 1849/2927/2927 3362/2926/2926 1848/2931/2931 1352/2932/2932
f 1356/2933/2933 1850/2934/2934 3363/2935/2935 1852/2936/2936
f 1850/2934/2934 1357/3711/2937 1851/3710/2938 3363/2935/2935
f 3363/2935/2935 1851/3710/2938 1355/3712/2928 1846/2925/2925
f 1852/2936/2936 3363/2935/2935 1846/2925/2925 1353/2924/2924
f 1355/2928/2928 1853/2939/2939 3364/2940/2940 1847/2929/2929
f 1853/2939/2939 1359/2941/2941 1854/2942/2942 3364/2940/2940
f 3364/2940/2940 1854/2942/2942 1358/2943/2943 1855/2944/2944
f 1847/2929/2929 3364/2940/2940 1855/2944/2944 1354/2930/2930
f 1357/2937/2937 1856/2945/2945 3365/2946/2946 1851/2938/2938
f 1856/2945/2945 1360/2947/2947 1857/2948/2948 3365/2946/2946
f 3365/2946/2946 1857/2948/2948 1359/2941/2941 1853/2939/2939
f 1851/2938/2938 3365/2946/2946 1853/2939/2939 1355/2928/2928
f 1331/2915/2915 1858/2949/2949 3366/2950/2950 1841/2916/2916
f 1858/2949/2949 1333/2951/2951 1859/2952/2952 3366/2950/2950
f 3366/2950/2950 1859/2952/2952 1332/2953/2953 1860/2954/2954
f 1841/2916/2916 3366/2950/2950 1860/2954/2954 1329/2905/2905
f 1329/2905/2905 1860/2954/2954 3367/2955/2955 1836/2906/2906
f 1860/2954/2954 1332/2953/2953 1861/2956/2956 3367/2955/2955
f 3367/2955/2955 1861/2956/2956 1334/2957/2957 1862/3731/2958
f 1836/2906/2906 3367/2955/2955 1862/3731/2958 1327/2895/2895
f 1316/2922/2922 1863/2959/2959 3368/2960/2960 1845/2923/2923
f 1863/2959/2959 1335/2961/2961 1864/2962/2962 3368/2960/2960
f 3368/2960/2960 1864/2962/2962 1333/2951/2951 1858/2949/2949
f 1845/2923/2923 3368/2960/2960 1858/2949/2949 1331/2915/2915
f 1318/2963/2963 1865/3730/2964 3369/2965/2965 1867/2966/2966
f 1865/3730/2964 1336/3714/2967 1866/2968/2968 3369/2965/2965
f 3369/2965/2965 1866/2968/2968 1335/2961/2961 1863/2959/2959
f 1867/2966/2966 3369/2965/2965 1863/2959/2959 1316/2922/2922
f 1327/3732/2895 1862/2958/2958 3370/2969/2969 1831/2896/2896
f 1862/2958/2958 1334/3718/2957 1868/2970/2970 3370/2969/2969
f 3370/2969/2969 1868/2970/2970 1337/2971/2971 1869/2972/2972
f 1831/2896/2896 3370/2969/2969 1869/2972/2972 1325/2885/2885
f 1325/2885/2885 1869/2972/2972 3371/2973/2973 1826/2886/2886
f 1869/2972/2972 1337/2971/2971 1870/2974/2974 3371/2973/2973
f 3371/2973/2973 1870/2974/2974 1338/2975/2975 1871/2976/2976
f 1826/2886/2886 3371/2973/2973 1871/2976/2976 1323/2874/2874
f 1323/2874/2874 1871/2976/2976 3372/2977/2977 1820/2875/2875
f 1871/2976/2976 1338/2975/2975 1872/2978/2978 3372/2977/2977
f 3372/2977/2977 1872/2978/2978 1339/2979/2979 1873/2980/2980
f 1820/2875/2875 3372/2977/2977 1873/2980/2980 1321/2876/2876
f 1321/2876/2876 1873/2980/2980 3373/2981/2981 1875/2982/2982
f 1873/2980/2980 1339/2979/2979 1874/2983/2983 3373/2981/2981
f 3373/2981/2981 1874/2983/2983 1336/2967/2967 1865/2964/2964
f 1875/2982/2982 3373/2981/2981 1865/2964/2964 1318/3729/2963
f 1315/2843/2843 1876/2984/2984 3374/2985/2985 1844/2921/2921
f 1876/2984/2984 1340/2986/2986 1877/2987/2987 3374/2985/2985
f 3374/2985/2985 1877/2987/2987 1341/2988/2988 1878/2989/2989
f 1844/2921/2921 3374/2985/2985 1878/2989/2989 1316/2922/2922
f 1316/2922/2922 1878/2989/2989 3375/2990/2990 1867/2966/2966
f 1878/2989/2989 1341/2988/2988 1879/2991/2991 3375/2990/2990
f 3375/2990/2990 1879/2991/2991 1342/2992/2992 1880/3728/2993
f 1867/2966/2966 3375/2990/2990 1880/3728/2993 1318/2963/2963
f 1317/3727/2841 1881/3726/2994 3376/2995/2995 1804/2842/2842
f 1881/3726/2994 1343/3723/2996 1882/2997/2997 3376/2995/2995
f 3376/2995/2995 1882/2997/2997 1340/2986/2986 1876/2984/2984
f 1804/2842/2842 3376/2995/2995 1876/2984/2984 1315/2843/2843
f 1318/3729/2963 1880/2993/2993 3377/2998/2998 1875/2982/2982
f 1880/2993/2993 1342/3725/2992 1883/2999/2999 3377/2998/2998
f 3377/2998/2998 1883/2999/2999 1344/3000/3000 1884/3001/3001
f 1875/2982/2982 3377/2998/2998 1884/3001/3001 1321/2876/2876
f 1321/2876/2876 1884/3001/3001 3378/3002/3002 1821/2872/2872
f 1884/3001/3001 1344/3000/3000 1885/3003/3003 3378/3002/3002
f 3378/3002/3002 1885/3003/3003 1345/3004/3004 1886/3005/3005
f 1821/2872/2872 3378/3002/3002 1886/3005/3005 1320/2857/2857
f 1320/2857/2857 1886/3005/3005 3379/3006/3006 1812/2858/2858
f 1886/3005/3005 1345/3004/3004 1887/3007/3007 3379/3006/3006
f 3379/3006/3006 1887/3007/3007 1343/2996/2996 1881/2994/2994
f 1812/2858/2858 3379/3006/3006 1881/2994/2994 1317/2841/2841
f 1340/2986/2986 1888/3008/3008 3380/3009/3009 1877/2987/2987
f 1888/3008/3008 1346/2844/2844 1809/2847/2847 3380/3009/3009
f 3380/3009/3009 1809/2847/2847 1347/2852/2852 1889/3010/3010
f 1877/2987/2987 3380/3009/3009 1889/3010/3010 1341/2988/2988
f 1341/2988/2988 1889/3010/3010 3381/3011/3011 1879/2991/2991
f 1889/3010/3010 1347/2852/2852 1808/2851/2851 3381/3011/3011
f 3381/3011/3011 1808/2851/2851 1348/3720/2850 1890/3724/3012
f 1879/2991/2991 3381/3011/3011 1890/3724/3012 1342/2992/2992
f 1343/3723/2996 1891/3722/3013 3382/3014/3014 1882/2997/2997
f 1891/3722/3013 1349/3721/2848 1806/2845/2845 3382/3014/3014
f 3382/3014/3014 1806/2845/2845 1346/2844/2844 1888/3008/3008
f 1882/2997/2997 3382/3014/3014 1888/3008/3008 1340/2986/2986
f 1342/3725/2992 1890/3012/3012 3383/3015/3015 1883/2999/2999
f 1890/3012/3012 1348/2850/2850 1815/2864/2864 3383/3015/3015
f 3383/3015/3015 1815/2864/2864 1350/2863/2863 1892/3016/3016
f 1883/2999/2999 3383/3015/3015 1892/3016/3016 1344/3000/3000
f 1344/3000/3000 1892/3016/3016 3384/3017/3017 1885/3003/3003
f 1892/3016/3016 1350/2863/2863 1814/2862/2862 3384/3017/3017
f 3384/3017/3017 1814/2862/2862 1351/2861/2861 1893/3018/3018
f 1885/3003/3003 3384/3017/3017 1893/3018/3018 1345/3004/3004
f 1345/3004/3004 1893/3018/3018 3385/3019/3019 1887/3007/3007
f 1893/3018/3018 1351/2861/2861 1813/2859/2859 3385/3019/3019
f 3385/3019/3019 1813/2859/2859 1349/2848/2848 1891/3013/3013
f 1887/3007/3007 3385/3019/3019 1891/3013/3013 1343/2996/2996
f 1333/2951/2951 1894/3020/3020 3386/3021/3021 1859/2952/2952
f 1894/3020/3020 1353/2924/2924 1849/2927/2927 3386/3021/3021
f 3386/3021/3021 1849/2927/2927 1352/2932/2932 1895/3022/3022
f 1859/2952/2952 3386/3021/3021 1895/3022/3022 1332/2953/2953
f 1332/2953/2953 1895/3022/3022 3387/3023/3023 1861/2956/2956
f 1895/3022/3022 1352/2932/2932 1848/2931/2931 3387/3023/3023
f 3387/3023/3023 1848/2931/2931 1354/3716/2930 1896/3717/3024
f 1861/2956/2956 3387/3023/3023 1896/3717/3024 1334/2957/2957
f 1335/2961/2961 1897/3025/3025 3388/3026/3026 1864/2962/2962
f 1897/3025/3025 1356/2933/2933 1852/2936/2936 3388/3026/3026
f 3388/3026/3026 1852/2936/2936 1353/2924/2924 1894/3020/3020
f 1864/2962/2962 3388/3026/3026 1894/3020/3020 1333/2951/2951
f 1336/3714/2967 1898/3713/3027 3389/3028/3028 1866/2968/2968
f 1898/3713/3027 1357/3711/2937 1850/2934/2934 3389/3028/3028
f 3389/3028/3028 1850/2934/2934 1356/2933/2933 1897/3025/3025
f 1866/2968/2968 3389/3028/3028 1897/3025/3025 1335/2961/2961
f 1334/3718/2957 1896/3024/3024 3390/3029/3029 1868/2970/2970
f 1896/3024/3024 1354/2930/2930 1855/2944/2944 3390/3029/3029
f 3390/3029/3029 1855/2944/2944 1358/2943/2943 1899/3030/3030
f 1868/2970/2970 3390/3029/3029 1899/3030/3030 1337/2971/2971
f 1337/2971/2971 1899/3030/3030 3391/3031/3031 1870/2974/2974
f 1899/3030/3030 1358/2943/2943 1854/2942/2942 3391/3031/3031
f 3391/3031/3031 1854/2942/2942 1359/2941/2941 1900/3032/3032
f 1870/2974/2974 3391/3031/3031 1900/3032/3032 1338/2975/2975
f 1338/2975/2975 1900/3032/3032 3392/3033/3033 1872/2978/2978
f 1900/3032/3032 1359/2941/2941 1857/2948/2948 3392/3033/3033
f 3392/3033/3033 1857/2948/2948 1360/2947/2947 1901/3034/3034
f 1872/2978/2978 3392/3033/3033 1901/3034/3034 1339/2979/2979
f 1339/2979/2979 1901/3034/3034 3393/3035/3035 1874/2983/2983
f 1901/3034/3034 1360/2947/2947 1856/2945/2945 3393/3035/3035
f 3393/3035/3035 1856/2945/2945 1357/2937/2937 1898/3027/3027
f 1874/2983/2983 3393/3035/3035 1898/3027/3027 1336/2967/2967
f 1022/1667/1667 2589/1670/1670 3394/3036/3036 1904/3037/3037
f 2589/1670/1670 1148/1675/1675 1902/3038/3038 3394/3036/3036
f 3394/3036/3036 1902/3038/3038 1477/3039/3039 1903/3040/3040
f 1904/3037/3037 3394/3036/3036 1903/3040/3040 1361/3041/3041
f 1024/1676/1676 2593/1679/1679 3395/3042/3042 1907/3043/3043
f 2593/1679/1679 1026/1684/1684 1905/3044/3044 3395/3042/3042
f 3395/3042/3042 1905/3044/3044 1363/3045/3045 1906/3046/3046
f 1907/3043/3043 3395/3042/3042 1906/3046/3046 1362/3047/3047
f 1026/1684/1684 2596/1686/1686 3396/3048/3048 1905/3044/3044
f 2596/1686/1686 1028/1690/1690 1908/3049/3049 3396/3048/3048
f 3396/3048/3048 1908/3049/3049 1364/3050/3050 1909/3051/3051
f 1905/3044/3044 3396/3048/3048 1909/3051/3051 1363/3045/3045
f 1028/1690/1690 2598/1692/1692 3397/3052/3052 1908/3049/3049
f 2598/1692/1692 866/3629/974 1589/2405/2405 3397/3052/3052
f 3397/3052/3052 1589/2405/2405 1237/2394/2394 1910/3053/3053
f 1908/3049/3049 3397/3052/3052 1910/3053/3053 1364/3050/3050
f 860/949/949 2601/1695/1695 3398/3054/3054 1573/2376/2376
f 2601/1695/1695 1030/1699/1699 1911/3055/3055 3398/3054/3054
f 3398/3054/3054 1911/3055/3055 1365/3056/3056 1912/3057/3057
f 1573/2376/2376 3398/3054/3054 1912/3057/3057 1236/2377/2377
f 1030/1699/1699 2604/1701/1701 3399/3058/3058 1911/3055/3055
f 2604/1701/1701 1032/1705/1705 1913/3059/3059 3399/3058/3058
f 3399/3058/3058 1913/3059/3059 1366/3060/3060 1914/3061/3061
f 1911/3055/3055 3399/3058/3058 1914/3061/3061 1365/3056/3056
f 1032/1705/1705 2607/1707/1707 3400/3062/3062 1913/3059/3059
f 2607/1707/1707 1034/1711/1711 1915/3063/3063 3400/3062/3062
f 3400/3062/3062 1915/3063/3063 1367/3064/3064 1916/3065/3065
f 1913/3059/3059 3400/3062/3062 1916/3065/3065 1366/3060/3060
f 1036/1712/1712 1917/1715/1715 3401/3066/3066 1920/3067/3067
f 1917/1715/1715 1038/1720/1720 1918/3068/3068 3401/3066/3066
f 3401/3066/3066 1918/3068/3068 1369/3069/3069 1919/3070/3070
f 1920/3067/3067 3401/3066/3066 1919/3070/3070 1368/3071/3071
f 1038/1720/1720 2612/1722/1722 3402/3072/3072 1918/3068/3068
f 2612/1722/1722 1022/1667/1667 1904/3037/3037 3402/3072/3072
f 3402/3072/3072 1904/3037/3037 1361/3041/3041 1921/3073/3073
f 1918/3068/3068 3402/3072/3072 1921/3073/3073 1369/3069/3069
f 1372/3074/3074 1922/3075/3075 3403/3076/3076 1925/3077/3077
f 1922/3075/3075 1473/3078/3078 1923/3079/3079 3403/3076/3076
f 3403/3076/3076 1923/3079/3079 1472/3080/3080 1924/3081/3081
f 1925/3077/3077 3403/3076/3076 1924/3081/3081 1371/3082/3082
f 1375/3083/3083 1926/3084/3084 3404/3085/3085 1928/3086/3086
f 1926/3084/3084 1474/3087/3087 1927/3088/3088 3404/3085/3085
f 3404/3085/3085 1927/3088/3088 1473/3078/3078 1922/3075/3075
f 1928/3086/3086 3404/3085/3085 1922/3075/3075 1372/3074/3074
f 1374/3089/3089 1929/3090/3090 3405/3091/3091 1932/3092/3092
f 1929/3090/3090 1378/3093/3093 1930/3094/3094 3405/3091/3091
f 3405/3091/3091 1930/3094/3094 1377/3095/3095 1931/3096/3096
f 1932/3092/3092 3405/3091/3091 1931/3096/3096 1373/3097/3097
f 1376/3098/3098 1933/3099/3099 3406/3100/3100 1935/3101/3101
f 1933/3099/3099 1379/3102/3102 1934/3103/3103 3406/3100/3100
f 3406/3100/3100 1934/3103/3103 1378/3093/3093 1929/3090/3090
f 1935/3101/3101 3406/3100/3100 1929/3090/3090 1374/3089/3089
f 1393/3104/3104 1936/3105/3105 3407/3816/3106 1939/3107/3107
f 1936/3814/3105 1395/3108/3108 1937/3109/3109 3407/3106/3106
f 3407/3106/3106 1937/3109/3109 1394/3110/3110 1938/3111/3111
f 1939/3107/3107 3407/3816/3106 1938/3792/3111 1392/3112/3112
f 1368/3071/3071 1940/3113/3113 3408/3114/3114 1942/3115/3115
f 1940/3113/3113 1371/3082/3082 1924/3081/3081 3408/3114/3114
f 3408/3114/3114 1924/3081/3081 1472/3080/3080 1941/3116/3116
f 1942/3115/3115 3408/3114/3114 1941/3116/3116 1471/3117/3117
f 1396/3118/3118 1943/3119/3119 3409/3815/3120 1945/3121/3121
f 1943/3807/3119 1397/3122/3122 1944/3123/3123 3409/3120/3120
f 3409/3120/3120 1944/3123/3123 1395/3108/3108 1936/3814/3105
f 1945/3121/3121 3409/3815/3120 1936/3105/3105 1393/3104/3104
f 1476/3124/3124 1946/3125/3125 3410/3126/3126 1949/3127/3127
f 1946/3125/3125 1475/3128/3128 1947/3129/3129 3410/3126/3126
f 3410/3126/3126 1947/3129/3129 1428/3130/3130 1948/3131/3131
f 1949/3127/3127 3410/3126/3126 1948/3131/3131 1426/3132/3132
f 1367/3064/3064 1950/3133/3133 3411/3134/3134 1916/3065/3065
f 1950/3133/3133 1373/3097/3097 1931/3096/3096 3411/3134/3134
f 3411/3134/3134 1931/3096/3096 1377/3095/3095 1951/3135/3135
f 1916/3065/3065 3411/3134/3134 1951/3135/3135 1366/3060/3060
f 1366/3060/3060 1951/3135/3135 3412/3136/3136 1953/3137/3137
f 1951/3135/3135 1377/3095/3095 1930/3094/3094 3412/3136/3136
f 3412/3136/3136 1930/3094/3094 1378/3093/3093 1952/3138/3138
f 1953/3137/3137 3412/3136/3136 1952/3138/3138 1370/3139/3139
f 1370/3139/3139 1952/3138/3138 3413/3140/3140 1955/3141/3141
f 1952/3138/3138 1378/3093/3093 1934/3103/3103 3413/3140/3140
f 3413/3140/3140 1934/3103/3103 1379/3102/3102 1954/3142/3142
f 1955/3141/3141 3413/3140/3140 1954/3142/3142 1363/3045/3045
f 1430/3143/3143 1956/3144/3144 3414/3145/3145 1959/3146/3146
f 1956/3144/3144 1431/3147/3147 1957/3148/3148 3414/3145/3145
f 3414/3145/3145 1957/3148/3148 1429/3149/3149 1958/3150/3150
f 1959/3146/3146 3414/3145/3145 1958/3150/3150 1427/3151/3151
f 1369/3069/3069 1960/3152/3152 3415/3153/3153 1919/3070/3070
f 1960/3152/3152 1381/3154/3154 1961/3155/3155 3415/3153/3153
f 3415/3153/3153 1961/3155/3155 1380/3156/3156 1962/3157/3157
f 1919/3070/3070 3415/3153/3153 1962/3157/3157 1368/3071/3071
f 1368/3071/3071 1962/3157/3157 3416/3158/3158 1940/3113/3113
f 1962/3157/3157 1380/3156/3156 1963/3159/3159 3416/3158/3158
f 3416/3158/3158 1963/3159/3159 1382/3160/3160 1964/3161/3161
f 1940/3113/3113 3416/3158/3158 1964/3161/3161 1371/3082/3082
f 1371/3082/3082 1964/3161/3161 3417/3162/3162 1925/3077/3077
f 1964/3161/3161 1382/3160/3160 1965/3163/3163 3417/3162/3162
f 3417/3162/3162 1965/3163/3163 1383/3164/3164 1966/3165/3165
f 1925/3077/3077 3417/3162/3162 1966/3165/3165 1372/3074/3074
f 1361/3041/3041 1967/3166/3166 3418/3167/3167 1921/3073/3073
f 1967/3166/3166 1384/3168/3168 1968/3169/3169 3418/3167/3167
f 3418/3167/3167 1968/3169/3169 1381/3154/3154 1960/3152/3152
f 1921/3073/3073 3418/3167/3167 1960/3152/3152 1369/3069/3069
f 1372/3074/3074 1966/3165/3165 3419/3170/3170 1928/3086/3086
f 1966/3165/3165 1383/3164/3164 1969/3171/3171 3419/3170/3170
f 3419/3170/3170 1969/3171/3171 1385/3172/3172 1970/3173/3173
f 1928/3086/3086 3419/3170/3170 1970/3173/3173 1375/3083/3083
f 1375/3083/3083 1970/3173/3173 3420/3174/3174 1972/3175/3175
f 1970/3173/3173 1385/3172/3172 1971/3176/3176 3420/3174/3174
f 3420/3174/3174 1971/3176/3176 1384/3168/3168 1967/3166/3166
f 1972/3175/3175 3420/3174/3174 1967/3166/3166 1361/3041/3041
f 1381/3154/3154 1973/3177/3177 3421/3777/3178 1961/3155/3155
f 1973/3771/3177 1387/3179/3179 1974/3180/3180 3421/3178/3178
f 3421/3178/3178 1974/3180/3180 1386/3181/3181 1975/3182/3182
f 1961/3155/3155 3421/3777/3178 1975/3776/3182 1380/3156/3156
f 1380/3156/3156 1975/3776/3182 3422/3775/3183 1963/3159/3159
f 1975/3182/3182 1386/3181/3181 1976/3184/3184 3422/3813/3183
f 3422/3183/3183 1976/3795/3184 1388/3185/3185 1977/3186/3186
f 1963/3159/3159 3422/3775/3183 1977/3774/3186 1382/3160/3160
f 1382/3160/3160 1977/3774/3186 3423/3773/3187 1965/3163/3163
f 1977/3186/3186 1388/3185/3185 1978/3188/3188 3423/3187/3187
f 3423/3187/3187 1978/3188/3188 1389/3189/3189 1979/3190/3190
f 1965/3163/3163 3423/3773/3187 1979/3770/3190 1383/3164/3164
f 1384/3168/3168 1980/3191/3191 3424/3772/3192 1968/3169/3169
f 1980/3766/3191 1390/3193/3193 1981/3194/3194 3424/3192/3192
f 3424/3192/3192 1981/3194/3194 1387/3179/3179 1973/3771/3177
f 1968/3169/3169 3424/3772/3192 1973/3177/3177 1381/3154/3154
f 1383/3164/3164 1979/3770/3190 3425/3769/3195 1969/3171/3171
f 1979/3190/3190 1389/3189/3189 1982/3196/3196 3425/3195/3195
f 3425/3195/3195 1982/3196/3196 1391/3197/3197 1983/3198/3198
f 1969/3171/3171 3425/3769/3195 1983/3768/3198 1385/3172/3172
f 1385/3172/3172 1983/3768/3198 3426/3767/3199 1971/3176/3176
f 1983/3198/3198 1391/3197/3197 1984/3200/3200 3426/3812/3199
f 3426/3199/3199 1984/3809/3200 1390/3193/3193 1980/3766/3191
f 1971/3176/3176 3426/3767/3199 1980/3191/3191 1384/3168/3168
f 1387/3179/3179 1985/3201/3201 3427/3202/3202 1974/3180/3180
f 1985/3201/3201 1393/3104/3104 1939/3107/3107 3427/3202/3202
f 3427/3202/3202 1939/3107/3107 1392/3112/3112 1986/3203/3203
f 1974/3180/3180 3427/3202/3202 1986/3203/3203 1386/3181/3181
f 1422/3204/3204 1987/3205/3205 3428/3811/3206 1990/3793/3207
f 1987/3205/3205 1425/3208/3208 1988/3209/3209 3428/3811/3206
f 3428/3206/3206 1988/3790/3209 1424/3210/3210 1989/3211/3211
f 1990/3207/3207 3428/3206/3206 1989/3211/3211 1423/3212/3212
f 1388/3185/3185 1991/3213/3213 3429/3214/3214 1978/3188/3188
f 1991/3213/3213 1394/3110/3110 1937/3109/3109 3429/3214/3214
f 3429/3214/3214 1937/3109/3109 1395/3108/3108 1992/3215/3215
f 1978/3188/3188 3429/3214/3214 1992/3215/3215 1389/3189/3189
f 1399/3216/3216 1993/3217/3217 3430/3218/3218 1996/3219/3219
f 1993/3217/3217 1401/3220/3220 1994/3221/3221 3430/3218/3218
f 3430/3218/3218 1994/3221/3221 1400/3222/3222 1995/3223/3223
f 1996/3219/3219 3430/3218/3218 1995/3223/3223 1398/3224/3224
f 1402/3225/3225 1997/3226/3226 3431/3227/3227 2000/3228/3228
f 1997/3226/3226 1405/3229/3229 1998/3230/3230 3431/3227/3227
f 3431/3227/3227 1998/3230/3230 1404/3231/3231 1999/3232/3232
f 2000/3228/3228 3431/3227/3227 1999/3232/3232 1403/3233/3233
f 1403/3233/3233 1999/3232/3232 3432/3810/3234 2002/3799/3235
f 1999/3232/3232 1404/3231/3231 2001/3236/3236 3432/3810/3234
f 3432/3234/3234 2001/3796/3236 1401/3220/3220 1993/3217/3217
f 2002/3235/3235 3432/3234/3234 1993/3217/3217 1399/3216/3216
f 1390/3193/3193 2003/3237/3237 3433/3238/3238 1981/3194/3194
f 2003/3237/3237 1407/3239/3239 2004/3240/3240 3433/3238/3238
f 3433/3238/3238 2004/3240/3240 1406/3241/3241 2005/3242/3242
f 1981/3194/3194 3433/3238/3238 2005/3242/3242 1387/3179/3179
f 1387/3179/3179 2005/3242/3242 3434/3243/3243 1985/3201/3201
f 2005/3242/3242 1406/3241/3241 2006/3244/3244 3434/3243/3243
f 3434/3243/3243 2006/3244/3244 1413/3245/3245 2007/3246/3246
f 1985/3201/3201 3434/3243/3243 2007/3246/3246 1393/3104/3104
f 1393/3104/3104 2007/3246/3246 3435/3247/3247 1945/3121/3121
f 2007/3246/3246 1413/3245/3245 2008/3248/3248 3435/3247/3247
f 3435/3247/3247 2008/3248/3248 1412/3249/3249 2009/3250/3250
f 1945/3121/3121 3435/3247/3247 2009/3250/3250 1396/3118/3118
f 1389/3189/3189 2010/3251/3251 3436/3252/3252 1982/3196/3196
f 2010/3251/3251 1409/3253/3253 2011/3254/3254 3436/3252/3252
f 3436/3252/3252 2011/3254/3254 1408/3255/3255 2012/3256/3256
f 1982/3196/3196 3436/3252/3252 2012/3256/3256 1391/3197/3197
f 1397/3122/3122 2013/3257/3257 3437/3258/3258 1944/3123/3123
f 2013/3257/3257 1411/3259/3259 2014/3260/3260 3437/3258/3258
f 3437/3258/3258 2014/3260/3260 1410/3261/3261 2015/3262/3262
f 1944/3123/3123 3437/3258/3258 2015/3262/3262 1395/3108/3108
f 1395/3108/3108 2015/3262/3262 3438/3263/3263 1992/3215/3215
f 2015/3262/3262 1410/3261/3261 2016/3264/3264 3438/3263/3263
f 3438/3263/3263 2016/3264/3264 1409/3253/3253 2010/3251/3251
f 1992/3215/3215 3438/3263/3263 2010/3251/3251 1389/3189/3189
f 1391/3197/3197 2012/3256/3256 3439/3808/3265 1984/3200/3200
f 2012/3256/3256 1408/3255/3255 2017/3266/3266 3439/3808/3265
f 3439/3265/3265 2017/3805/3266 1407/3239/3239 2003/3237/3237
f 1984/3809/3200 3439/3265/3265 2003/3237/3237 1390/3193/3193
f 1396/3118/3118 2009/3250/3250 3440/3806/3267 1943/3119/3119
f 2009/3250/3250 1412/3249/3249 2018/3268/3268 3440/3806/3267
f 3440/3267/3267 2018/3803/3268 1411/3259/3259 2013/3257/3257
f 1943/3807/3119 3440/3267/3267 2013/3257/3257 1397/3122/3122
f 1407/3239/3239 2019/3269/3269 3441/3270/3270 2004/3240/3240
f 2019/3269/3269 1415/3271/3271 2020/3272/3272 3441/3270/3270
f 3441/3270/3270 2020/3272/3272 1414/3273/3273 2021/3274/3274
f 2004/3240/3240 3441/3270/3270 2021/3274/3274 1406/3241/3241
f 1408/3255/3255 2022/3275/3275 3442/3804/3276 2017/3266/3266
f 2022/3275/3275 1416/3277/3277 2023/3278/3278 3442/3804/3276
f 3442/3276/3276 2023/3801/3278 1415/3271/3271 2019/3269/3269
f 2017/3805/3266 3442/3276/3276 2019/3269/3269 1407/3239/3239
f 1409/3253/3253 2024/3279/3279 3443/3280/3280 2011/3254/3254
f 2024/3279/3279 1417/3281/3281 2025/3282/3282 3443/3280/3280
f 3443/3280/3280 2025/3282/3282 1416/3277/3277 2022/3275/3275
f 2011/3254/3254 3443/3280/3280 2022/3275/3275 1408/3255/3255
f 1410/3261/3261 2026/3283/3283 3444/3284/3284 2016/3264/3264
f 2026/3283/3283 1418/3285/3285 2027/3286/3286 3444/3284/3284
f 3444/3284/3284 2027/3286/3286 1417/3281/3281 2024/3279/3279
f 2016/3264/3264 3444/3284/3284 2024/3279/3279 1409/3253/3253
f 1411/3259/3259 2028/3287/3287 3445/3288/3288 2014/3260/3260
f 2028/3287/3287 1419/3289/3289 2029/3290/3290 3445/3288/3288
f 3445/3288/3288 2029/3290/3290 1418/3285/3285 2026/3283/3283
f 2014/3260/3260 3445/3288/3288 2026/3283/3283 1410/3261/3261
f 1412/3249/3249 2030/3291/3291 3446/3802/3292 2018/3268/3268
f 2030/3291/3291 1420/3293/3293 2031/3294/3294 3446/3802/3292
f 3446/3292/3292 2031/3798/3294 1419/3289/3289 2028/3287/3287
f 2018/3803/3268 3446/3292/3292 2028/3287/3287 1411/3259/3259
f 1413/3245/3245 2032/3295/3295 3447/3296/3296 2008/3248/3248
f 2032/3295/3295 1421/3297/3297 2033/3298/3298 3447/3296/3296
f 3447/3296/3296 2033/3298/3298 1420/3293/3293 2030/3291/3291
f 2008/3248/3248 3447/3296/3296 2030/3291/3291 1412/3249/3249
f 1406/3241/3241 2021/3274/3274 3448/3299/3299 2006/3244/3244
f 2021/3274/3274 1414/3273/3273 2034/3300/3300 3448/3299/3299
f 3448/3299/3299 2034/3300/3300 1421/3297/3297 2032/3295/3295
f 2006/3244/3244 3448/3299/3299 2032/3295/3295 1413/3245/3245
f 1415/3271/3271 2035/3301/3301 3449/3302/3302 2020/3272/3272
f 2035/3301/3301 1399/3216/3216 1996/3219/3219 3449/3302/3302
f 3449/3302/3302 1996/3219/3219 1398/3224/3224 2036/3303/3303
f 2020/3272/3272 3449/3302/3302 2036/3303/3303 1414/3273/3273
f 1416/3277/3277 2037/3304/3304 3450/3800/3305 2023/3278/3278
f 2037/3304/3304 1403/3233/3233 2002/3799/3235 3450/3800/3305
f 3450/3305/3305 2002/3235/3235 1399/3216/3216 2035/3301/3301
f 2023/3801/3278 3450/3305/3305 2035/3301/3301 1415/3271/3271
f 1417/3281/3281 2038/3306/3306 3451/3307/3307 2025/3282/3282
f 2038/3306/3306 1402/3225/3225 2000/3228/3228 3451/3307/3307
f 3451/3307/3307 2000/3228/3228 1403/3233/3233 2037/3304/3304
f 2025/3282/3282 3451/3307/3307 2037/3304/3304 1416/3277/3277
f 1418/3285/3285 2039/3308/3308 3452/3309/3309 2027/3286/3286
f 2039/3308/3308 1405/3229/3229 1997/3226/3226 3452/3309/3309
f 3452/3309/3309 1997/3226/3226 1402/3225/3225 2038/3306/3306
f 2027/3286/3286 3452/3309/3309 2038/3306/3306 1417/3281/3281
f 1419/3289/3289 2040/3310/3310 3453/3311/3311 2029/3290/3290
f 2040/3310/3310 1404/3231/3231 1998/3230/3230 3453/3311/3311
f 3453/3311/3311 1998/3230/3230 1405/3229/3229 2039/3308/3308
f 2029/3290/3290 3453/3311/3311 2039/3308/3308 1418/3285/3285
f 1420/3293/3293 2041/3312/3312 3454/3797/3313 2031/3294/3294
f 2041/3312/3312 1401/3220/3220 2001/3796/3236 3454/3797/3313
f 3454/3313/3313 2001/3236/3236 1404/3231/3231 2040/3310/3310
f 2031/3798/3294 3454/3313/3313 2040/3310/3310 1419/3289/3289
f 1421/3297/3297 2042/3314/3314 3455/3315/3315 2033/3298/3298
f 2042/3314/3314 1400/3222/3222 1994/3221/3221 3455/3315/3315
f 3455/3315/3315 1994/3221/3221 1401/3220/3220 2041/3312/3312
f 2033/3298/3298 3455/3315/3315 2041/3312/3312 1420/3293/3293
f 1414/3273/3273 2036/3303/3303 3456/3316/3316 2034/3300/3300
f 2036/3303/3303 1398/3224/3224 1995/3223/3223 3456/3316/3316
f 3456/3316/3316 1995/3223/3223 1400/3222/3222 2042/3314/3314
f 2034/3300/3300 3456/3316/3316 2042/3314/3314 1421/3297/3297
f 1386/3181/3181 2043/3317/3317 3457/3794/3318 1976/3184/3184
f 2043/3317/3317 1422/3204/3204 1990/3793/3207 3457/3794/3318
f 3457/3318/3318 1990/3207/3207 1423/3212/3212 2044/3319/3319
f 1976/3795/3184 3457/3318/3318 2044/3319/3319 1388/3185/3185
f 1388/3185/3185 2044/3319/3319 3458/3320/3320 1991/3213/3213
f 2044/3319/3319 1423/3212/3212 1989/3211/3211 3458/3320/3320
f 3458/3320/3320 1989/3211/3211 1424/3210/3210 2045/3321/3321
f 1991/3213/3213 3458/3320/3320 2045/3321/3321 1394/3110/3110
f 1394/3110/3110 2045/3321/3321 3459/3791/3322 1938/3111/3111
f 2045/3321/3321 1424/3210/3210 1988/3790/3209 3459/3791/3322
f 3459/3322/3322 1988/3209/3209 1425/3208/3208 2046/3323/3323
f 1938/3792/3111 3459/3322/3322 2046/3323/3323 1392/3112/3112
f 1392/3112/3112 2046/3323/3323 3460/3324/3324 1986/3203/3203
f 2046/3323/3323 1425/3208/3208 1987/3205/3205 3460/3324/3324
f 3460/3324/3324 1987/3205/3205 1422/3204/3204 2043/3317/3317
f 1986/3203/3203 3460/3324/3324 2043/3317/3317 1386/3181/3181
f 1477/3039/3039 2047/3325/3325 3461/3326/3326 1903/3040/3040
f 2047/3325/3325 1476/3124/3124 1949/3127/3127 3461/3326/3326
f 3461/3326/3326 1949/3127/3127 1426/3132/3132 2048/3327/3327
f 1903/3040/3040 3461/3326/3326 2048/3327/3327 1361/3041/3041
f 1361/3041/3041 2048/3327/3327 3462/3328/3328 1972/3175/3175
f 2048/3327/3327 1426/3132/3132 1948/3131/3131 3462/3328/3328
f 3462/3328/3328 1948/3131/3131 1428/3130/3130 2049/3329/3329
f 1972/3175/3175 3462/3328/3328 2049/3329/3329 1375/3083/3083
f 1375/3083/3083 2049/3329/3329 3463/3330/3330 1926/3084/3084
f 2049/3329/3329 1428/3130/3130 1947/3129/3129 3463/3330/3330
f 3463/3330/3330 1947/3129/3129 1475/3128/3128 2050/3331/3331
f 1926/3084/3084 3463/3330/3330 2050/3331/3331 1474/3087/3087
f 1363/3045/3045 2051/3332/3332 3464/3333/3333 1906/3046/3046
f 2051/3332/3332 1430/3143/3143 1959/3146/3146 3464/3333/3333
f 3464/3333/3333 1959/3146/3146 1427/3151/3151 2052/3334/3334
f 1906/3046/3046 3464/3333/3333 2052/3334/3334 1362/3047/3047
f 1376/3098/3098 2053/3335/3335 3465/3336/3336 1933/3099/3099
f 2053/3335/3335 1429/3149/3149 1957/3148/3148 3465/3336/3336
f 3465/3336/3336 1957/3148/3148 1431/3147/3147 2054/3337/3337
f 1933/3099/3099 3465/3336/3336 2054/3337/3337 1379/3102/3102
f 1379/3102/3102 2054/3337/3337 3466/3338/3338 1954/3142/3142
f 2054/3337/3337 1431/3147/3147 1956/3144/3144 3466/3338/3338
f 3466/3338/3338 1956/3144/3144 1430/3143/3143 2051/3332/3332
f 1954/3142/3142 3466/3338/3338 2051/3332/3332 1363/3045/3045
f 1370/3139/3139 2055/3339/3339 3467/3340/3340 1953/3137/3137
f 2055/3339/3339 1433/3341/3341 2056/3342/3342 3467/3340/3340
f 3467/3340/3340 2056/3342/3342 1432/3343/3343 2057/3344/3344
f 1953/3137/3137 3467/3340/3340 2057/3344/3344 1366/3060/3060
f 1366/3060/3060 2057/3344/3344 3468/3345/3345 1914/3061/3061
f 2057/3344/3344 1432/3343/3343 2058/3346/3346 3468/3345/3345
f 3468/3345/3345 2058/3346/3346 1434/3347/3347 2059/3348/3348
f 1914/3061/3061 3468/3345/3345 2059/3348/3348 1365/3056/3056
f 1363/3045/3045 2060/3349/3349 3469/3350/3350 1955/3141/3141
f 2060/3349/3349 1435/3351/3351 2061/3352/3352 3469/3350/3350
f 3469/3350/3350 2061/3352/3352 1433/3341/3341 2055/3339/3339
f 1955/3141/3141 3469/3350/3350 2055/3339/3339 1370/3139/3139
f 1364/3050/3050 2062/3353/3353 3470/3354/3354 1909/3051/3051
f 2062/3353/3353 1436/3355/3355 2063/3356/3356 3470/3354/3354
f 3470/3354/3354 2063/3356/3356 1435/3351/3351 2060/3349/3349
f 1909/3051/3051 3470/3354/3354 2060/3349/3349 1363/3045/3045
f 1365/3056/3056 2059/3348/3348 3471/3357/3357 1912/3057/3057
f 2059/3348/3348 1434/3347/3347 2064/3358/3358 3471/3357/3357
f 3471/3357/3357 2064/3358/3358 1437/3359/3359 2065/3360/3360
f 1912/3057/3057 3471/3357/3357 2065/3360/3360 1236/2377/2377
f 1236/2377/2377 2065/3360/3360 3472/3361/3361 1579/2386/2386
f 2065/3360/3360 1437/3359/3359 2066/3362/3362 3472/3361/3361
f 3472/3361/3361 2066/3362/3362 1438/3363/3363 2067/3364/3364
f 1579/2386/2386 3472/3361/3361 2067/3364/3364 1224/2388/2388
f 1224/2388/2388 2067/3364/3364 3473/3365/3365 1582/2392/2392
f 2067/3364/3364 1438/3363/3363 2068/3366/3366 3473/3365/3365
f 3473/3365/3365 2068/3366/3366 1439/3367/3367 2069/3368/3368
f 1582/2392/2392 3473/3365/3365 2069/3368/3368 1237/2394/2394
f 1237/2394/2394 2069/3368/3368 3474/3369/3369 1910/3053/3053
f 2069/3368/3368 1439/3367/3367 2070/3370/3370 3474/3369/3369
f 3474/3369/3369 2070/3370/3370 1436/3355/3355 2062/3353/3353
f 1910/3053/3053 3474/3369/3369 2062/3353/3353 1364/3050/3050
f 1433/3341/3341 2071/3371/3371 3475/3675/3372 2056/3342/3342
f 2071/3671/3371 1460/3985/3373 2072/3374/3374 3475/3372/3372
f 3475/3372/3372 2072/3374/3374 1459/3375/3375 2073/3376/3376
f 2056/3342/3342 3475/3675/3372 2073/3674/3376 1432/3343/3343
f 1432/3343/3343 2073/3674/3376 3476/3673/3377 2058/3346/3346
f 2073/3376/3376 1459/3375/3375 2074/3378/3378 3476/3377/3377
f 3476/3377/3377 2074/3378/3378 1458/3379/3379 2075/3380/3380
f 2058/3346/3346 3476/3673/3377 2075/3668/3380 1434/3347/3347
f 1435/3351/3351 2076/3381/3381 3477/3672/3382 2061/3352/3352
f 2076/3669/3381 1461/3383/3383 2077/3384/3384 3477/3382/3382
f 3477/3382/3382 2077/3384/3384 1460/3373/3373 2071/3988/3371
f 2061/3352/3352 3477/3672/3382 2071/3371/3371 1433/3341/3341
f 1436/3355/3355 2078/3385/3385 3478/3670/3386 2063/3356/3356
f 2078/3660/3385 1462/3387/3387 2079/3388/3388 3478/3386/3386
f 3478/3386/3386 2079/3388/3388 1461/3383/3383 2076/3669/3381
f 2063/3356/3356 3478/3670/3386 2076/3381/3381 1435/3351/3351
f 1434/3347/3347 2075/3668/3380 3479/3667/3389 2064/3358/3358
f 2075/3380/3380 1458/3379/3379 2080/3390/3390 3479/3389/3389
f 3479/3389/3389 2080/3390/3390 1457/3391/3391 2081/3392/3392
f 2064/3358/3358 3479/3667/3389 2081/3666/3392 1437/3359/3359
f 1437/3359/3359 2081/3666/3392 3480/3665/3393 2066/3362/3362
f 2081/3392/3392 1457/3391/3391 2082/3394/3394 3480/3393/3393
f 3480/3393/3393 2082/3394/3394 1456/3395/3395 2083/3396/3396
f 2066/3362/3362 3480/3665/3393 2083/3664/3396 1438/3363/3363
f 1438/3363/3363 2083/3664/3396 3481/3663/3397 2068/3366/3366
f 2083/3396/3396 1456/3395/3395 2084/3398/3398 3481/3397/3397
f 3481/3397/3397 2084/3398/3398 1455/3399/3399 2085/3400/3400
f 2068/3366/3366 3481/3663/3397 2085/3662/3400 1439/3367/3367
f 1439/3367/3367 2085/3662/3400 3482/3661/3401 2070/3370/3370
f 2085/3400/3400 1455/3399/3399 2086/3402/3402 3482/3401/3401
f 3482/3401/3401 2086/3402/3402 1462/3387/3387 2078/3660/3385
f 2070/3370/3370 3482/3661/3401 2078/3385/3385 1436/3355/3355
f 1441/3403/3403 2087/3986/3404 3483/3405/3405 2089/3406/3406
f 2087/3986/3404 1449/3987/2909 1837/2907/2907 3483/3405/3405
f 3483/3405/3405 1837/2907/2907 1448/3689/2899 2088/3407/3407
f 2089/3406/3406 3483/3405/3405 2088/3407/3407 1440/3408/3408
f 1440/3408/3408 2088/3407/3407 3484/3409/3409 2091/3410/3410
f 2088/3407/3407 1448/3689/2899 1832/2897/2897 3484/3409/3409
f 3484/3409/3409 1832/2897/2897 1450/3683/2889 2090/3411/3411
f 2091/3410/3410 3484/3409/3409 2090/3411/3411 1442/3412/3412
f 1443/3413/3413 2092/3414/3414 3485/3415/3415 2093/3416/3416
f 2092/3414/3414 1451/2835/2835 1842/2917/2917 3485/3415/3415
f 3485/3415/3415 1842/2917/2917 1449/2909/2909 2087/3404/3404
f 2093/3416/3416 3485/3415/3415 2087/3404/3404 1441/3982/3403
f 1444/3417/3417 2094/3418/3418 3486/3419/3419 2095/3420/3420
f 2094/3418/3418 1452/2839/2839 1802/2836/2836 3486/3419/3419
f 3486/3419/3419 1802/2836/2836 1451/2835/2835 2092/3414/3414
f 2095/3420/3420 3486/3419/3419 2092/3414/3414 1443/3413/3413
f 1442/3412/3412 2090/3411/3411 3487/3421/3421 2097/3422/3422
f 2090/3411/3411 1450/3683/2889 1827/2887/2887 3487/3421/3421
f 3487/3421/3421 1827/2887/2887 1453/3680/2879 2096/3423/3423
f 2097/3422/3422 3487/3421/3421 2096/3423/3423 1445/3424/3424
f 1445/3424/3424 2096/3423/3423 3488/3425/3425 2099/3426/3426
f 2096/3423/3423 1453/3680/2879 1822/2877/2877 3488/3425/3425
f 3488/3425/3425 1822/2877/2877 1454/2867/2867 2098/3427/3427
f 2099/3426/3426 3488/3425/3425 2098/3427/3427 1446/3428/3428
f 1446/3428/3428 2098/3427/3427 3489/3429/3429 2101/3430/3430
f 2098/3427/3427 1454/2867/2867 1816/2865/2865 3489/3429/3429
f 3489/3429/3429 1816/2865/2865 1319/3677/2855 2100/3431/3431
f 2101/3430/3430 3489/3429/3429 2100/3431/3431 1447/3432/3432
f 1447/3432/3432 2100/3431/3431 3490/3433/3433 2102/3434/3434
f 2100/3431/3431 1319/3677/2855 1810/2853/2853 3490/3433/3433
f 3490/3433/3433 1810/2853/2853 1452/2839/2839 2094/3418/3418
f 2102/3434/3434 3490/3433/3433 2094/3418/3418 1444/3417/3417
f 1456/3395/3395 2103/3435/3435 3491/3436/3436 2084/3398/3398
f 2103/3435/3435 1464/3437/3437 2104/3438/3438 3491/3436/3436
f 3491/3436/3436 2104/3438/3438 1463/3439/3439 2105/3440/3440
f 2084/3398/3398 3491/3436/3436 2105/3440/3440 1455/3399/3399
f 1457/3391/3391 2106/3441/3441 3492/3442/3442 2082/3394/3394
f 2106/3441/3441 1465/3443/3443 2107/3444/3444 3492/3442/3442
f 3492/3442/3442 2107/3444/3444 1464/3437/3437 2103/3435/3435
f 2082/3394/3394 3492/3442/3442 2103/3435/3435 1456/3395/3395
f 1458/3379/3379 2108/3445/3445 3493/3446/3446 2080/3390/3390
f 2108/3445/3445 1466/3447/3447 2109/3448/3448 3493/3446/3446
f 3493/3446/3446 2109/3448/3448 1465/3443/3443 2106/3441/3441
f 2080/3390/3390 3493/3446/3446 2106/3441/3441 1457/3391/3391
f 1459/3375/3375 2110/3449/3449 3494/3450/3450 2074/3378/3378
f 2110/3449/3449 1467/3451/3451 2111/3452/3452 3494/3450/3450
f 3494/3450/3450 2111/3452/3452 1466/3447/3447 2108/3445/3445
f 2074/3378/3378 3494/3450/3450 2108/3445/3445 1458/3379/3379
f 1460/3985/3373 2112/3984/3453 3495/3454/3454 2072/3374/3374
f 2112/3984/3453 1468/3983/3455 2113/3456/3456 3495/3454/3454
f 3495/3454/3454 2113/3456/3456 1467/3451/3451 2110/3449/3449
f 2072/3374/3374 3495/3454/3454 2110/3449/3449 1459/3375/3375
f 1461/3383/3383 2114/3457/3457 3496/3458/3458 2077/3384/3384
f 2114/3457/3457 1469/3459/3459 2115/3460/3460 3496/3458/3458
f 3496/3458/3458 2115/3460/3460 1468/3455/3455 2112/3453/3453
f 2077/3384/3384 3496/3458/3458 2112/3453/3453 1460/3373/3373
f 1462/3387/3387 2116/3461/3461 3497/3462/3462 2079/3388/3388
f 2116/3461/3461 1470/3463/3463 2117/3464/3464 3497/3462/3462
f 3497/3462/3462 2117/3464/3464 1469/3459/3459 2114/3457/3457
f 2079/3388/3388 3497/3462/3462 2114/3457/3457 1461/3383/3383
f 1455/3399/3399 2105/3440/3440 3498/3465/3465 2086/3402/3402
f 2105/3440/3440 1463/3439/3439 2118/3466/3466 3498/3465/3465
f 3498/3465/3465 2118/3466/3466 1470/3463/3463 2116/3461/3461
f 2086/3402/3402 3498/3465/3465 2116/3461/3461 1462/3387/3387
f 1464/3437/3437 2119/3467/3467 3499/3468/3468 2104/3438/3438
f 2119/3467/3467 1446/3428/3428 2101/3430/3430 3499/3468/3468
f 3499/3468/3468 2101/3430/3430 1447/3432/3432 2120/3469/3469
f 2104/3438/3438 3499/3468/3468 2120/3469/3469 1463/3439/3439
f 1465/3443/3443 2121/3470/3470 3500/3471/3471 2107/3444/3444
f 2121/3470/3470 1445/3424/3424 2099/3426/3426 3500/3471/3471
f 3500/3471/3471 2099/3426/3426 1446/3428/3428 2119/3467/3467
f 2107/3444/3444 3500/3471/3471 2119/3467/3467 1464/3437/3437
f 1466/3447/3447 2122/3472/3472 3501/3473/3473 2109/3448/3448
f 2122/3472/3472 1442/3412/3412 2097/3422/3422 3501/3473/3473
f 3501/3473/3473 2097/3422/3422 1445/3424/3424 2121/3470/3470
f 2109/3448/3448 3501/3473/3473 2121/3470/3470 1465/3443/3443
f 1467/3451/3451 2123/3474/3474 3502/3475/3475 2111/3452/3452
f 2123/3474/3474 1440/3408/3408 2091/3410/3410 3502/3475/3475
f 3502/3475/3475 2091/3410/3410 1442/3412/3412 2122/3472/3472
f 2111/3452/3452 3502/3475/3475 2122/3472/3472 1466/3447/3447
f 1468/3983/3455 2124/3981/3476 3503/3477/3477 2113/3456/3456
f 2124/3981/3476 1441/3403/3403 2089/3406/3406 3503/3477/3477
f 3503/3477/3477 2089/3406/3406 1440/3408/3408 2123/3474/3474
f 2113/3456/3456 3503/3477/3477 2123/3474/3474 1467/3451/3451
f 1469/3459/3459 2125/3478/3478 3504/3479/3479 2115/3460/3460
f 2125/3478/3478 1443/3413/3413 2093/3416/3416 3504/3479/3479
f 3504/3479/3479 2093/3416/3416 1441/3982/3403 2124/3476/3476
f 2115/3460/3460 3504/3479/3479 2124/3476/3476 1468/3455/3455
f 1470/3463/3463 2126/3480/3480 3505/3481/3481 2117/3464/3464
f 2126/3480/3480 1444/3417/3417 2095/3420/3420 3505/3481/3481
f 3505/3481/3481 2095/3420/3420 1443/3413/3413 2125/3478/3478
f 2117/3464/3464 3505/3481/3481 2125/3478/3478 1469/3459/3459
f 1463/3439/3439 2120/3469/3469 3506/3482/3482 2118/3466/3466
f 2120/3469/3469 1447/3432/3432 2102/3434/3434 3506/3482/3482
f 3506/3482/3482 2102/3434/3434 1444/3417/3417 2126/3480/3480
f 2118/3466/3466 3506/3482/3482 2126/3480/3480 1470/3463/3463
f 1472/3080/3080 2127/3483/3483 3507/3484/3484 1941/3116/3116
f 2127/3483/3483 1373/3097/3097 1950/3133/3133 3507/3484/3484
f 3507/3484/3484 1950/3133/3133 1367/3064/3064 2128/3485/3485
f 1941/3116/3116 3507/3484/3484 2128/3485/3485 1471/3117/3117
f 1473/3078/3078 2129/3486/3486 3508/3487/3487 1923/3079/3079
f 2129/3486/3486 1374/3089/3089 1932/3092/3092 3508/3487/3487
f 3508/3487/3487 1932/3092/3092 1373/3097/3097 2127/3483/3483
f 1923/3079/3079 3508/3487/3487 2127/3483/3483 1472/3080/3080
f 1474/3087/3087 2130/3488/3488 3509/3489/3489 1927/3088/3088
f 2130/3488/3488 1376/3098/3098 1935/3101/3101 3509/3489/3489
f 3509/3489/3489 1935/3101/3101 1374/3089/3089 2129/3486/3486
f 1927/3088/3088 3509/3489/3489 2129/3486/3486 1473/3078/3078
f 1475/3128/3128 2131/3490/3490 3510/3491/3491 2050/3331/3331
f 2131/3490/3490 1429/3149/3149 2053/3335/3335 3510/3491/3491
f 3510/3491/3491 2053/3335/3335 1376/3098/3098 2130/3488/3488
f 2050/3331/3331 3510/3491/3491 2130/3488/3488 1474/3087/3087
f 1427/3151/3151 1958/3150/3150 3511/3492/3492 2132/3493/3493
f 1958/3150/3150 1429/3149/3149 2131/3490/3490 3511/3492/3492
f 3511/3492/3492 2131/3490/3490 1475/3128/3128 1946/3125/3125
f 2132/3493/3493 3511/3492/3492 1946/3125/3125 1476/3124/3124
f 1362/3047/3047 2052/3334/3334 3512/3494/3494 2133/3495/3495
f 2052/3334/3334 1427/3151/3151 2132/3493/3493 3512/3494/3494
f 3512/3494/3494 2132/3493/3493 1476/3124/3124 2047/3325/3325
f 2133/3495/3495 3512/3494/3494 2047/3325/3325 1477/3039/3039
f 1148/1675/1675 2825/2147/2147 3513/3496/3496 1902/3038/3038
f 2825/2147/2147 1024/1676/1676 1907/3043/3043 3513/3496/3496
f 3513/3496/3496 1907/3043/3043 1362/3047/3047 2133/3495/3495
f 1902/3038/3038 3513/3496/3496 2133/3495/3495 1477/3039/3039
f 1034/1711/1711 2828/2149/2149 3514/3497/3497 1915/3063/3063
f 1149/3869/2153 2134/3847/3498 3514/3497/3497 2828/2149/2149
f 1478/3846/3499 2135/3500/3500 3514/3497/3497 2134/3847/3498
f 1471/3117/3117 2128/3485/3485 3514/3497/3497 2135/3500/3500
f 1367/3064/3064 1915/3063/3063 3514/3497/3497 2128/3485/3485
f 1150/2154/2154 2136/2157/2157 3515/3501/3501 2137/3844/3502
f 1036/1712/1712 1920/3067/3067 3515/3501/3501 2136/2157/2157
f 1368/3071/3071 1942/3115/3115 3515/3501/3501 1920/3067/3067
f 1471/3117/3117 2135/3500/3500 3515/3501/3501 1942/3115/3115
f 1478/3846/3499 2137/3844/3502 3515/3501/3501 2135/3500/3500
f 1478/3499/3499 2138/3503/3503 3516/3504/3504 2137/3502/3502
f 2138/3503/3503 1479/3505/3505 2139/3506/3506 3516/3504/3504
f 3516/3504/3504 2139/3506/3506 1160/2161/2161 2830/2160/2160
f 2137/3502/3502 3516/3504/3504 2830/2160/2160 1150/3852/2154
f 1479/3505/3505 2140/3507/3507 3517/3508/3508 2139/3506/3506
f 2140/3507/3507 1480/3509/3509 2141/3510/3510 3517/3508/3508
f 3517/3508/3508 2141/3510/3510 1161/2167/2167 2833/2166/2166
f 2139/3506/3506 3517/3508/3508 2833/2166/2166 1160/2161/2161
f 1480/3509/3509 2142/3511/3511 3518/3512/3512 2141/3510/3510
f 2142/3511/3511 1481/3513/3513 2143/3514/3514 3518/3512/3512
f 3518/3512/3512 2143/3514/3514 1162/2173/2173 2836/2172/2172
f 2141/3510/3510 3518/3512/3512 2836/2172/2172 1161/2167/2167
f 1481/3513/3513 2144/3515/3515 3519/3516/3516 2143/3514/3514
f 2144/3515/3515 1482/3517/3517 2145/3518/3518 3519/3516/3516
f 3519/3516/3516 2145/3518/3518 1163/2179/2179 2839/2178/2178
f 2143/3514/3514 3519/3516/3516 2839/2178/2178 1162/2173/2173
f 1482/3517/3517 2146/3519/3519 3520/3520/3520 2145/3518/3518
f 2146/3519/3519 1483/3521/3521 2147/3522/3522 3520/3520/3520
f 3520/3520/3520 2147/3522/3522 1164/2185/2185 2842/2184/2184
f 2145/3518/3518 3520/3520/3520 2842/2184/2184 1163/2179/2179
f 1483/3521/3521 2148/3523/3523 3521/3524/3524 2147/3522/3522
f 2148/3523/3523 1484/3525/3525 2149/3526/3526 3521/3524/3524
f 3521/3524/3524 2149/3526/3526 1165/2191/2191 2845/2190/2190
f 2147/3522/3522 3521/3524/3524 2845/2190/2190 1164/2185/2185
f 1484/3525/3525 2150/3527/3527 3522/3528/3528 2149/3526/3526
f 2150/3527/3527 1485/3529/3529 2151/3530/3530 3522/3528/3528
f 3522/3528/3528 2151/3530/3530 1166/2197/2197 2848/2196/2196
f 2149/3526/3526 3522/3528/3528 2848/2196/2196 1165/2191/2191
f 1485/3529/3529 2152/3531/3531 3523/3532/3532 2151/3530/3530
f 2152/3531/3531 1159/2205/2205 1488/2204/2204 3523/3532/3532
f 3523/3532/3532 1488/2204/2204 1167/2203/2203 1487/2202/2202
f 2151/3530/3530 3523/3532/3532 1487/2202/2202 1166/2197/2197
f 1149/2153/2153 1491/2207/2207 3524/3533/3533 2134/3498/3498
f 1491/2207/2207 1168/2209/2209 2153/3534/3534 3524/3533/3533
f 3524/3533/3533 2153/3534/3534 1479/3505/3505 2138/3503/3503
f 2134/3498/3498 3524/3533/3533 2138/3503/3503 1478/3499/3499
f 1168/2209/2209 1493/2211/2211 3525/3535/3535 2153/3534/3534
f 1493/2211/2211 1169/2213/2213 2154/3536/3536 3525/3535/3535
f 3525/3535/3535 2154/3536/3536 1480/3509/3509 2140/3507/3507
f 2153/3534/3534 3525/3535/3535 2140/3507/3507 1479/3505/3505
f 1169/2213/2213 1495/2215/2215 3526/3537/3537 2154/3536/3536
f 1495/2215/2215 1170/2217/2217 2155/3538/3538 3526/3537/3537
f 3526/3537/3537 2155/3538/3538 1481/3513/3513 2142/3511/3511
f 2154/3536/3536 3526/3537/3537 2142/3511/3511 1480/3509/3509
f 1170/2217/2217 1497/2219/2219 3527/3539/3539 2155/3538/3538
f 1497/2219/2219 1171/2221/2221 2156/3540/3540 3527/3539/3539
f 3527/3539/3539 2156/3540/3540 1482/3517/3517 2144/3515/3515
f 2155/3538/3538 3527/3539/3539 2144/3515/3515 1481/3513/3513
f 1171/2221/2221 1499/2223/2223 3528/3541/3541 2156/3540/3540
f 1499/2223/2223 1172/2225/2225 2157/3542/3542 3528/3541/3541
f 3528/3541/3541 2157/3542/3542 1483/3521/3521 2146/3519/3519
f 2156/3540/3540 3528/3541/3541 2146/3519/3519 1482/3517/3517
f 1172/2225/2225 1501/2227/2227 3529/3543/3543 2157/3542/3542
f 1501/2227/2227 1173/2229/2229 2158/3544/3544 3529/3543/3543
f 3529/3543/3543 2158/3544/3544 1484/3525/3525 2148/3523/3523
f 2157/3542/3542 3529/3543/3543 2148/3523/3523 1483/3521/3521
f 1173/2229/2229 1503/2231/2231 3530/3545/3545 2158/3544/3544
f 1503/2231/2231 1174/2233/2233 2159/3546/3546 3530/3545/3545
f 3530/3545/3545 2159/3546/3546 1485/3529/3529 2150/3527/3527
f 2158/3544/3544 3530/3545/3545 2150/3527/3527 1484/3525/3525
f 1174/2233/2233 1505/2235/2235 3531/3547/3547 2159/3546/3546
f 1505/2235/2235 1175/2237/2237 1504/2236/2236 3531/3547/3547
f 3531/3547/3547 1504/2236/2236 1159/2205/2205 2152/3531/3531
f 2159/3546/3546 3531/3547/3547 2152/3531/3531 1485/3529/3529
f 3533/1388/1388 3532/1387/1387 3548/3548/3548 3549/3549/3549
f 3534/2780/2780 3533/1388/1388 3549/3549/3549 3550/3550/3550
f 3535/2774/2774 3534/2780/2780 3550/3550/3550 3551/3551/3551
f 3536/2775/2775 3535/2774/2774 3551/3551/3551 3552/3552/3552
f 3537/2765/2765 3536/2775/2775 3552/3552/3552 3553/3553/3553
f 3538/2766/2766 3537/2765/2765 3553/3553/3553 3554/3554/3554
f 3539/2773/2773 3538/2766/2766 3554/3554/3554 3555/3555/3555
f 3540/2783/2783 3539/2773/2773 3555/3555/3555 3556/3556/3556
f 3541/1394/1394 3540/2783/2783 3556/3556/3556 3557/3557/3557
f 3542/1393/1393 3541/1394/1394 3557/3557/3557 3558/3558/3558
f 3543/1374/1374 3542/1393/1393 3558/3558/3558 3559/3559/3559
f 3544/1372/1372 3543/1374/1374 3559/3559/3559 3560/3560/3560
f 3545/1373/1373 3544/1372/1372 3560/3560/3560 3561/3561/3561
f 3546/1381/1381 3545/1373/1373 3561/3561/3561 3562/3562/3562
f 3547/1382/1382 3546/1381/1381 3562/3562/3562 3563/3563/3563
f 3532/1387/1387 3547/1382/1382 3563/3563/3563 3548/3548/3548
f 3549/3549/3549 3548/3548/3548 2987/1389/1389 2449/1391/1391
f 3550/3550/3550 3549/3549/3549 2449/1391/1391 3328/2782/2782
f 3551/3551/3551 3550/3550/3550 3328/2782/2782 1774/2776/2776
f 3552/3552/3552 3551/3551/3551 1774/2776/2776 3327/2779/2779
f 3553/3553/3553 3552/3552/3552 3327/2779/2779 1771/2767/2767
f 3554/3554/3554 3553/3553/3553 1771/2767/2767 3326/2770/2770
f 3555/3555/3555 3554/3554/3554 3326/2770/2770 1773/2772/2772
f 3556/3556/3556 3555/3555/3555 1773/2772/2772 3329/2785/2785
f 3557/3557/3557 3556/3556/3556 3329/2785/2785 2450/1396/1396
f 3558/3558/3558 3557/3557/3557 2450/1396/1396 2988/1395/1395
f 3559/3559/3559 3558/3558/3558 2988/1395/1395 2443/1376/1376
f 3560/3560/3560 3559/3559/3559 2443/1376/1376 2985/1375/1375
f 3561/3561/3561 3560/3560/3560 2985/1375/1375 2445/1379/1379
f 3562/3562/3562 3561/3561/3561 2445/1379/1379 2986/1383/1383
f 3563/3563/3563 3562/3562/3562 2986/1383/1383 2447/1385/1385
f 3548/3548/3548 3563/3563/3563 2447/1385/1385 2987/1389/1389
f 3564/3564/3564 3565/3565/3565 3567/3566/3566 3566/3567/3567
f 3565/3565/3565 3564/3564/3564 3574/3568/3568 3575/3569/3569
f 3566/3567/3567 3567/3566/3566 3569/3570/3570 3568/3571/3571
f 3568/3571/3571 3569/3570/3570 3571/3572/3572 3570/3573/3573
f 3570/3573/3573 3571/3572/3574 3573/3574/3575 3572/3575/3576
f 3572/3575/3577 3573/3574/3578 3595/3576/3579 3594/3577/3580
f 3575/3569/3569 3574/3568/3568 3576/3578/3581 3577/3579/3582
f 3577/3579/3583 3576/3578/3584 3578/3580/3585 3579/3581/3586
f 3579/3581/3586 3578/3580/3585 3580/3582/3587 3581/3583/3588
f 3581/3583/3588 3580/3582/3587 3588/3584/3589 3589/3585/3590
f 3582/3586/3591 3583/3587/3592 3585/3588/3593 3584/3589/3594
f 3583/3587/3592 3582/3586/3591 3590/3590/3595 3591/3591/3596
f 3584/3589/3594 3585/3588/3593 3587/3592/3597 3586/3593/3598
f 3586/3593/3598 3587/3592/3597 3589/3585/3590 3588/3584/3589
f 3591/3591/3596 3590/3590/3595 3592/3594/3599 3593/3595/3600
f 3593/3595/3600 3592/3594/3599 3594/3577/3580 3595/3576/3579
f 3596/3596/3601 3597/3597/3602 3607/3598/3603 3606/3599/3604
f 3597/3597/3602 3596/3596/3601 3598/3600/3605 3599/3601/3606
f 3599/3601/3606 3598/3600/3605 3600/3602/3607 3601/3603/3608
f 3601/3603/3608 3600/3602/3607 3602/3604/3609 3603/3605/3610
f 3603/3605/3611 3602/3604/3609 3604/3606/3612 3605/3607/3613
f 3605/3607/3614 3604/3606/3615 3626/3608/3616 3627/3609/3617
f 3606/3599/3604 3607/3598/3603 3609/3610/3618 3608/3611/3619
f 3608/3611/3620 3609/3610/3621 3611/3612/3622 3610/3613/3623
f 3610/3613/3623 3611/3612/3622 3613/3614/3624 3612/3615/3625
f 3612/3615/3625 3613/3614/3624 3621/3616/3626 3620/3617/3627
f 3614/3618/3628 3615/3619/3629 3623/3620/3630 3622/3621/3631
f 3615/3619/3629 3614/3618/3628 3616/3622/3632 3617/3623/3633
f 3617/3623/3633 3616/3622/3632 3618/3624/3634 3619/3625/3635
f 3619/3625/3635 3618/3624/3634 3620/3617/3627 3621/3616/3626
f 3622/3621/3631 3623/3620/3630 3625/3626/3636 3624/3627/3637
f 3624/3627/3637 3625/3626/3636 3627/3609/3617 3626/3608/3616
f 2914/1127/3638 2320/1129/3639 3564/3564/3564 3566/3567/3567
f 2321/1128/3640 2914/1127/3638 3566/3567/3567 3568/3571/3571
f 2915/1130/3641 2321/1128/3640 3568/3571/3571 3570/3573/3573
f 2322/1131/3642 2915/1130/3641 3570/3573/3573 3572/3575/3576
f 2918/1140/3643 2327/1142/3644 3580/3582/3587 3578/3580/3585
f 2328/1141/3645 2918/1140/3643 3578/3580/3585 3576/3578/3584
f 2919/1143/3646 2328/1141/3647 3576/3578/3581 3574/3568/3568
f 2320/1129/3639 2919/1143/3646 3574/3568/3568 3564/3564/3564
f 2922/1152/1152 2333/1154/1154 3582/3586/3591 3584/3589/3594
f 2334/1153/3648 2922/1152/1152 3584/3589/3594 3586/3593/3598
f 2923/1155/3649 2334/1153/3648 3586/3593/3598 3588/3584/3589
f 2327/1142/3644 2923/1155/3649 3588/3584/3589 3580/3582/3587
f 2926/1165/3650 2322/1131/3651 3572/3575/3577 3594/3577/3580
f 2340/1166/3652 2926/1165/3650 3594/3577/3580 3592/3594/3599
f 2927/1167/1167 2340/1166/3652 3592/3594/3599 3590/3590/3653
f 2333/1154/1154 2927/1167/1167 3590/3590/3653 3582/3586/3591
f 3569/3570/3570 3567/3566/3566 2971/1310/1310 2414/1314/1314
f 3567/3566/3566 3565/3565/3565 2412/1311/1311 2971/1310/1310
f 3573/3574/3575 3571/3572/3574 2972/1316/1316 2416/1318/1318
f 3571/3572/3572 3569/3570/3570 2414/1314/1314 2972/1316/1316
f 3565/3565/3565 3575/3569/3569 2973/1320/1320 2412/1311/1311
f 3575/3569/3569 3577/3579/3582 2417/1321/1321 2973/1320/1320
f 3577/3579/3583 3579/3581/3586 2974/1324/1324 2417/1321/1321
f 3579/3581/3586 3581/3583/3588 2419/1325/1325 2974/1324/1324
f 3587/3592/3597 3585/3588/3593 2975/1328/1328 2423/1332/1332
f 3585/3588/3593 3583/3587/3592 2421/1329/1329 2975/1328/1328
f 3581/3583/3588 3589/3585/3590 2976/1334/1334 2419/1325/1325
f 3589/3585/3590 3587/3592/3597 2423/1332/1332 2976/1334/1334
f 3583/3587/3592 3591/3591/3596 2977/1336/1336 2421/1329/1329
f 3591/3591/3596 3593/3595/3600 2425/1337/1337 2977/1336/1336
f 3593/3595/3600 3595/3576/3579 2978/1340/1340 2425/1337/1337
f 3595/3576/3579 3573/3574/3578 2416/1318/1318 2978/1340/1340
f 1656/2537/3654 3600/3602/3607 3598/3600/3605 3255/2538/3655
f 3255/2538/3655 3598/3600/3605 3596/3596/3601 1657/2539/3656
f 1658/2540/3657 3604/3606/3612 3602/3604/3609 3256/2541/3658
f 3256/2541/3658 3602/3604/3609 3600/3602/3607 1656/2537/3654
f 1663/2550/3659 3608/3611/3620 3610/3613/3623 3259/2551/3660
f 3259/2551/3660 3610/3613/3623 3612/3615/3625 1664/2552/3661
f 1657/2539/3656 3596/3596/3601 3606/3599/3604 3260/2553/3662
f 3260/2553/3662 3606/3599/3604 3608/3611/3619 1663/2550/3663
f 1669/2562/3664 3618/3624/3634 3616/3622/3632 3263/2563/2563
f 3263/2563/2563 3616/3622/3632 3614/3618/3628 1670/2564/2564
f 1664/2552/3661 3612/3615/3625 3620/3617/3627 3264/2565/3665
f 3264/2565/3665 3620/3617/3627 3618/3624/3634 1669/2562/3664
f 1674/2572/3666 3624/3627/3637 3626/3608/3616 3267/2573/3667
f 3267/2573/3667 3626/3608/3616 3604/3606/3615 1658/2540/3668
f 1670/2564/2564 3614/3618/3628 3622/3621/3669 3268/2574/2574
f 3268/2574/2574 3622/3621/3669 3624/3627/3637 1674/2572/3666
f 3601/3603/3608 1744/2712/2712 3312/2715/2715 3599/3601/3606
f 3599/3601/3606 3312/2715/2715 1746/2717/2717 3597/3597/3602
f 3605/3607/3613 1747/2718/2718 3313/2721/2721 3603/3605/3611
f 3603/3605/3610 3313/2721/2721 1744/2712/2712 3601/3603/3608
f 3597/3597/3602 1746/2717/2717 3314/2723/2723 3607/3598/3603
f 3607/3598/3603 3314/2723/2723 1750/2725/2725 3609/3610/3618
f 3609/3610/3621 1750/2725/2725 3315/2727/2727 3611/3612/3622
f 3611/3612/3622 3315/2727/2727 1752/2729/2729 3613/3614/3624
f 3619/3625/3635 1753/2730/2730 3316/2733/2733 3617/3623/3633
f 3617/3623/3633 3316/2733/2733 1755/2735/2735 3615/3619/3629
f 3613/3614/3624 1752/2729/2729 3317/2737/2737 3621/3616/3626
f 3621/3616/3626 3317/2737/2737 1753/2730/2730 3619/3625/3635
f 3615/3619/3629 1755/2735/2735 3318/2739/2739 3623/3620/3630
f 3623/3620/3630 3318/2739/2739 1758/2741/2741 3625/3626/3636
f 3625/3626/3636 1758/2741/2741 3319/2743/2743 3627/3609/3617
f 3627/3609/3617 3319/2743/2743 1747/2718/2718 3605/3607/3614
